id,price,currency,rooms,area,floor,floors,hasRepair,isVipped,isFeatured,location,city,price_per_m2
6176591,310000,AZN,2,81.0,3,17,True,False,False,Gənclik,Bakı,3827.16
5897242,310000,AZN,3,119.0,2,15,True,False,False,Neftçilər,Bakı,2605.04
6480127,339000,AZN,3,85.0,5,20,True,True,False,Şah İsmayıl Xətai,Bakı,3988.24
6398388,690000,AZN,4,210.0,3,14,True,True,False,İçəri Şəhər,Bakı,3285.71
6417622,270000,AZN,3,77.0,4,17,True,False,False,İnşaatçılar,Bakı,3506.49
6455664,289000,AZN,3,100.0,6,20,True,True,False,20 Yanvar,Bakı,2890.0
6494896,240000,AZN,4,112.0,4,9,True,False,False,Əhmədli,Bakı,2142.86
6455968,230000,AZN,2,68.7,8,18,True,True,True,8 Noyabr,Bakı,3347.89
6459894,798000,AZN,4,183.0,6,17,True,True,False,Gənclik,Bakı,4360.66
6437248,303000,AZN,3,87.0,9,16,True,False,False,Qara Qarayev,Bakı,3482.76
6494893,293000,AZN,4,122.0,5,9,True,False,False,Bayıl,Bakı,2401.64
6371693,151000,AZN,2,55.0,4,5,True,False,False,İnşaatçılar,Bakı,2745.45
6209749,338000,AZN,3,107.0,9,17,True,False,False,Koroğlu,Bakı,3158.88
6494891,178000,AZN,3,70.0,1,9,True,False,False,Yeni Yasamal,Bakı,2542.86
6494890,285000,AZN,4,135.0,13,16,True,False,False,Həzi Aslanov,Bakı,2111.11
6391554,163000,AZN,3,80.0,2,4,True,False,False,Avtovağzal,Bakı,2037.5
6492216,167000,AZN,3,60.0,8,12,True,True,False,İnşaatçılar,Bakı,2783.33
6358627,490000,AZN,2,95.0,2,7,True,True,False,Ağ şəhər,Bakı,5157.89
6494889,191000,AZN,3,115.0,12,19,True,False,False,Bakıxanov,Bakı,1660.87
6203903,220000,AZN,3,88.0,4,5,True,False,False,İnşaatçılar,Bakı,2500.0
6466828,420000,AZN,4,120.0,7,10,True,True,False,Səbail,Bakı,3500.0
6246300,430000,AZN,4,137.0,10,15,True,True,False,Şah İsmayıl Xətai,Bakı,3138.69
5909818,259000,AZN,3,96.0,6,14,False,True,True,Nərimanov,Bakı,2697.92
6494888,310000,AZN,2,82.0,17,17,True,False,False,Nəsimi,Bakı,3780.49
6409461,300000,AZN,3,105.0,8,16,True,False,False,Qara Qarayev,Bakı,2857.14
6477850,150000,AZN,2,55.0,5,5,True,True,True,İnşaatçılar,Bakı,2727.27
6209748,219000,AZN,2,59.0,13,17,True,False,False,Koroğlu,Bakı,3711.86
6412026,299000,AZN,4,135.0,13,16,True,False,False,Həzi Aslanov,Bakı,2214.81
6395961,258000,AZN,3,105.0,12,15,True,False,False,Həzi Aslanov,Bakı,2457.14
6396767,1650000,AZN,4,220.0,8,20,False,False,False,Ağ şəhər,Bakı,7500.0
6442325,258000,AZN,2,85.0,16,18,True,False,False,Həzi Aslanov,Bakı,3035.29
6489581,255000,AZN,3,90.0,3,5,True,True,True,8-ci mikrorayon,Bakı,2833.33
6099766,309000,AZN,4,110.0,5,6,True,False,False,İçəri Şəhər,Bakı,2809.09
6452231,210000,AZN,3,90.0,6,9,True,False,False,20 Yanvar,Bakı,2333.33
6303325,465000,AZN,4,180.0,11,16,True,False,False,Nəriman Nərimanov,Bakı,2583.33
6483689,289000,AZN,3,95.0,5,17,True,False,False,Qara Qarayev,Bakı,3042.11
6430270,355000,AZN,5,130.0,3,9,True,False,False,Nəsimi,Bakı,2730.77
6369753,265000,AZN,3,101.0,1,17,True,False,False,İnşaatçılar,Bakı,2623.76
6332264,424000,AZN,3,120.0,13,15,True,False,False,Nəsimi,Bakı,3533.33
6428977,225000,AZN,3,90.0,4,5,True,False,False,Nəsimi,Bakı,2500.0
6340284,650000,AZN,3,138.0,15,17,True,False,False,Nizami,Bakı,4710.14
6363715,935000,AZN,2,95.0,17,25,True,True,False,Nəriman Nərimanov,Bakı,9842.11
5871177,160000,AZN,3,90.0,8,9,True,False,False,Yeni Günəşli,Bakı,1777.78
6487422,225000,AZN,2,74.0,13,17,True,True,False,Xalqlar Dostluğu,Bakı,3040.54
6465393,138000,AZN,2,50.0,4,9,True,False,False,Həzi Aslanov,Bakı,2760.0
6411734,250000,AZN,2,80.0,2,5,True,False,False,Bakıxanov,Bakı,3125.0
6448557,155000,AZN,2,55.0,5,9,True,False,False,Nəsimi,Bakı,2818.18
6441132,247000,AZN,2,85.0,15,17,True,False,False,Azadlıq Prospekti,Bakı,2905.88
6451062,185000,AZN,2,46.0,15,16,True,True,False,Qara Qarayev,Bakı,4021.74
6410036,270000,AZN,2,85.0,9,18,True,False,False,Nəriman Nərimanov,Bakı,3176.47
6474882,265000,AZN,2,75.0,8,17,True,False,False,İnşaatçılar,Bakı,3533.33
6491989,290000,AZN,3,100.0,12,18,True,False,False,7-ci mikrorayon,Bakı,2900.0
6472215,145000,AZN,2,60.0,5,9,True,False,False,Xətai,Bakı,2416.67
6482516,690000,AZN,3,279.0,16,16,True,True,False,Nəsimi,Bakı,2473.12
6410202,163000,AZN,2,60.0,6,9,True,False,False,Xətai,Bakı,2716.67
6453070,285000,AZN,5,125.0,1,5,True,False,False,Səbail,Bakı,2280.0
6462887,350000,AZN,3,100.0,16,19,True,False,False,8 Noyabr,Bakı,3500.0
6370874,169000,AZN,2,80.0,1,9,True,False,False,İnşaatçılar,Bakı,2112.5
6459652,520000,AZN,3,138.0,12,18,True,True,True,Nəsimi,Bakı,3768.12
6491585,267000,AZN,3,95.0,7,17,True,True,False,Neftçilər,Bakı,2810.53
6387334,275000,AZN,3,145.0,1,6,False,True,True,Xətai,Bakı,1896.55
6339524,164000,AZN,3,67.0,10,16,True,False,False,İnşaatçılar,Bakı,2447.76
6494882,285000,AZN,3,134.0,8,17,True,False,False,Memar Əcəmi,Bakı,2126.87
6311784,185000,AZN,2,65.0,5,5,True,False,False,Elmlər Akademiyası,Bakı,2846.15
6491995,285000,AZN,3,76.0,9,15,True,False,False,İnşaatçılar,Bakı,3750.0
6475390,245000,AZN,3,102.0,13,18,True,False,False,Nəsimi,Bakı,2401.96
6428869,165000,AZN,3,75.0,3,17,True,False,False,Yeni Günəşli,Bakı,2200.0
6350270,310000,AZN,3,133.0,3,18,True,False,False,Xalqlar Dostluğu,Bakı,2330.83
6456913,118000,AZN,1,40.0,2,5,True,True,True,8 Noyabr,Bakı,2950.0
6480284,420000,AZN,3,139.0,10,16,True,True,True,Neftçilər,Bakı,3021.58
6077713,213000,AZN,3,90.0,9,16,True,False,False,20 Yanvar,Bakı,2366.67
6468478,190000,AZN,2,65.0,13,14,True,False,False,Xalqlar Dostluğu,Bakı,2923.08
6385070,255000,AZN,3,80.0,7,9,True,False,False,Koroğlu,Bakı,3187.5
6366432,350000,AZN,3,135.0,12,14,True,True,True,8-ci mikrorayon,Bakı,2592.59
6461300,253000,AZN,2,103.8,5,9,False,True,True,Sea Breeze,Bakı,2437.38
6494878,500000,AZN,4,120.0,14,20,True,False,False,Şah İsmayıl Xətai,Bakı,4166.67
6414973,690000,AZN,4,152.0,4,11,True,True,False,28 May,Bakı,4539.47
6392581,298000,AZN,3,110.0,3,17,True,False,False,Elmlər Akademiyası,Bakı,2709.09
6479507,154000,AZN,2,47.0,2,10,True,False,False,Xalqlar Dostluğu,Bakı,3276.6
6433805,239275,AZN,1,56.3,3,7,False,True,True,Nardaran,Bakı,4250.0
6375758,330000,AZN,3,110.0,14,19,True,True,False,İnşaatçılar,Bakı,3000.0
5771629,300000,AZN,3,136.0,9,16,True,True,False,Memar Əcəmi,Bakı,2205.88
6255792,335000,AZN,3,150.0,4,24,False,True,True,Şah İsmayıl Xətai,Bakı,2233.33
6082787,229000,AZN,2,59.0,5,6,True,False,False,Nizami,Bakı,3881.36
6164080,263000,AZN,2,66.0,6,21,True,True,True,Şah İsmayıl Xətai,Bakı,3984.85
6360564,230000,AZN,2,100.0,5,6,False,False,False,Şıxov,Bakı,2300.0
6336500,285000,AZN,3,122.0,11,16,True,False,False,Yasamal,Bakı,2336.07
6432602,478000,AZN,3,133.0,12,16,False,True,False,28 May,Bakı,3593.98
6366294,245000,AZN,2,90.0,13,16,True,False,False,Binəqədi,Bakı,2722.22
5919361,1380000,AZN,5,224.0,11,16,True,True,False,İçəri Şəhər,Bakı,6160.71
5902061,255000,AZN,2,70.0,16,16,True,True,True,Şah İsmayıl Xətai,Bakı,3642.86
6459982,650000,AZN,4,220.0,3,14,True,True,False,28 May,Bakı,2954.55
6348929,489000,AZN,3,100.0,3,7,True,False,False,Şah İsmayıl Xətai,Bakı,4890.0
6473474,215000,AZN,4,110.0,5,5,True,False,False,Gənclik,Bakı,1954.55
6331868,170000,AZN,3,55.0,3,4,True,False,False,Gənclik,Bakı,3090.91
6485506,285000,AZN,3,122.0,11,12,True,False,False,Yeni Yasamal,Bakı,2336.07
6369142,530000,AZN,5,210.0,2,8,True,True,False,Nəsimi,Bakı,2523.81
6474492,420000,AZN,3,110.0,5,6,True,True,False,İçəri Şəhər,Bakı,3818.18
6485614,245000,AZN,2,90.0,13,16,True,False,False,Biləcəri,Bakı,2722.22
6354285,395000,AZN,4,169.0,9,15,False,False,False,Koroğlu,Bakı,2337.28
6400053,85500,AZN,2,57.0,11,16,False,True,False,Lökbatan,Bakı,1500.0
5459397,345000,AZN,3,110.0,2,18,True,False,False,Gənclik,Bakı,3136.36
6095562,425000,AZN,3,140.0,3,13,True,False,False,Nərimanov,Bakı,3035.71
6477033,385000,AZN,4,210.0,16,16,True,True,False,Nəriman Nərimanov,Bakı,1833.33
6475056,103000,AZN,2,50.0,3,4,True,False,False,Masazır,Bakı,2060.0
6494871,350000,AZN,4,128.0,21,22,False,False,False,Nizami,Bakı,2734.38
6448370,349000,AZN,3,105.0,12,15,True,False,False,Həzi Aslanov,Bakı,3323.81
6390195,242000,AZN,3,80.0,12,15,True,False,False,Həzi Aslanov,Bakı,3025.0
6494869,505000,AZN,4,212.0,13,22,False,False,False,28 May,Bakı,2382.08
6474913,147000,AZN,2,62.0,5,9,True,False,False,Həzi Aslanov,Bakı,2370.97
6396609,345000,AZN,3,105.0,9,15,True,False,False,Həzi Aslanov,Bakı,3285.71
5744959,112000,AZN,3,100.0,1,5,True,True,True,Mərdəkan,Bakı,1120.0
6370600,620000,AZN,4,190.0,10,12,True,True,False,Nəriman Nərimanov,Bakı,3263.16
6388212,368000,AZN,4,131.0,5,15,False,False,False,Nərimanov,Bakı,2809.16
6494865,230000,AZN,3,90.0,2,9,True,False,False,Nəsimi,Bakı,2555.56
6487831,340000,AZN,2,90.0,2,16,True,True,False,Nəriman Nərimanov,Bakı,3777.78
6494719,295000,AZN,3,82.0,7,17,True,False,False,Gənclik,Bakı,3597.56
6155211,315000,AZN,3,80.0,10,18,True,False,False,Nərimanov,Bakı,3937.5
6337435,490000,AZN,3,113.0,16,18,True,True,False,28 May,Bakı,4336.28
6487876,380000,AZN,2,100.0,2,16,True,True,False,Nəriman Nərimanov,Bakı,3800.0
6485882,205000,AZN,2,55.0,14,20,True,False,False,20 Yanvar,Bakı,3727.27
6487773,190000,AZN,2,50.0,15,16,True,True,False,Nəriman Nərimanov,Bakı,3800.0
5301180,79500,AZN,2,44.0,2,6,True,True,False,Masazır,Bakı,1806.82
6389050,200000,AZN,2,60.0,4,5,True,False,False,Nərimanov,Bakı,3333.33
6398099,330000,AZN,3,128.0,3,17,True,False,False,Həzi Aslanov,Bakı,2578.12
6224810,210000,AZN,2,65.0,19,20,False,True,True,Şah İsmayıl Xətai,Bakı,3230.77
6491576,225000,AZN,3,117.0,4,6,True,False,False,Köhnə Günəşli,Bakı,1923.08
6397975,355000,AZN,3,133.0,7,17,True,False,False,Həzi Aslanov,Bakı,2669.17
6262243,460000,AZN,3,130.0,3,3,True,True,False,İçəri Şəhər,Bakı,3538.46
6389240,215000,AZN,4,100.0,2,5,True,False,False,Həzi Aslanov,Bakı,2150.0
6028530,290000,AZN,2,75.0,15,17,True,True,True,Şah İsmayıl Xətai,Bakı,3866.67
5693622,337000,AZN,3,129.0,3,16,True,False,False,Səbail,Bakı,2612.4
6494861,250000,AZN,3,90.0,2,9,True,False,False,Neftçilər,Bakı,2777.78
6494860,646800,AZN,4,231.0,3,6,False,False,False,Nəsimi,Bakı,2800.0
5996834,590000,AZN,4,165.0,16,17,True,True,False,Nəriman Nərimanov,Bakı,3575.76
6463593,132000,AZN,3,240.0,23,23,False,True,True,Bakıxanov,Bakı,550.0
6460360,173900,AZN,3,77.3,9,14,False,False,False,Bakıxanov,Bakı,2249.68
6494855,171000,AZN,3,85.0,3,5,True,False,False,Memar Əcəmi,Bakı,2011.76
6400209,215000,AZN,3,85.0,5,5,True,False,False,8 Noyabr,Bakı,2529.41
6481621,219500,AZN,3,89.0,12,17,True,True,True,Avtovağzal,Bakı,2466.29
6493869,155000,AZN,2,50.0,8,10,True,False,False,Gənclik,Bakı,3100.0
6387391,155000,AZN,2,55.0,2,16,True,False,False,Nərimanov,Bakı,2818.18
6347543,190000,AZN,3,70.0,4,5,True,False,False,Qara Qarayev,Bakı,2714.29
5647914,555000,AZN,4,130.0,4,17,True,False,False,Nəriman Nərimanov,Bakı,4269.23
6403539,258000,AZN,3,115.0,2,11,True,False,False,Əhmədli,Bakı,2243.48
6480151,225000,AZN,4,100.0,1,9,True,False,False,Həzi Aslanov,Bakı,2250.0
6329118,162000,AZN,2,55.0,3,9,True,False,False,Nərimanov,Bakı,2945.45
6184444,200000,AZN,2,82.6,15,15,False,False,False,Nəriman Nərimanov,Bakı,2421.31
5916923,249000,AZN,4,105.0,10,17,True,False,False,Həzi Aslanov,Bakı,2371.43
6414950,295000,AZN,3,115.0,12,18,True,False,False,Yeni Yasamal,Bakı,2565.22
6316368,189000,AZN,2,70.0,4,5,True,False,False,Nəriman Nərimanov,Bakı,2700.0
6453148,199000,AZN,2,59.0,5,18,True,True,True,20 Yanvar,Bakı,3372.88
6494852,335000,AZN,4,130.0,13,19,True,False,False,Nəriman Nərimanov,Bakı,2576.92
6329113,236000,AZN,3,85.0,3,5,True,False,False,Nəriman Nərimanov,Bakı,2776.47
6316338,340000,AZN,2,111.0,12,13,True,False,False,Nəsimi,Bakı,3063.06
6494851,224000,AZN,3,75.0,4,5,True,False,False,Yasamal,Bakı,2986.67
6476653,162000,AZN,2,60.0,2,3,True,True,False,Sahil,Bakı,2700.0
6357130,199000,AZN,2,65.0,5,9,True,True,True,Gənclik,Bakı,3061.54
6131808,575000,AZN,3,127.0,5,12,True,True,True,Nəsimi,Bakı,4527.56
6492775,160000,AZN,2,65.0,5,9,True,True,False,Həzi Aslanov,Bakı,2461.54
6481414,270000,AZN,2,84.0,9,20,True,False,False,Nəriman Nərimanov,Bakı,3214.29
6494766,349000,AZN,3,105.0,11,15,True,True,True,Həzi Aslanov,Bakı,3323.81
6494848,520000,AZN,3,130.0,6,16,True,False,False,Nəriman Nərimanov,Bakı,4000.0
6403323,142000,AZN,2,66.0,5,9,True,False,False,Həzi Aslanov,Bakı,2151.52
6494847,160000,AZN,2,60.0,2,5,True,False,False,Bakıxanov,Bakı,2666.67
6349117,200000,AZN,3,80.0,2,5,True,False,False,Qara Qarayev,Bakı,2500.0
6494846,157000,AZN,2,62.0,9,12,True,False,False,Yeni Yasamal,Bakı,2532.26
6494844,198000,AZN,2,84.0,4,16,True,False,False,Avtovağzal,Bakı,2357.14
6494843,145000,AZN,3,56.0,2,3,True,False,False,Lökbatan,Bakı,2589.29
6075432,285000,AZN,2,89.0,10,17,True,False,False,Qara Qarayev,Bakı,3202.25
6332097,185000,AZN,2,46.0,15,17,True,False,False,Qara Qarayev,Bakı,4021.74
6153124,315000,AZN,4,185.0,14,18,False,False,False,Həzi Aslanov,Bakı,1702.7
6494841,205000,AZN,3,82.0,6,9,True,False,False,9-cu mikrorayon,Bakı,2500.0
6459342,234000,AZN,3,63.0,16,18,True,True,True,İnşaatçılar,Bakı,3714.29
5705564,560000,AZN,4,187.0,15,18,True,False,False,28 May,Bakı,2994.65
5758122,329000,AZN,5,120.0,7,9,True,False,False,Qara Qarayev,Bakı,2741.67
6494838,415000,AZN,2,118.0,17,17,True,False,False,Nərimanov,Bakı,3516.95
6447282,177900,AZN,2,53.0,15,19,True,False,False,Həzi Aslanov,Bakı,3356.6
5281948,360000,AZN,4,182.0,6,15,True,True,True,Avtovağzal,Bakı,1978.02
6183805,477000,AZN,3,159.0,5,16,False,False,False,Elmlər Akademiyası,Bakı,3000.0
6494836,690000,AZN,4,210.0,3,14,True,False,False,İçəri Şəhər,Bakı,3285.71
6486320,313000,AZN,3,93.0,14,17,True,False,False,Neftçilər,Bakı,3365.59
6494837,250000,AZN,2,70.0,5,17,True,False,False,Koroğlu,Bakı,3571.43
6199593,265000,AZN,3,110.0,20,20,True,False,False,Şah İsmayıl Xətai,Bakı,2409.09
6486334,250000,AZN,2,76.0,12,17,True,False,False,Neftçilər,Bakı,3289.47
6152062,1020000,AZN,3,205.0,6,22,True,False,False,28 May,Bakı,4975.61
6363169,287000,AZN,2,87.0,13,17,True,False,False,Qara Qarayev,Bakı,3298.85
6486363,210000,AZN,2,65.0,5,17,True,False,False,Qara Qarayev,Bakı,3230.77
6492124,240000,AZN,3,85.0,9,9,True,True,False,Nəsimi,Bakı,2823.53
6077679,259000,AZN,3,100.0,7,13,True,False,False,Qara Qarayev,Bakı,2590.0
6494834,210000,AZN,3,73.0,17,20,True,False,False,Memar Əcəmi,Bakı,2876.71
6421027,267000,AZN,3,80.0,8,14,True,False,False,Neftçilər,Bakı,3337.5
6465359,172000,AZN,2,50.0,3,5,True,False,False,Qara Qarayev,Bakı,3440.0
6395691,221000,AZN,3,95.0,12,18,True,False,False,Xalqlar Dostluğu,Bakı,2326.32
6369497,228000,AZN,3,85.0,12,16,True,False,False,Neftçilər,Bakı,2682.35
6487991,205000,AZN,2,71.5,15,17,False,False,False,Koroğlu,Bakı,2867.13
5970697,109000,AZN,2,65.0,4,5,False,True,False,Həzi Aslanov,Bakı,1676.92
6395010,395000,AZN,3,123.5,5,14,False,True,True,7-ci mikrorayon,Bakı,3198.38
6492661,418000,AZN,3,152.0,14,17,True,False,False,Qara Qarayev,Bakı,2750.0
6246543,385000,AZN,3,130.0,11,16,True,True,False,Şah İsmayıl Xətai,Bakı,2961.54
6494831,145000,AZN,3,55.0,5,5,True,False,False,Sabunçu,Bakı,2636.36
6491441,125000,AZN,2,45.0,4,5,True,False,False,Memar Əcəmi,Bakı,2777.78
5843866,79500,AZN,3,82.0,6,6,True,True,False,Masazır,Bakı,969.51
6392344,279000,AZN,2,100.0,6,18,True,False,False,Nəsimi,Bakı,2790.0
6368663,700000,AZN,4,240.0,9,16,True,True,False,28 May,Bakı,2916.67
6465446,205000,AZN,2,55.0,14,17,True,True,False,Dərnəgül,Bakı,3727.27
6494814,395000,AZN,3,105.0,18,19,True,True,True,Nəriman Nərimanov,Bakı,3761.9
6492730,228000,AZN,2,65.0,7,9,True,True,True,Nərimanov,Bakı,3507.69
6494829,249000,AZN,2,65.0,4,14,True,False,False,Nəriman Nərimanov,Bakı,3830.77
6494826,245000,AZN,3,120.0,13,20,True,False,False,Yeni Günəşli,Bakı,2041.67
6489125,204120,AZN,2,81.0,2,10,False,True,True,Yeni Yasamal,Bakı,2520.0
6494824,183000,AZN,2,68.0,9,11,True,False,False,Zığ,Bakı,2691.18
6492085,590000,AZN,4,220.0,5,21,True,True,False,Nərimanov,Bakı,2681.82
6489149,292404,AZN,3,118.0,4,12,False,True,True,Yeni Yasamal,Bakı,2478.0
6494823,230000,AZN,3,90.0,9,9,True,False,False,Azadlıq Prospekti,Bakı,2555.56
6491526,160000,AZN,2,62.0,1,9,True,True,False,Yeni Yasamal,Bakı,2580.65
6489077,159558,AZN,1,58.0,11,12,False,True,True,Yeni Yasamal,Bakı,2751.0
6494821,285000,AZN,3,105.0,16,17,True,False,False,Nəriman Nərimanov,Bakı,2714.29
6483076,260000,AZN,2,95.0,13,16,True,True,True,Qara Qarayev,Bakı,2736.84
6384158,486000,AZN,4,162.0,9,10,True,False,False,Elmlər Akademiyası,Bakı,3000.0
6370834,970000,AZN,5,245.0,8,8,False,True,False,Ağ şəhər,Bakı,3959.18
6494817,275000,AZN,3,104.0,2,17,True,False,False,20 Yanvar,Bakı,2644.23
6438220,245000,AZN,3,82.0,2,5,True,True,True,Nəriman Nərimanov,Bakı,2987.8
6294627,240000,AZN,3,90.0,5,9,True,False,False,Binəqədi,Bakı,2666.67
6329167,598000,AZN,3,135.0,3,8,False,True,False,Ağ şəhər,Bakı,4429.63
6494815,552000,AZN,4,185.0,12,17,True,False,False,28 May,Bakı,2983.78
6494761,520000,AZN,2,83.0,7,7,True,True,False,Ağ şəhər,Bakı,6265.06
6341939,264000,AZN,3,115.0,6,19,True,True,False,İnşaatçılar,Bakı,2295.65
5835417,305000,AZN,5,120.0,5,9,True,False,False,Azadlıq Prospekti,Bakı,2541.67
6478870,157000,AZN,2,60.0,4,14,True,True,False,Xalqlar Dostluğu,Bakı,2616.67
6358497,300000,AZN,2,118.0,5,13,True,False,False,28 May,Bakı,2542.37
6494811,140000,AZN,1,40.0,2,5,True,False,False,Nərimanov,Bakı,3500.0
6469224,130000,AZN,1,35.0,2,5,True,False,False,Nizami,Bakı,3714.29
6494810,260000,AZN,2,94.0,10,18,True,False,False,Elmlər Akademiyası,Bakı,2765.96
6126253,265000,AZN,3,106.0,8,18,True,False,False,Həzi Aslanov,Bakı,2500.0
6494809,170000,AZN,2,48.0,2,5,True,False,False,Neftçilər,Bakı,3541.67
6464366,363000,AZN,3,101.0,19,19,True,True,False,Şah İsmayıl Xətai,Bakı,3594.06
6008853,278000,AZN,2,90.0,3,14,True,False,False,Qara Qarayev,Bakı,3088.89
6054047,330000,AZN,3,115.0,2,14,True,False,False,Qara Qarayev,Bakı,2869.57
6431318,289000,AZN,2,75.0,17,21,True,False,False,Şah İsmayıl Xətai,Bakı,3853.33
6433118,285000,AZN,2,70.0,19,21,True,False,False,Şah İsmayıl Xətai,Bakı,4071.43
6473146,620000,AZN,3,136.0,11,18,False,False,False,Gənclik,Bakı,4558.82
6433138,285000,AZN,3,70.0,19,21,True,False,False,Şah İsmayıl Xətai,Bakı,4071.43
6494805,243000,AZN,3,90.0,8,9,True,False,False,Nərimanov,Bakı,2700.0
6465644,230000,AZN,3,90.0,12,16,True,False,False,Neftçilər,Bakı,2555.56
6100952,406100,AZN,3,131.0,6,7,False,True,False,Nəsimi,Bakı,3100.0
6431258,195000,AZN,2,55.0,3,16,False,False,False,Şah İsmayıl Xətai,Bakı,3545.45
6494803,195000,AZN,3,130.0,3,16,True,False,False,8-ci kilometr,Bakı,1500.0
6431405,200000,AZN,2,65.0,19,20,False,False,False,Şah İsmayıl Xətai,Bakı,3076.92
6481946,189000,AZN,2,70.0,12,14,True,False,False,Neftçilər,Bakı,2700.0
5692795,157000,AZN,2,66.0,2,5,True,False,False,Səbail,Bakı,2378.79
6472315,1300000,AZN,10,1000.0,20,21,False,False,False,Şah İsmayıl Xətai,Bakı,1300.0
6484834,169000,AZN,3,90.0,4,7,True,False,False,8-ci kilometr,Bakı,1877.78
6490148,159000,AZN,2,65.0,3,9,True,False,False,İnşaatçılar,Bakı,2446.15
6433239,350000,AZN,3,150.0,4,24,False,False,False,Şah İsmayıl Xətai,Bakı,2333.33
6411793,550000,AZN,3,120.0,6,6,True,False,False,Ağ şəhər,Bakı,4583.33
6363733,180000,AZN,2,56.9,9,20,True,True,True,20 Yanvar,Bakı,3163.44
6433163,255000,AZN,2,70.0,16,16,True,False,False,Şah İsmayıl Xətai,Bakı,3642.86
6425031,188000,AZN,2,45.0,2,9,True,True,True,Elmlər Akademiyası,Bakı,4177.78
6403146,1050000,AZN,4,215.0,7,21,True,False,False,28 May,Bakı,4883.72
6494801,213000,AZN,2,70.0,4,4,True,False,False,Nəsimi,Bakı,3042.86
6494800,260000,AZN,2,94.0,10,18,True,False,False,Elmlər Akademiyası,Bakı,2765.96
6494799,269000,AZN,3,130.0,11,13,True,False,False,Yeni Yasamal,Bakı,2069.23
6483411,142000,AZN,2,76.0,3,16,True,False,False,Abşeron,Xırdalan,1868.42
6494798,234000,AZN,2,41.0,2,18,True,False,False,Nizami,Bakı,5707.32
6413772,165000,AZN,2,35.0,4,5,True,False,False,Nəriman Nərimanov,Bakı,4714.29
4937917,299000,AZN,3,134.0,5,19,True,False,False,20 Yanvar,Bakı,2231.34
6462022,120000,AZN,2,50.0,1,5,True,False,False,Memar Əcəmi,Bakı,2400.0
6448679,690000,AZN,3,130.0,6,6,True,False,False,İçəri Şəhər,Bakı,5307.69
6447351,138500,AZN,2,66.0,7,9,True,True,False,Yeni Günəşli,Bakı,2098.48
6493655,950000,AZN,4,220.0,9,17,True,False,False,Elmlər Akademiyası,Bakı,4318.18
6494794,145000,AZN,2,65.0,8,9,True,False,False,Həzi Aslanov,Bakı,2230.77
5977651,157000,AZN,3,75.0,7,20,True,True,False,Əhmədli,Bakı,2093.33
6494793,327000,AZN,4,163.7,13,14,False,False,False,Bakıxanov,Bakı,1997.56
6485025,212000,AZN,2,70.0,18,20,True,False,False,Nəriman Nərimanov,Bakı,3028.57
6472524,51000,AZN,1,27.0,3,5,True,True,False,Azadlıq Prospekti,Bakı,1888.89
6494791,335000,AZN,3,95.0,12,14,True,False,False,Nəriman Nərimanov,Bakı,3526.32
6081455,229000,AZN,3,85.0,6,9,True,False,False,Həzi Aslanov,Bakı,2694.12
6489414,445000,AZN,3,140.0,10,17,True,True,False,Nəsimi,Bakı,3178.57
6494788,117000,AZN,1,34.0,9,9,True,False,False,Gənclik,Bakı,3441.18
6480164,184000,AZN,2,63.0,3,13,True,True,True,Xətai,Bakı,2920.63
6371352,227000,AZN,2,54.0,3,5,True,True,True,İçəri Şəhər,Bakı,4203.7
6431307,260000,AZN,2,60.0,17,21,True,False,False,Şah İsmayıl Xətai,Bakı,4333.33
6387250,880000,AZN,4,178.0,6,7,True,True,False,Ağ şəhər,Bakı,4943.82
6494787,115000,AZN,2,40.0,5,5,True,False,False,Avtovağzal,Bakı,2875.0
6471225,232000,AZN,3,105.0,8,18,True,True,False,Nizami,Bakı,2209.52
6167135,63500,AZN,3,58.3,9,11,False,False,False,Masazır,Bakı,1089.19
6494786,250000,AZN,3,90.0,4,5,True,False,False,Qara Qarayev,Bakı,2777.78
6494784,245000,AZN,2,68.0,2,5,True,False,False,Gənclik,Bakı,3602.94
6259010,459000,AZN,4,171.0,6,16,False,True,False,Şah İsmayıl Xətai,Bakı,2684.21
6494785,172000,AZN,2,83.0,14,18,True,False,False,Əhmədli,Bakı,2072.29
6190799,555000,AZN,4,128.0,10,17,True,False,False,Nəriman Nərimanov,Bakı,4335.94
6494783,157000,AZN,3,80.0,9,9,True,False,False,Xətai,Bakı,1962.5
6494782,385000,AZN,3,120.0,10,16,True,False,False,Şah İsmayıl Xətai,Bakı,3208.33
6494779,207000,AZN,2,105.0,13,14,True,True,False,Qara Qarayev,Bakı,1971.43
6494778,349000,AZN,3,105.0,11,14,True,False,False,Həzi Aslanov,Bakı,3323.81
6494777,803600,AZN,5,287.0,5,7,False,False,False,Nəsimi,Bakı,2800.0
5675325,320000,AZN,3,126.0,7,16,True,False,False,İnşaatçılar,Bakı,2539.68
6459583,289000,AZN,2,75.0,17,21,True,False,False,Şah İsmayıl Xətai,Bakı,3853.33
6408812,170000,AZN,2,47.0,18,20,True,False,False,20 Yanvar,Bakı,3617.02
6494776,140000,AZN,2,65.0,3,5,True,False,False,Həzi Aslanov,Bakı,2153.85
5918350,650000,AZN,3,120.0,15,17,True,False,False,Elmlər Akademiyası,Bakı,5416.67
6423290,186000,AZN,3,50.0,3,4,True,True,False,Gənclik,Bakı,3720.0
3049175,610000,AZN,4,180.0,25,27,True,False,False,Yasamal,Bakı,3388.89
6386017,320000,AZN,2,72.0,3,3,True,True,False,Sahil,Bakı,4444.44
6241320,495000,AZN,3,103.0,3,4,True,False,False,İçəri Şəhər,Bakı,4805.83
6436557,290000,AZN,3,70.0,16,18,True,True,False,Bakmil,Bakı,4142.86
5990242,265000,AZN,2,93.0,16,16,True,True,False,Şah İsmayıl Xətai,Bakı,2849.46
6031927,179500,AZN,1,67.0,4,16,True,False,False,Neftçilər,Bakı,2679.1
6482519,394999,AZN,3,90.0,7,16,True,False,False,28 May,Bakı,4388.88
6494772,695000,AZN,4,152.0,9,18,True,False,False,28 May,Bakı,4572.37
5452485,309000,AZN,2,69.0,2,19,True,True,False,Şah İsmayıl Xətai,Bakı,4478.26
6075017,280000,AZN,3,95.0,8,16,True,True,False,Şah İsmayıl Xətai,Bakı,2947.37
6459672,140000,AZN,3,76.0,9,12,True,False,False,Hövsan,Bakı,1842.11
6459623,285000,AZN,3,70.0,19,21,True,False,False,Şah İsmayıl Xətai,Bakı,4071.43
6486044,394999,AZN,3,105.0,18,19,True,False,False,Nəriman Nərimanov,Bakı,3761.9
6344159,79500,AZN,2,44.0,4,6,True,False,False,Masazır,Bakı,1806.82
6011121,183000,AZN,2,60.0,9,9,True,True,False,Şah İsmayıl Xətai,Bakı,3050.0
6471402,630000,AZN,4,141.0,2,7,True,False,False,Şah İsmayıl Xətai,Bakı,4468.09
6443603,143000,AZN,2,45.0,5,9,True,False,False,Yeni Günəşli,Bakı,3177.78
5906689,325000,AZN,2,93.0,9,26,False,True,False,Şah İsmayıl Xətai,Bakı,3494.62
6261522,325000,AZN,3,135.0,5,16,False,True,False,Azadlıq Prospekti,Bakı,2407.41
6307152,435000,AZN,3,115.0,16,16,True,True,False,Şah İsmayıl Xətai,Bakı,3782.61
6490631,182000,AZN,3,65.0,1,9,True,True,False,Xalqlar Dostluğu,Bakı,2800.0
6459607,195000,AZN,2,55.0,3,16,False,False,False,Şah İsmayıl Xətai,Bakı,3545.45
6459556,210000,AZN,2,65.0,19,21,False,False,False,Şah İsmayıl Xətai,Bakı,3230.77
6472314,1300000,AZN,19,1000.0,20,21,False,False,False,Şah İsmayıl Xətai,Bakı,1300.0
6488844,500000,AZN,4,150.0,11,17,True,False,False,8-ci mikrorayon,Bakı,3333.33
6044623,147500,AZN,2,43.0,6,9,True,False,False,Azadlıq Prospekti,Bakı,3430.23
6448917,340000,AZN,3,90.0,3,5,True,False,False,28 May,Bakı,3777.78
6053495,198000,AZN,5,120.0,7,9,True,False,False,Qaraçuxur,Bakı,1650.0
6465091,315000,AZN,3,125.0,7,11,True,False,False,Azadlıq Prospekti,Bakı,2520.0
6387407,350000,AZN,3,110.0,12,17,True,True,False,İnşaatçılar,Bakı,3181.82
6408961,247000,AZN,2,67.0,16,19,True,False,False,Şah İsmayıl Xətai,Bakı,3686.57
6067102,207000,AZN,3,78.0,5,11,True,False,False,Qara Qarayev,Bakı,2653.85
6489104,450000,AZN,3,123.0,4,19,True,True,False,Nizami,Bakı,3658.54
6488145,177000,AZN,4,115.0,4,9,True,True,False,Hövsan,Bakı,1539.13
6433716,280000,AZN,4,130.0,2,9,True,False,False,Azadlıq Prospekti,Bakı,2153.85
6494757,124000,AZN,2,65.0,16,17,True,False,False,Binəqədi,Bakı,1907.69
6484793,380000,AZN,2,118.0,4,11,False,True,False,Nəsimi,Bakı,3220.34
6444367,160000,AZN,3,65.0,9,9,True,False,False,Əhmədli,Bakı,2461.54
6483041,395000,AZN,3,90.0,7,16,True,True,True,Nərimanov,Bakı,4388.89
6060205,181000,AZN,2,65.0,2,9,True,False,False,8-ci mikrorayon,Bakı,2784.62
6402947,315000,AZN,3,115.0,8,17,True,False,False,Həzi Aslanov,Bakı,2739.13
6359912,129000,AZN,2,46.0,3,5,True,True,False,Memar Əcəmi,Bakı,2804.35
6389379,243000,AZN,3,75.0,8,9,True,False,False,Nərimanov,Bakı,3240.0
6494753,170000,AZN,3,80.0,1,9,True,False,False,Xətai,Bakı,2125.0
6433777,275000,AZN,4,115.0,2,5,True,False,False,Azadlıq Prospekti,Bakı,2391.3
6486579,185000,AZN,3,80.0,3,9,True,False,False,Əhmədli,Bakı,2312.5
6494750,470000,AZN,3,115.0,8,18,True,False,False,28 May,Bakı,4086.96
6313250,440000,AZN,3,130.0,4,6,True,True,False,Sahil,Bakı,3384.62
6056099,74340,AZN,2,53.1,3,4,False,True,False,Qaraçuxur,Bakı,1400.0
6410937,294000,AZN,2,90.0,5,16,True,True,False,Şah İsmayıl Xətai,Bakı,3266.67
6494749,227000,AZN,2,45.0,7,10,True,False,False,Nizami,Bakı,5044.44
6459564,189999,AZN,3,65.0,11,16,True,True,False,Memar Əcəmi,Bakı,2923.06
6485532,285000,AZN,3,115.0,9,17,True,True,False,Azadlıq Prospekti,Bakı,2478.26
6120182,446000,AZN,3,139.5,3,17,False,True,False,Gənclik,Bakı,3197.13
6454846,330000,AZN,3,117.0,9,16,True,True,False,İnşaatçılar,Bakı,2820.51
6405625,395000,AZN,3,142.0,3,17,False,True,False,Gənclik,Bakı,2781.69
6483011,550000,AZN,3,125.0,20,20,True,True,True,Şah İsmayıl Xətai,Bakı,4400.0
6487734,140000,AZN,2,38.0,3,5,True,True,False,Qara Qarayev,Bakı,3684.21
6411504,550000,AZN,4,150.0,9,13,True,False,False,Nəsimi,Bakı,3666.67
6432213,305000,AZN,2,88.0,16,18,True,True,False,Şah İsmayıl Xətai,Bakı,3465.91
6408174,303000,AZN,3,87.0,9,16,True,False,False,Qara Qarayev,Bakı,3482.76
6276298,360000,AZN,4,145.0,8,8,True,False,False,Bakıxanov,Bakı,2482.76
6149582,415000,AZN,3,157.9,16,18,False,False,False,Nərimanov,Bakı,2628.25
6054242,420000,AZN,4,210.0,14,17,True,False,False,20 Yanvar,Bakı,2000.0
6326072,325000,AZN,3,145.0,10,17,False,True,False,Binəqədi,Bakı,2241.38
6407450,157000,AZN,2,70.0,9,17,True,False,False,Yeni Günəşli,Bakı,2242.86
6494746,275000,AZN,2,58.0,4,16,True,False,False,Gənclik,Bakı,4741.38
6494744,113000,AZN,1,45.0,8,9,True,False,False,Həzi Aslanov,Bakı,2511.11
6494742,145000,AZN,2,45.0,3,9,True,False,False,Azadlıq Prospekti,Bakı,3222.22
6463539,219000,AZN,3,95.0,8,18,True,False,False,Həzi Aslanov,Bakı,2305.26
6327707,370000,AZN,3,125.0,10,16,True,False,False,Şah İsmayıl Xətai,Bakı,2960.0
6460653,149000,AZN,2,50.0,3,5,True,False,False,Neftçilər,Bakı,2980.0
6494736,444000,AZN,3,138.0,3,16,True,False,False,Elmlər Akademiyası,Bakı,3217.39
6324552,242000,AZN,4,110.0,9,12,False,False,False,Neftçilər,Bakı,2200.0
5617529,130000,AZN,3,114.0,4,6,True,False,False,Masazır,Bakı,1140.35
6486904,112000,AZN,2,54.0,4,16,False,True,True,28 May,Bakı,2074.07
6332741,700000,AZN,3,143.0,6,8,True,True,False,Ağ şəhər,Bakı,4895.1
6494735,273000,AZN,5,120.0,4,9,True,False,False,Əhmədli,Bakı,2275.0
6494734,239000,AZN,3,90.0,2,9,True,False,False,Suraxanı,Bakı,2655.56
6494733,560000,AZN,3,135.0,10,16,True,False,False,Nəriman Nərimanov,Bakı,4148.15
6494732,205000,AZN,4,75.0,4,5,True,False,False,Neftçilər,Bakı,2733.33
6316321,220000,AZN,3,80.0,3,9,True,True,False,İnşaatçılar,Bakı,2750.0
5805494,530000,AZN,3,153.0,17,18,True,False,False,Nizami,Bakı,3464.05
6494728,95000,AZN,2,79.1,10,18,False,False,False,Lökbatan,Bakı,1201.01
6494726,161000,AZN,2,70.0,7,9,True,False,False,Köhnə Günəşli,Bakı,2300.0
6356870,190000,AZN,2,62.0,2,6,True,False,False,Şıxov,Bakı,3064.52
6467596,195000,AZN,2,76.0,18,20,True,True,True,Həzi Aslanov,Bakı,2565.79
6425266,395000,AZN,2,108.0,14,16,True,False,False,28 May,Bakı,3657.41
6471941,195000,AZN,3,75.0,9,9,True,True,True,Əhmədli,Bakı,2600.0
6479314,189000,AZN,3,80.0,4,17,True,True,False,Memar Əcəmi,Bakı,2362.5
6479156,170000,AZN,3,55.0,4,5,True,True,False,İnşaatçılar,Bakı,3090.91
6478126,150000,AZN,2,60.0,2,5,True,True,False,20 Yanvar,Bakı,2500.0
6478114,122000,AZN,2,40.0,2,5,True,True,False,İnşaatçılar,Bakı,3050.0
6321648,519000,AZN,3,128.0,15,20,False,True,True,Şah İsmayıl Xətai,Bakı,4054.69
6405649,325000,AZN,3,97.0,4,17,False,True,False,Nəsimi,Bakı,3350.52
6321590,549000,AZN,3,128.0,16,20,False,True,True,Şah İsmayıl Xətai,Bakı,4289.06
6447279,319000,AZN,2,66.0,20,20,True,True,True,Şah İsmayıl Xətai,Bakı,4833.33
6494725,267000,AZN,3,95.0,10,17,True,False,False,Neftçilər,Bakı,2810.53
6457797,239000,AZN,3,72.0,5,18,True,True,True,İnşaatçılar,Bakı,3319.44
6422204,362000,AZN,3,130.0,4,18,True,True,True,Şah İsmayıl Xətai,Bakı,2784.62
6389311,230000,AZN,3,80.0,4,5,True,True,False,Elmlər Akademiyası,Bakı,2875.0
6387814,205000,AZN,3,90.0,4,5,True,True,False,İnşaatçılar,Bakı,2277.78
6385496,164000,AZN,2,60.0,3,5,True,True,False,İnşaatçılar,Bakı,2733.33
6387797,219000,AZN,3,88.0,2,5,True,True,False,Yeni Yasamal,Bakı,2488.64
6385478,143000,AZN,2,50.0,5,5,True,True,False,İnşaatçılar,Bakı,2860.0
6385457,147000,AZN,2,44.0,5,5,True,True,False,28 May,Bakı,3340.91
6366925,155000,AZN,3,60.0,4,5,True,True,False,İnşaatçılar,Bakı,2583.33
6318621,200000,AZN,2,82.0,6,18,True,True,False,Yeni Yasamal,Bakı,2439.02
6337144,149000,AZN,2,58.0,12,16,True,True,False,İnşaatçılar,Bakı,2568.97
6370158,172000,AZN,3,68.0,4,9,True,True,False,Memar Əcəmi,Bakı,2529.41
6336884,237000,AZN,3,88.0,3,15,True,True,False,Yeni Yasamal,Bakı,2693.18
6330768,159000,AZN,2,55.0,8,9,True,True,False,Azadlıq Prospekti,Bakı,2890.91
6330993,285000,AZN,3,100.0,3,5,True,False,False,Elmlər Akademiyası,Bakı,2850.0
6483922,155000,AZN,2,113.5,5,16,False,True,True,28 May,Bakı,1365.64
6494723,210000,AZN,3,100.0,4,16,True,False,False,Nəsimi,Bakı,2100.0
6476294,260000,AZN,2,80.0,9,17,True,False,False,Memar Əcəmi,Bakı,3250.0
6494721,240000,AZN,2,90.0,3,16,True,False,False,8-ci kilometr,Bakı,2666.67
5906159,75900,AZN,3,109.6,4,4,False,True,True,Görədil,Bakı,692.52
6494722,196000,AZN,2,61.0,2,16,True,False,False,Memar Əcəmi,Bakı,3213.11
5453064,65000,AZN,2,68.0,2,4,False,False,False,Binəqədi,Bakı,955.88
6494718,520000,AZN,3,175.0,14,22,False,False,False,Nizami,Bakı,2971.43
6494621,280000,AZN,3,100.0,10,17,True,False,False,7-ci mikrorayon,Bakı,2800.0
6479661,245000,AZN,3,122.0,11,16,False,True,False,Qara Qarayev,Bakı,2008.2
6304915,375000,AZN,3,121.0,10,14,True,True,True,Nizami,Bakı,3099.17
6044531,280000,AZN,2,121.0,4,16,False,True,False,Qara Qarayev,Bakı,2314.05
6354644,216000,AZN,2,67.0,4,6,True,False,False,Şıxov,Bakı,3223.88
6494716,149900,AZN,2,62.0,4,9,True,False,False,Həzi Aslanov,Bakı,2417.74
6494674,203000,AZN,2,52.0,3,5,True,False,False,Memar Əcəmi,Bakı,3903.85
6483971,470000,AZN,5,250.0,4,5,True,True,True,Nəriman Nərimanov,Bakı,1880.0
6494714,570000,AZN,3,135.0,12,20,True,False,False,Nəriman Nərimanov,Bakı,4222.22
6494713,113000,AZN,2,48.0,3,5,True,False,False,Hövsan,Bakı,2354.17
6494710,160000,AZN,3,60.0,10,18,True,False,False,9-cu mikrorayon,Bakı,2666.67
6281669,398000,AZN,5,500.0,17,18,True,True,True,Həzi Aslanov,Bakı,796.0
6302365,480000,AZN,6,160.0,6,17,True,False,False,20 Yanvar,Bakı,3000.0
6394746,120000,AZN,3,57.0,5,16,True,False,False,Avtovağzal,Bakı,2105.26
6453196,210000,AZN,3,75.0,2,5,True,True,False,Qara Qarayev,Bakı,2800.0
6291872,455000,AZN,4,141.0,2,2,True,True,True,Nizami,Bakı,3226.95
6480133,163000,AZN,3,70.0,5,5,True,False,False,Binəqədi,Bakı,2328.57
6494708,329000,AZN,4,85.0,9,10,True,False,False,Gənclik,Bakı,3870.59
5628032,247000,AZN,3,75.0,4,5,True,False,False,Elmlər Akademiyası,Bakı,3293.33
6256368,130000,AZN,3,90.0,5,12,True,True,True,Abşeron,Xırdalan,1444.44
6267893,220000,AZN,2,80.0,17,17,True,True,True,Azadlıq Prospekti,Bakı,2750.0
6494702,207000,AZN,2,65.0,6,9,True,False,False,Nərimanov,Bakı,3184.62
6473110,173900,AZN,3,56.0,3,5,True,False,False,Memar Əcəmi,Bakı,3105.36
6494698,148500,AZN,3,68.0,14,15,True,False,False,Suraxanı,Bakı,2183.82
6434338,305000,AZN,2,68.0,4,17,True,True,True,Elmlər Akademiyası,Bakı,4485.29
6476906,140000,AZN,2,52.0,4,9,True,False,False,Həzi Aslanov,Bakı,2692.31
6198005,215000,AZN,3,90.0,9,12,True,False,False,Yeni Yasamal,Bakı,2388.89
6272014,750000,AZN,4,278.0,8,16,False,False,False,Gənclik,Bakı,2697.84
5955331,75000,AZN,2,42.0,2,6,True,True,False,Masazır,Bakı,1785.71
6326589,169900,AZN,2,68.0,17,21,True,False,False,İnşaatçılar,Bakı,2498.53
6494696,330000,AZN,3,85.0,9,10,True,False,False,Gənclik,Bakı,3882.35
5978140,425000,AZN,4,186.0,3,20,False,True,False,28 May,Bakı,2284.95
5673384,260000,AZN,2,65.0,23,27,True,True,True,8 Noyabr,Bakı,4000.0
6494694,250000,AZN,2,75.0,15,18,True,False,False,Gənclik,Bakı,3333.33
6360381,395000,AZN,4,138.0,12,17,True,False,False,8 Noyabr,Bakı,2862.32
6295556,750000,AZN,4,263.5,3,22,False,True,False,Gənclik,Bakı,2846.3
6494692,49500,AZN,1,43.0,8,8,False,False,False,Masazır,Bakı,1151.16
6267807,203000,AZN,3,65.0,5,5,True,True,False,Nizami,Bakı,3123.08
6365728,450000,AZN,4,165.0,10,20,True,False,False,8 Noyabr,Bakı,2727.27
6103288,79900,AZN,4,77.0,1,5,True,True,False,Pirallahı,Bakı,1037.66
6457280,222999,AZN,3,80.0,5,9,True,True,False,Əhmədli,Bakı,2787.49
6455458,255000,AZN,2,70.0,16,16,True,False,False,Şah İsmayıl Xətai,Bakı,3642.86
6411684,430000,AZN,3,130.0,9,16,True,False,False,Nizami,Bakı,3307.69
6300020,220000,AZN,3,82.0,5,5,True,False,False,28 May,Bakı,2682.93
6485395,260000,AZN,3,80.0,15,17,True,True,False,İnşaatçılar,Bakı,3250.0
6437281,187500,AZN,2,74.4,9,12,False,True,True,Bakıxanov,Bakı,2520.16
6259790,282000,AZN,2,95.0,13,17,True,True,False,Nəsimi,Bakı,2968.42
6280172,420000,AZN,4,165.0,10,16,True,False,False,8 Noyabr,Bakı,2545.45
5625392,289000,AZN,2,73.0,16,16,True,True,True,Koroğlu,Bakı,3958.9
6494676,170000,AZN,2,55.0,12,17,True,True,True,Həzi Aslanov,Bakı,3090.91
6455685,289000,AZN,3,100.0,6,20,True,True,True,20 Yanvar,Bakı,2890.0
6152275,95000,AZN,2,58.0,3,4,True,False,False,Masazır,Bakı,1637.93
6483376,177900,AZN,3,112.0,8,16,False,True,True,M.Ə.Rəsulzadə,Bakı,1588.39
6480053,165000,AZN,4,100.0,2,9,True,True,False,Hövsan,Bakı,1650.0
6250719,229000,AZN,2,69.5,8,12,False,False,False,Gənclik,Bakı,3294.96
6101354,645900,AZN,4,176.5,5,16,False,True,False,Nəriman Nərimanov,Bakı,3659.49
6128067,229000,AZN,3,98.0,5,17,True,True,False,Suraxanı,Bakı,2336.73
6470976,259000,AZN,3,85.0,3,5,True,False,False,Binəqədi,Bakı,3047.06
6195236,635000,AZN,3,180.0,8,22,True,False,False,Şah İsmayıl Xətai,Bakı,3527.78
6494672,325000,AZN,2,67.0,9,9,True,False,False,Nəsimi,Bakı,4850.75
6401398,212000,AZN,2,65.0,7,9,True,False,False,Azadlıq Prospekti,Bakı,3261.54
6483952,176000,AZN,2,55.0,12,19,True,True,False,Xətai,Bakı,3200.0
6335691,227000,AZN,3,65.0,4,9,True,False,False,Gənclik,Bakı,3492.31
6467523,187000,AZN,3,65.0,6,9,True,False,False,Həzi Aslanov,Bakı,2876.92
6041379,96000,AZN,3,74.0,3,6,True,True,False,Masazır,Bakı,1297.3
6494671,240000,AZN,2,110.0,4,16,True,False,False,Memar Əcəmi,Bakı,2181.82
6494664,250000,AZN,2,54.0,14,17,True,False,False,Nəsimi,Bakı,4629.63
6448290,208000,AZN,3,80.0,11,13,True,False,False,Nizami,Bakı,2600.0
6494666,224900,AZN,4,82.0,6,9,True,False,False,Həzi Aslanov,Bakı,2742.68
6351003,278000,AZN,2,90.0,9,15,True,True,True,Nəriman Nərimanov,Bakı,3088.89
6443406,279000,AZN,2,96.0,3,16,True,False,False,Nəsimi,Bakı,2906.25
6494663,180000,AZN,3,80.0,3,9,True,False,False,Xətai,Bakı,2250.0
6494657,135000,AZN,2,45.0,14,14,True,False,False,İnşaatçılar,Bakı,3000.0
5253127,950000,AZN,4,209.8,13,23,False,True,True,28 May,Bakı,4528.12
6494656,243000,AZN,3,75.0,8,9,True,False,False,8-ci mikrorayon,Bakı,3240.0
6389300,170000,AZN,2,65.0,9,9,True,False,False,8-ci mikrorayon,Bakı,2615.38
6471860,450000,AZN,4,167.0,5,16,True,False,False,Nəriman Nərimanov,Bakı,2694.61
6462324,205000,AZN,3,70.0,5,5,True,True,False,28 May,Bakı,2928.57
6468823,229000,AZN,2,68.0,6,18,True,True,False,Şah İsmayıl Xətai,Bakı,3367.65
6473580,145000,AZN,2,42.0,2,5,True,False,False,Binəqədi,Bakı,3452.38
6493102,250000,AZN,2,64.0,15,18,True,True,True,Nəsimi,Bakı,3906.25
6403536,375000,AZN,3,151.0,3,24,True,False,False,Şah İsmayıl Xətai,Bakı,2483.44
6494653,175000,AZN,2,60.0,1,9,True,False,False,Qara Qarayev,Bakı,2916.67
6005221,279000,AZN,2,100.0,2,7,True,False,False,Nərimanov,Bakı,2790.0
5380782,1300000,AZN,4,303.0,20,23,False,False,False,28 May,Bakı,4290.43
6489024,135000,AZN,2,60.0,5,6,True,False,False,Xətai,Bakı,2250.0
5921959,870000,AZN,4,234.0,8,19,True,False,False,Sahil,Bakı,3717.95
6480926,138000,AZN,3,80.0,5,5,True,False,False,Avtovağzal,Bakı,1725.0
6409240,90000,AZN,3,72.0,1,5,True,False,False,Masazır,Bakı,1250.0
6488236,109000,AZN,2,62.0,15,16,True,False,False,Abşeron,Xırdalan,1758.06
6479717,70000,AZN,1,57.0,1,6,True,False,False,Masazır,Bakı,1228.07
6451891,142000,AZN,3,60.0,5,5,True,True,True,Memar Əcəmi,Bakı,2366.67
5201704,76000,AZN,2,40.0,2,6,True,False,False,Masazır,Bakı,1900.0
6373424,285000,AZN,3,100.0,2,16,True,False,False,20 Yanvar,Bakı,2850.0
6084875,441000,AZN,3,147.0,6,16,False,False,False,Nizami,Bakı,3000.0
6440970,170000,AZN,2,55.0,2,5,True,False,False,Nəriman Nərimanov,Bakı,3090.91
6187937,420000,AZN,5,203.0,14,16,False,False,False,Elmlər Akademiyası,Bakı,2068.97
6405703,599000,AZN,4,230.0,7,18,True,False,False,28 May,Bakı,2604.35
6079248,162000,AZN,2,48.0,5,5,True,False,False,Elmlər Akademiyası,Bakı,3375.0
6079366,642600,AZN,3,189.0,4,18,False,False,False,Nizami,Bakı,3400.0
6473746,320000,AZN,3,110.0,14,16,True,False,False,Dərnəgül,Bakı,2909.09
6303240,56500,AZN,2,55.0,6,6,True,False,False,Masazır,Bakı,1027.27
6245025,270000,AZN,3,90.0,7,16,True,False,False,İnşaatçılar,Bakı,3000.0
6489667,242000,AZN,3,76.0,11,15,True,True,True,Həzi Aslanov,Bakı,3184.21
6073502,325000,AZN,3,105.0,9,18,True,False,False,8-ci mikrorayon,Bakı,3095.24
6481564,244000,AZN,3,116.3,5,14,False,False,False,Bakıxanov,Bakı,2098.02
6494645,180000,AZN,1,51.0,7,17,True,False,False,İnşaatçılar,Bakı,3529.41
6426143,255000,AZN,3,85.0,3,5,True,False,False,Binəqədi,Bakı,3000.0
6236524,307000,AZN,3,96.0,10,16,True,False,False,Azadlıq Prospekti,Bakı,3197.92
6259134,355000,AZN,2,85.0,7,18,True,True,False,Elmlər Akademiyası,Bakı,4176.47
5560091,325000,AZN,3,135.0,15,17,True,False,False,Nərimanov,Bakı,2407.41
6439718,95000,AZN,2,62.0,2,7,True,False,False,Abşeron,Xırdalan,1532.26
6494643,450000,AZN,4,190.0,12,16,True,False,False,İnşaatçılar,Bakı,2368.42
5863255,225267,AZN,2,63.1,3,9,True,True,True,Nardaran,Bakı,3570.0
6409151,72000,AZN,2,52.0,5,6,True,False,False,Masazır,Bakı,1384.62
6357162,624000,AZN,3,147.0,3,8,False,False,False,Ağ şəhər,Bakı,4244.9
6350575,320000,AZN,2,44.0,5,7,True,False,False,Ağ şəhər,Bakı,7272.73
6494641,380000,AZN,3,158.0,3,16,True,False,False,Şah İsmayıl Xətai,Bakı,2405.06
6480956,1185000,AZN,4,165.0,5,7,True,False,False,Ağ şəhər,Bakı,7181.82
6469278,560000,AZN,3,113.5,1,2,False,True,True,Nardaran,Bakı,4933.92
6440750,241000,AZN,3,85.0,1,9,True,False,False,Nərimanov,Bakı,2835.29
6494021,598000,AZN,3,135.0,3,7,False,False,False,Ağ şəhər,Bakı,4429.63
6494640,395000,AZN,3,105.0,18,19,True,False,False,Nəriman Nərimanov,Bakı,3761.9
6385857,612000,AZN,3,136.0,4,8,False,False,False,Ağ şəhər,Bakı,4500.0
6350494,700000,AZN,4,145.0,3,7,False,False,False,Ağ şəhər,Bakı,4827.59
6494638,1200000,AZN,5,322.0,9,17,True,False,False,Elmlər Akademiyası,Bakı,3726.71
6457718,1200000,AZN,4,210.0,12,15,True,True,True,Nəsimi,Bakı,5714.29
6494635,173000,AZN,3,59.0,14,18,True,False,False,İnşaatçılar,Bakı,2932.2
6494634,270000,AZN,2,94.0,10,18,True,False,False,Elmlər Akademiyası,Bakı,2872.34
6357081,195000,AZN,3,60.0,2,4,True,False,False,Gənclik,Bakı,3250.0
6494632,430000,AZN,4,165.0,10,16,True,False,False,8 Noyabr,Bakı,2606.06
6494633,243000,AZN,4,110.0,4,9,True,False,False,20 Yanvar,Bakı,2209.09
6443178,225000,AZN,2,95.0,13,19,True,False,False,İnşaatçılar,Bakı,2368.42
6469298,493000,AZN,3,100.0,1,9,False,True,True,Nardaran,Bakı,4930.0
6000073,285000,AZN,3,110.0,7,11,True,False,False,Azadlıq Prospekti,Bakı,2590.91
6487695,162000,AZN,2,57.0,2,5,True,False,False,Xalqlar Dostluğu,Bakı,2842.11
6455875,184000,AZN,2,60.0,2,9,True,False,False,Həzi Aslanov,Bakı,3066.67
6072234,300000,AZN,2,67.0,7,17,True,False,False,Nəsimi,Bakı,4477.61
5879195,460000,AZN,3,125.0,6,16,True,False,False,Nəriman Nərimanov,Bakı,3680.0
6179674,249000,AZN,3,90.0,4,5,True,False,False,Binəqədi,Bakı,2766.67
6484747,180000,AZN,2,65.0,4,5,True,True,False,Xalqlar Dostluğu,Bakı,2769.23
6385565,215000,AZN,4,85.0,4,5,True,False,False,Azadlıq Prospekti,Bakı,2529.41
6494630,157000,AZN,2,40.0,3,9,True,False,False,Nərimanov,Bakı,3925.0
6476874,124000,AZN,2,60.0,1,5,True,False,False,Xalqlar Dostluğu,Bakı,2066.67
6438132,182000,AZN,3,60.0,1,9,True,False,False,Xalqlar Dostluğu,Bakı,3033.33
6411604,117000,AZN,2,37.0,5,5,True,False,False,Neftçilər,Bakı,3162.16
6494629,390000,AZN,3,110.0,8,17,True,False,False,28 May,Bakı,3545.45
6467522,225000,AZN,2,74.0,13,17,True,False,False,Xalqlar Dostluğu,Bakı,3040.54
6119782,265000,AZN,3,140.0,17,17,True,False,False,Əhmədli,Bakı,1892.86
6467583,275000,AZN,3,112.0,2,17,True,False,False,Qara Qarayev,Bakı,2455.36
6313813,230000,AZN,3,80.0,2,9,True,False,False,Bakıxanov,Bakı,2875.0
6152885,290000,AZN,3,69.0,16,18,True,False,False,Bakmil,Bakı,4202.9
6485872,468000,AZN,3,92.0,14,18,True,True,False,Şah İsmayıl Xətai,Bakı,5086.96
6411535,440000,AZN,3,135.0,3,7,False,False,False,Nəriman Nərimanov,Bakı,3259.26
6494623,265000,AZN,2,70.0,7,17,True,False,False,Şah İsmayıl Xətai,Bakı,3785.71
6435853,1150000,AZN,5,330.0,10,16,True,False,False,Nizami,Bakı,3484.85
6479698,355000,AZN,3,133.0,10,18,True,True,False,Nəsimi,Bakı,2669.17
6411624,260000,AZN,2,72.0,3,7,False,False,False,Nəriman Nərimanov,Bakı,3611.11
6494620,370000,AZN,3,100.5,6,10,False,False,False,Nizami,Bakı,3681.59
6321381,148000,AZN,2,48.0,1,5,True,False,False,Neftçilər,Bakı,3083.33
6460423,280000,AZN,3,70.0,14,16,True,True,True,Yasamal,Bakı,4000.0
6494618,225000,AZN,2,65.0,8,9,True,False,False,Nərimanov,Bakı,3461.54
6154253,270000,AZN,2,68.0,17,19,True,False,False,Şah İsmayıl Xətai,Bakı,3970.59
6486910,177000,AZN,3,93.0,5,5,True,False,False,Həzi Aslanov,Bakı,1903.23
6240020,368000,AZN,3,138.0,15,17,True,False,False,Neftçilər,Bakı,2666.67
6494612,220000,AZN,4,100.0,9,9,True,False,False,Bakıxanov,Bakı,2200.0
6471919,620000,AZN,4,230.0,16,18,True,False,False,Nizami,Bakı,2695.65
6411666,269999,AZN,3,115.0,10,17,True,False,False,Həzi Aslanov,Bakı,2347.82
6494610,226000,AZN,3,100.0,10,15,True,False,False,Həzi Aslanov,Bakı,2260.0
6483387,188000,AZN,2,55.0,11,16,True,False,False,20 Yanvar,Bakı,3418.18
6494611,175000,AZN,2,60.0,17,19,True,False,False,Memar Əcəmi,Bakı,2916.67
6362687,650000,AZN,3,190.0,9,18,True,False,False,Elmlər Akademiyası,Bakı,3421.05
6167734,195000,AZN,2,69.0,2,14,True,False,False,Qara Qarayev,Bakı,2826.09
6494609,305000,AZN,2,67.0,4,17,True,False,False,Elmlər Akademiyası,Bakı,4552.24
6409069,300000,AZN,5,120.0,5,9,True,False,False,Xalqlar Dostluğu,Bakı,2500.0
6453932,172000,AZN,3,80.0,5,9,True,False,False,Bakıxanov,Bakı,2150.0
6298789,380000,AZN,4,121.0,7,14,True,False,False,Yasamal,Bakı,3140.5
6455833,249000,AZN,3,105.0,12,14,True,False,False,Xalqlar Dostluğu,Bakı,2371.43
6364710,335000,AZN,2,86.0,11,16,True,False,False,Nərimanov,Bakı,3895.35
6169693,125000,AZN,2,30.0,5,5,True,False,False,Memar Əcəmi,Bakı,4166.67
6451096,225000,AZN,3,74.3,4,9,True,False,False,Bakıxanov,Bakı,3028.26
6452917,138000,AZN,2,45.0,4,9,True,False,False,Həzi Aslanov,Bakı,3066.67
6289522,155000,AZN,3,70.0,1,5,True,False,False,Bakıxanov,Bakı,2214.29
6247652,275000,AZN,1,50.0,4,8,False,False,False,Ağ şəhər,Bakı,5500.0
6418434,189000,AZN,3,90.0,3,5,True,False,False,Bakıxanov,Bakı,2100.0
6494607,475000,AZN,4,117.0,7,17,True,False,False,Gənclik,Bakı,4059.83
6494605,349000,AZN,3,120.0,2,18,True,False,False,Memar Əcəmi,Bakı,2908.33
6494604,850000,AZN,4,200.0,3,12,True,False,False,Gənclik,Bakı,4250.0
6371730,169000,AZN,2,58.0,6,17,True,True,False,Azadlıq Prospekti,Bakı,2913.79
6446876,345000,AZN,4,136.0,13,20,True,True,False,İnşaatçılar,Bakı,2536.76
5879675,999000,AZN,5,185.0,6,7,False,False,False,Ağ şəhər,Bakı,5400.0
6494598,307000,AZN,2,75.0,13,17,True,False,False,Koroğlu,Bakı,4093.33
6494602,158000,AZN,2,65.0,4,9,True,False,False,Yeni Yasamal,Bakı,2430.77
6494601,270000,AZN,2,86.0,9,20,True,False,False,Nəriman Nərimanov,Bakı,3139.53
5294596,1020000,AZN,5,200.0,6,8,False,False,False,Ağ şəhər,Bakı,5100.0
6313018,209000,AZN,2,80.0,8,12,False,False,False,Nərimanov,Bakı,2612.5
6494596,650000,AZN,4,211.0,10,19,True,False,False,Şah İsmayıl Xətai,Bakı,3080.57
6494594,865000,AZN,4,211.0,13,16,False,False,False,Nəsimi,Bakı,4099.53
6388337,270000,AZN,3,112.0,3,16,True,False,False,Həzi Aslanov,Bakı,2410.71
6478784,158000,AZN,2,48.0,5,5,True,False,False,İnşaatçılar,Bakı,3291.67
6364590,373000,AZN,2,67.1,15,19,True,False,False,Şah İsmayıl Xətai,Bakı,5558.87
6475044,450000,AZN,2,93.0,4,4,True,True,True,Nardaran,Bakı,4838.71
6494593,175000,AZN,2,60.0,17,19,True,False,False,Memar Əcəmi,Bakı,2916.67
6036717,189000,AZN,2,75.0,8,17,True,False,False,Həzi Aslanov,Bakı,2520.0
6494589,750000,AZN,3,102.0,3,8,True,False,False,Ağ şəhər,Bakı,7352.94
6462343,205000,AZN,3,90.0,6,9,True,False,False,20 Yanvar,Bakı,2277.78
6253180,495000,AZN,2,95.0,3,20,False,False,False,Ağ şəhər,Bakı,5210.53
6447149,225000,AZN,3,114.0,8,12,False,False,False,Həzi Aslanov,Bakı,1973.68
6494579,275000,AZN,4,105.0,2,9,True,False,False,Azadlıq Prospekti,Bakı,2619.05
5687113,365000,AZN,3,100.0,5,5,True,True,False,Nizami,Bakı,3650.0
6411192,187000,AZN,2,65.0,5,9,True,False,False,Yasamal,Bakı,2876.92
6494585,265000,AZN,3,117.0,14,17,True,False,False,Xalqlar Dostluğu,Bakı,2264.96
6494586,295000,AZN,2,95.0,4,18,True,False,False,Gənclik,Bakı,3105.26
6494582,285000,AZN,3,130.0,12,15,True,False,False,Memar Əcəmi,Bakı,2192.31
6494580,550000,AZN,2,83.0,7,7,True,False,False,Ağ şəhər,Bakı,6626.51
5745539,620000,AZN,3,178.0,25,27,True,True,False,8 Noyabr,Bakı,3483.15
6117333,146000,AZN,2,52.0,4,5,True,False,False,Nizami,Bakı,2807.69
6494571,139000,AZN,2,66.0,7,15,True,False,False,Abşeron,Xırdalan,2106.06
5810204,472000,AZN,3,110.0,7,18,False,True,True,Elmlər Akademiyası,Bakı,4290.91
6494577,188000,AZN,2,55.0,5,5,True,False,False,Elmlər Akademiyası,Bakı,3418.18
6413533,650000,AZN,4,180.0,17,18,False,True,True,28 May,Bakı,3611.11
6389244,128000,AZN,4,101.0,1,9,True,False,False,Ramana,Bakı,1267.33
6494574,240000,AZN,2,90.0,3,16,True,False,False,Nizami,Bakı,2666.67
6061977,240000,AZN,2,66.2,14,20,True,False,False,Şah İsmayıl Xətai,Bakı,3625.38
6043168,519999,AZN,4,185.0,10,14,True,True,True,Azadlıq Prospekti,Bakı,2810.81
6494570,200000,AZN,2,58.0,5,14,True,False,False,İnşaatçılar,Bakı,3448.28
6140747,310000,AZN,2,100.0,6,16,True,True,False,Şah İsmayıl Xətai,Bakı,3100.0
5436733,229000,AZN,2,68.2,6,20,True,True,False,Şah İsmayıl Xətai,Bakı,3357.77
6494569,176500,AZN,2,65.0,3,10,True,False,False,Xalqlar Dostluğu,Bakı,2715.38
6494567,123000,AZN,3,45.0,12,13,True,False,False,Əhmədli,Bakı,2733.33
6216434,345000,AZN,4,100.0,1,9,True,False,False,Gənclik,Bakı,3450.0
6485823,310000,AZN,2,77.0,9,17,True,True,False,Nəsimi,Bakı,4025.97
6464118,115000,AZN,3,71.0,5,8,True,True,True,Masazır,Bakı,1619.72
6228777,857000,AZN,4,230.0,7,17,True,True,True,28 May,Bakı,3726.09
6494563,178000,AZN,2,58.0,10,13,True,False,False,Memar Əcəmi,Bakı,3068.97
5682245,332000,AZN,4,209.0,17,17,False,True,False,Nəsimi,Bakı,1588.52
6494562,660000,AZN,3,120.0,3,7,False,False,False,Ağ şəhər,Bakı,5500.0
6470347,125000,AZN,2,45.0,5,9,True,True,False,Köhnə Günəşli,Bakı,2777.78
6479880,245000,AZN,3,80.0,9,9,True,True,False,Nərimanov,Bakı,3062.5
6494559,319000,AZN,2,110.0,10,17,True,False,False,Nəriman Nərimanov,Bakı,2900.0
6479039,189000,AZN,2,54.0,12,14,True,False,False,Neftçilər,Bakı,3500.0
6433823,495482,AZN,2,112.1,4,7,False,True,True,Nardaran,Bakı,4420.0
6184625,690000,AZN,4,210.0,3,14,True,True,True,İçəri Şəhər,Bakı,3285.71
6494560,377777,AZN,3,105.0,11,11,True,False,False,8 Noyabr,Bakı,3597.88
6494558,190000,AZN,2,60.0,8,12,True,False,False,8-ci mikrorayon,Bakı,3166.67
6281354,480000,AZN,2,98.0,4,7,True,False,False,Ağ şəhər,Bakı,4897.96
6494553,500000,AZN,3,166.0,10,18,False,False,False,Şah İsmayıl Xətai,Bakı,3012.05
6482640,557220,AZN,3,150.6,7,16,False,True,True,Elmlər Akademiyası,Bakı,3700.0
6494555,265000,AZN,2,51.0,7,16,True,False,False,Nəsimi,Bakı,5196.08
6359855,300000,AZN,3,120.0,9,9,True,True,False,Şah İsmayıl Xətai,Bakı,2500.0
6494554,165000,AZN,3,65.0,2,5,True,False,False,Binəqədi,Bakı,2538.46
6481364,285000,AZN,3,117.0,2,16,True,True,False,Əhmədli,Bakı,2435.9
6457576,350000,AZN,3,105.0,14,17,True,True,False,Əhmədli,Bakı,3333.33
6461236,450000,AZN,2,100.0,8,15,True,True,True,Nəriman Nərimanov,Bakı,4500.0
5832183,359000,AZN,3,129.0,2,13,True,True,True,Şah İsmayıl Xətai,Bakı,2782.95
6494550,67000,AZN,2,54.0,1,5,True,False,False,Məmmədli,Bakı,1240.74
6488853,207000,AZN,4,100.0,5,9,True,True,True,20 Yanvar,Bakı,2070.0
6465952,255000,AZN,3,127.0,16,17,True,True,False,Memar Əcəmi,Bakı,2007.87
6414344,519000,AZN,3,170.0,6,24,False,True,False,Nəriman Nərimanov,Bakı,3052.94
6296614,455000,AZN,3,147.5,9,15,False,False,False,Nizami,Bakı,3084.75
6469942,450000,AZN,2,100.0,8,15,True,True,False,Nəriman Nərimanov,Bakı,4500.0
6445187,450000,AZN,2,100.0,8,15,True,True,True,Nəriman Nərimanov,Bakı,4500.0
6463164,718000,AZN,6,280.0,13,16,True,False,False,Şah İsmayıl Xətai,Bakı,2564.29
5863093,159222,AZN,1,44.6,3,9,True,True,True,Nardaran,Bakı,3570.0
6474977,157000,AZN,2,60.0,9,9,True,True,True,Həzi Aslanov,Bakı,2616.67
6494549,306000,AZN,3,90.0,9,16,False,False,False,Nəsimi,Bakı,3400.0
6422488,450000,AZN,2,100.0,8,15,True,True,False,Nəriman Nərimanov,Bakı,4500.0
6494548,425000,AZN,3,127.0,12,15,True,False,False,Qara Qarayev,Bakı,3346.46
6459503,248000,AZN,3,107.0,8,12,True,True,True,Həzi Aslanov,Bakı,2317.76
6402054,220000,AZN,3,120.0,8,20,True,True,False,Həzi Aslanov,Bakı,1833.33
6376152,66000,AZN,2,54.0,6,6,True,True,False,Masazır,Bakı,1222.22
6379586,115000,AZN,2,50.0,5,5,True,True,True,Həzi Aslanov,Bakı,2300.0
6465778,146000,AZN,3,90.0,9,9,True,False,False,Əhmədli,Bakı,1622.22
6494546,830000,AZN,5,195.0,2,7,True,False,False,Ağ şəhər,Bakı,4256.41
6473339,178000,AZN,3,76.0,2,11,True,True,True,Yeni Günəşli,Bakı,2342.11
6429236,199000,AZN,1,54.0,4,10,True,True,True,Nərimanov,Bakı,3685.19
6437192,450000,AZN,2,101.0,8,15,True,True,True,Nəriman Nərimanov,Bakı,4455.45
6097378,530000,AZN,4,185.0,8,18,True,False,False,Şah İsmayıl Xətai,Bakı,2864.86
5539168,168000,AZN,3,90.0,7,9,True,False,False,Əhmədli,Bakı,1866.67
6147878,250000,AZN,3,141.0,14,14,True,False,False,Xalqlar Dostluğu,Bakı,1773.05
6386350,249000,AZN,3,103.0,3,13,True,True,True,Xalqlar Dostluğu,Bakı,2417.48
6094758,278000,AZN,3,140.0,9,16,True,False,False,Əhmədli,Bakı,1985.71
6119177,130000,AZN,2,61.0,3,6,True,False,False,Əhmədli,Bakı,2131.15
6470979,160000,AZN,1,34.5,1,28,True,True,False,Sea Breeze,Bakı,4637.68
5985329,300000,AZN,4,133.0,8,12,True,False,False,Həzi Aslanov,Bakı,2255.64
5909726,179000,AZN,2,65.0,2,10,True,True,True,Nərimanov,Bakı,2753.85
6116088,330000,AZN,3,125.0,15,17,True,False,False,Əhmədli,Bakı,2640.0
6393262,174000,AZN,2,48.0,4,5,True,False,False,Elmlər Akademiyası,Bakı,3625.0
6157725,285000,AZN,3,90.0,1,19,True,False,False,Əhmədli,Bakı,3166.67
6120624,157500,AZN,3,90.0,9,9,True,False,False,Həzi Aslanov,Bakı,1750.0
6154948,280000,AZN,3,130.0,14,19,True,False,False,İnşaatçılar,Bakı,2153.85
6494527,187999,AZN,3,74.0,4,5,True,False,False,Memar Əcəmi,Bakı,2540.53
6092529,180000,AZN,3,90.0,4,9,True,False,False,Əhmədli,Bakı,2000.0
6407031,120000,AZN,1,43.0,16,17,True,False,False,Neftçilər,Bakı,2790.7
6479150,440000,AZN,3,142.0,16,17,True,False,False,Səbail,Bakı,3098.59
6407075,110000,AZN,2,40.0,5,5,True,False,False,Neftçilər,Bakı,2750.0
6407137,115000,AZN,2,40.0,1,5,True,False,False,Xalqlar Dostluğu,Bakı,2875.0
6407177,140000,AZN,2,50.0,1,5,True,False,False,Neftçilər,Bakı,2800.0
6407247,168000,AZN,2,57.0,7,16,True,False,False,Neftçilər,Bakı,2947.37
6494542,155000,AZN,2,40.0,5,5,True,False,False,Gənclik,Bakı,3875.0
6407421,155000,AZN,2,60.0,1,9,True,False,False,Xalqlar Dostluğu,Bakı,2583.33
6407597,200000,AZN,2,83.0,17,17,True,False,False,Xalqlar Dostluğu,Bakı,2409.64
6494541,277000,AZN,2,90.0,4,18,True,False,False,Nəsimi,Bakı,3077.78
6491718,187000,AZN,2,66.0,7,18,True,False,False,Dərnəgül,Bakı,2833.33
6494539,155000,AZN,2,50.0,8,10,True,False,False,Gənclik,Bakı,3100.0
6494531,680000,AZN,4,200.0,3,16,True,False,False,İçəri Şəhər,Bakı,3400.0
6438537,270000,AZN,3,127.0,16,17,True,True,False,Memar Əcəmi,Bakı,2125.98
6494537,220000,AZN,2,60.0,12,20,True,False,False,20 Yanvar,Bakı,3666.67
5502245,515000,AZN,4,198.0,18,20,False,True,False,Elmlər Akademiyası,Bakı,2601.01
6002616,340000,AZN,4,128.0,7,11,True,False,False,8 Noyabr,Bakı,2656.25
4966002,287375,AZN,3,114.9,4,14,False,True,True,Dərnəgül,Bakı,2501.09
4965055,299950,AZN,3,119.9,4,13,,True,True,Dərnəgül,Bakı,2501.67
6494533,82000,AZN,2,43.0,3,6,True,False,False,Masazır,Bakı,1906.98
4966017,296693,AZN,3,116.3,4,14,False,True,True,Dərnəgül,Bakı,2551.1
6486438,340000,AZN,2,75.0,6,19,True,False,False,Şah İsmayıl Xətai,Bakı,4533.33
6494532,140000,AZN,3,61.0,1,9,True,False,False,Həzi Aslanov,Bakı,2295.08
4967576,331920,AZN,3,138.3,4,13,False,True,True,Dərnəgül,Bakı,2400.0
6442773,129000,AZN,2,52.0,2,2,True,True,True,28 May,Bakı,2480.77
6396803,380000,AZN,4,165.0,2,15,True,False,False,Memar Əcəmi,Bakı,2303.03
6446125,225000,AZN,2,76.0,6,17,True,True,True,7-ci mikrorayon,Bakı,2960.53
6422751,192000,AZN,2,72.0,6,10,True,False,False,Həzi Aslanov,Bakı,2666.67
6408083,199000,AZN,3,78.0,2,5,True,False,False,Bakıxanov,Bakı,2551.28
6470173,192000,AZN,2,70.0,4,16,True,True,False,Həzi Aslanov,Bakı,2742.86
6470235,165000,AZN,2,60.0,2,11,True,True,False,Bakıxanov,Bakı,2750.0
6472060,920000,AZN,4,161.0,3,7,True,True,True,Ağ şəhər,Bakı,5714.29
5740876,950000,AZN,4,350.0,4,16,True,True,False,Nəriman Nərimanov,Bakı,2714.29
6084478,193000,AZN,2,54.9,3,17,True,False,False,Həzi Aslanov,Bakı,3515.48
6476821,68000,AZN,2,37.0,1,6,True,True,False,Masazır,Bakı,1837.84
6469084,329000,AZN,4,169.0,9,15,True,True,True,Neftçilər,Bakı,1946.75
6359506,220000,AZN,4,100.0,2,5,True,False,False,Neftçilər,Bakı,2200.0
6494525,300000,AZN,3,134.0,5,19,True,False,False,Yasamal,Bakı,2238.81
6057566,125000,AZN,2,51.0,15,19,True,False,False,Bakıxanov,Bakı,2450.98
6494524,150000,AZN,2,51.0,3,5,True,False,False,Xalqlar Dostluğu,Bakı,2941.18
6407999,219000,AZN,3,96.0,10,17,True,False,False,Xətai,Bakı,2281.25
5936595,395000,AZN,3,140.0,4,16,True,True,False,Nəsimi,Bakı,2821.43
6494511,229000,AZN,3,98.0,10,15,True,False,False,Həzi Aslanov,Bakı,2336.73
6233983,170000,AZN,2,78.0,7,17,True,False,False,Əhmədli,Bakı,2179.49
6305632,110000,AZN,1,35.0,5,5,True,False,False,İnşaatçılar,Bakı,3142.86
6494519,380000,AZN,3,93.0,13,19,True,False,False,Şah İsmayıl Xətai,Bakı,4086.02
6395876,315000,AZN,3,127.0,5,14,False,False,False,Qara Qarayev,Bakı,2480.31
5556087,295000,AZN,3,100.0,14,20,True,True,False,20 Yanvar,Bakı,2950.0
6494515,122000,AZN,1,31.0,1,3,True,False,False,28 May,Bakı,3935.48
6494513,309000,AZN,4,124.0,7,14,True,False,False,Həzi Aslanov,Bakı,2491.94
6494514,275000,AZN,2,50.0,4,8,False,False,False,Ağ şəhər,Bakı,5500.0
6455044,290000,AZN,2,108.2,15,16,False,True,False,Koroğlu,Bakı,2680.22
6197247,650000,AZN,3,133.0,15,16,True,True,True,28 May,Bakı,4887.22
6465955,205000,AZN,3,85.0,11,13,True,False,False,Neftçilər,Bakı,2411.76
5536194,160000,AZN,2,60.0,4,5,True,False,False,Qara Qarayev,Bakı,2666.67
6463759,290000,AZN,3,100.0,14,17,True,False,False,Qara Qarayev,Bakı,2900.0
6281607,330000,AZN,3,106.0,3,17,True,False,False,Qara Qarayev,Bakı,3113.21
6337703,220000,AZN,3,85.0,7,9,True,False,False,Qara Qarayev,Bakı,2588.24
5801955,193000,AZN,3,110.0,1,9,True,False,False,Qara Qarayev,Bakı,1754.55
6416772,260000,AZN,2,77.0,15,17,True,False,False,Qara Qarayev,Bakı,3376.62
6487990,86000,AZN,2,73.0,5,6,True,False,False,Masazır,Bakı,1178.08
6104518,166000,AZN,3,82.0,9,9,True,False,False,Əhmədli,Bakı,2024.39
6263071,355000,AZN,5,180.0,7,9,True,False,False,Nizami,Bakı,1972.22
6158076,130000,AZN,3,102.0,4,17,True,True,False,Saray,Bakı,1274.51
6494508,384000,AZN,3,99.0,15,20,True,False,False,Nəsimi,Bakı,3878.79
6410533,247000,AZN,2,67.0,17,19,True,False,False,Şah İsmayıl Xətai,Bakı,3686.57
6494507,400000,AZN,3,171.0,3,16,True,False,False,8 Noyabr,Bakı,2339.18
6404460,290000,AZN,4,105.0,3,5,True,False,False,8-ci mikrorayon,Bakı,2761.9
6042320,189000,AZN,4,100.0,7,9,True,False,False,Köhnə Günəşli,Bakı,1890.0
6494505,200000,AZN,2,58.0,4,17,True,False,False,Nəsimi,Bakı,3448.28
6483028,395000,AZN,3,105.0,18,19,True,False,False,Nəriman Nərimanov,Bakı,3761.9
6494501,132000,AZN,1,40.0,1,3,True,False,False,28 May,Bakı,3300.0
6331508,240000,AZN,3,70.0,14,18,True,False,False,Nərimanov,Bakı,3428.57
6494498,260000,AZN,3,75.0,3,4,True,False,False,Nəriman Nərimanov,Bakı,3466.67
6494496,157000,AZN,2,55.0,7,9,True,False,False,Əhmədli,Bakı,2854.55
6494493,197000,AZN,3,90.0,3,9,True,False,False,Neftçilər,Bakı,2188.89
5094157,279000,AZN,2,77.2,14,17,True,False,False,Bayıl,Bakı,3613.99
6488903,115000,AZN,2,50.0,1,4,True,False,False,Xətai,Bakı,2300.0
6494492,158000,AZN,2,65.0,4,9,True,False,False,Yeni Yasamal,Bakı,2430.77
6494490,300000,AZN,4,110.0,6,9,True,False,False,Elmlər Akademiyası,Bakı,2727.27
6419292,112000,AZN,2,50.0,4,5,True,False,False,Qaraçuxur,Bakı,2240.0
6494488,188000,AZN,3,103.0,10,10,True,False,False,Xalqlar Dostluğu,Bakı,1825.24
6479821,425000,AZN,2,105.0,16,17,True,True,True,Gənclik,Bakı,4047.62
6494487,80000,AZN,1,42.0,4,5,True,False,False,Gənclik,Bakı,1904.76
6491683,155000,AZN,3,85.0,9,9,True,True,False,Həzi Aslanov,Bakı,1823.53
6463284,485000,AZN,3,130.0,8,16,True,False,False,28 May,Bakı,3730.77
6494483,215000,AZN,3,62.0,3,16,True,False,False,Neftçilər,Bakı,3467.74
6494482,135000,AZN,4,105.0,5,5,True,False,False,Zabrat,Bakı,1285.71
6472029,165000,AZN,2,71.4,8,12,True,True,True,Əmircan,Bakı,2310.92
5106668,700000,AZN,3,142.0,8,8,True,False,False,Ağ şəhər,Bakı,4929.58
6484205,160000,AZN,2,50.0,10,18,True,False,False,İnşaatçılar,Bakı,3200.0
6466968,330000,AZN,2,114.0,14,18,True,False,False,28 May,Bakı,2894.74
6494479,385000,AZN,3,130.0,6,17,True,False,False,Şah İsmayıl Xətai,Bakı,2961.54
6484261,155000,AZN,3,75.0,4,4,True,False,False,Bakıxanov,Bakı,2066.67
6475430,275000,AZN,4,125.0,4,9,True,False,False,Nəsimi,Bakı,2200.0
6494477,310000,AZN,3,115.0,5,6,True,False,False,Nəsimi,Bakı,2695.65
6494478,345000,AZN,3,115.0,3,16,True,False,False,İnşaatçılar,Bakı,3000.0
6190243,847000,AZN,3,140.0,4,10,False,False,False,Ağ şəhər,Bakı,6050.0
6157610,168000,AZN,3,70.0,2,5,True,False,False,Bakıxanov,Bakı,2400.0
6389320,166000,AZN,2,50.0,3,5,True,False,False,Elmlər Akademiyası,Bakı,3320.0
6494476,338000,AZN,3,107.0,9,17,True,False,False,Koroğlu,Bakı,3158.88
6413009,579000,AZN,5,240.0,14,24,True,False,False,Şah İsmayıl Xətai,Bakı,2412.5
5930025,215000,AZN,4,95.0,7,9,True,False,False,Bakıxanov,Bakı,2263.16
6440781,388000,AZN,3,155.0,6,24,True,True,True,Şah İsmayıl Xətai,Bakı,2503.23
6491649,213000,AZN,4,104.0,3,11,True,True,False,Bakıxanov,Bakı,2048.08
6372430,250000,AZN,3,94.0,15,17,True,False,False,Səbail,Bakı,2659.57
6411712,310000,AZN,3,105.4,6,14,False,False,False,Nərimanov,Bakı,2941.18
6045856,199000,AZN,3,80.0,2,5,True,False,False,Bakıxanov,Bakı,2487.5
6466226,158000,AZN,3,65.0,6,9,True,True,True,Memar Əcəmi,Bakı,2430.77
6410386,220000,AZN,2,57.0,3,6,True,False,False,İçəri Şəhər,Bakı,3859.65
6408459,288000,AZN,2,74.0,8,17,True,False,False,Nəriman Nərimanov,Bakı,3891.89
6447796,110000,AZN,1,38.0,1,5,True,True,True,Memar Əcəmi,Bakı,2894.74
6422687,430000,AZN,3,108.0,4,15,True,True,True,28 May,Bakı,3981.48
6439523,189000,AZN,3,75.0,4,17,True,True,True,Memar Əcəmi,Bakı,2520.0
6444169,235000,AZN,2,80.0,15,18,True,False,False,Azadlıq Prospekti,Bakı,2937.5
6441708,145000,AZN,2,60.0,5,5,True,True,False,Xalqlar Dostluğu,Bakı,2416.67
6399720,194500,AZN,2,60.0,3,18,True,True,True,Memar Əcəmi,Bakı,3241.67
5465343,305000,AZN,3,110.0,11,20,True,True,True,Əhmədli,Bakı,2772.73
6446263,310000,AZN,3,110.0,12,13,True,False,False,Xətai,Bakı,2818.18
6388659,215000,AZN,3,101.0,4,16,True,True,True,Xətai,Bakı,2128.71
6480092,292000,AZN,2,90.0,11,16,True,False,False,Elmlər Akademiyası,Bakı,3244.44
6399777,240000,AZN,3,75.0,2,18,True,True,True,Memar Əcəmi,Bakı,3200.0
5902710,190000,AZN,3,95.0,3,9,True,True,True,Lökbatan,Bakı,2000.0
6472418,370000,AZN,3,128.0,4,17,True,False,False,Elmlər Akademiyası,Bakı,2890.62
6400654,82000,AZN,1,22.0,1,2,True,False,False,Sahil,Bakı,3727.27
6482948,132000,AZN,2,52.0,8,18,True,True,True,20 Yanvar,Bakı,2538.46
6476957,199500,AZN,2,61.0,14,15,True,False,False,Qara Qarayev,Bakı,3270.49
6439492,68000,AZN,2,44.0,5,6,True,True,False,Masazır,Bakı,1545.45
6488740,178000,AZN,4,114.0,8,9,True,True,False,Hövsan,Bakı,1561.4
6407132,445000,AZN,3,168.0,11,18,False,False,False,28 May,Bakı,2648.81
6439477,67500,AZN,2,57.0,6,6,True,False,False,Masazır,Bakı,1184.21
6407682,650000,AZN,5,172.0,3,4,True,False,False,Sahil,Bakı,3779.07
6494470,330000,AZN,3,136.0,3,19,True,False,False,Nəriman Nərimanov,Bakı,2426.47
6494473,193000,AZN,2,90.0,10,17,False,False,False,Biləcəri,Bakı,2144.44
6494472,165000,AZN,3,55.0,3,5,True,False,False,20 Yanvar,Bakı,3000.0
6414185,700000,AZN,7,800.0,17,17,False,True,True,Elmlər Akademiyası,Bakı,875.0
6475866,350000,AZN,3,100.0,2,3,True,False,False,Sahil,Bakı,3500.0
6411343,470000,AZN,4,165.0,12,17,True,False,False,Şah İsmayıl Xətai,Bakı,2848.48
6457188,385000,AZN,3,157.0,8,17,True,False,False,Şah İsmayıl Xətai,Bakı,2452.23
6327299,95000,AZN,1,18.0,1,2,True,False,False,Sahil,Bakı,5277.78
6430536,199000,AZN,3,73.0,5,10,True,False,False,Bakıxanov,Bakı,2726.03
6494469,305000,AZN,3,110.0,13,19,True,False,False,Azadlıq Prospekti,Bakı,2772.73
6449950,70000,AZN,2,61.0,2,4,False,True,False,Qaraçuxur,Bakı,1147.54
6494467,215000,AZN,1,76.3,9,12,False,False,False,8 Noyabr,Bakı,2817.82
6494466,188000,AZN,3,70.0,3,5,True,False,False,Qara Qarayev,Bakı,2685.71
6390519,264000,AZN,3,96.0,6,9,False,True,True,Nəriman Nərimanov,Bakı,2750.0
6494465,210000,AZN,3,100.0,4,16,True,False,False,Memar Əcəmi,Bakı,2100.0
6465886,380000,AZN,3,100.0,12,17,True,True,False,Nəsimi,Bakı,3800.0
6494464,157000,AZN,2,52.0,2,5,True,False,False,Elmlər Akademiyası,Bakı,3019.23
6040734,374000,AZN,3,135.0,11,17,True,False,False,İnşaatçılar,Bakı,2770.37
6304450,183000,AZN,2,85.0,7,10,True,True,True,Yeni Yasamal,Bakı,2152.94
6474750,145000,AZN,2,60.0,4,5,True,True,False,Memar Əcəmi,Bakı,2416.67
6491144,750000,AZN,3,176.0,6,7,True,True,True,Şah İsmayıl Xətai,Bakı,4261.36
6360046,345000,AZN,3,135.0,16,18,True,False,False,İnşaatçılar,Bakı,2555.56
6494461,194000,AZN,2,47.0,9,17,True,False,False,Qara Qarayev,Bakı,4127.66
6410940,111555,AZN,1,22.0,2,3,True,False,False,İçəri Şəhər,Bakı,5070.68
6412081,377777,AZN,4,146.0,5,19,True,False,False,Xətai,Bakı,2587.51
6491130,161000,AZN,2,75.0,7,9,True,False,False,Xətai,Bakı,2146.67
6493148,140000,AZN,2,72.0,5,10,True,False,False,Suraxanı,Bakı,1944.44
6464684,325000,AZN,3,105.0,8,17,True,False,False,8-ci mikrorayon,Bakı,3095.24
6480051,138000,AZN,2,68.0,9,9,True,False,False,Yeni Günəşli,Bakı,2029.41
6351721,362000,AZN,4,132.0,4,16,False,True,False,Qara Qarayev,Bakı,2742.42
6378412,249000,AZN,3,85.0,4,5,True,False,False,8-ci mikrorayon,Bakı,2929.41
6473846,122000,AZN,2,33.0,2,5,True,False,False,Elmlər Akademiyası,Bakı,3696.97
6494457,129500,AZN,2,38.0,2,5,True,False,False,Memar Əcəmi,Bakı,3407.89
6433205,338000,AZN,3,135.0,16,17,True,False,False,İnşaatçılar,Bakı,2503.7
6491659,250000,AZN,3,90.0,2,7,True,False,False,Elmlər Akademiyası,Bakı,2777.78
6494455,437500,AZN,3,125.0,5,16,True,False,False,28 May,Bakı,3500.0
6491959,290000,AZN,2,61.0,11,18,True,False,False,Nərimanov,Bakı,4754.1
6428447,535000,AZN,3,150.0,6,16,True,False,False,Nəsimi,Bakı,3566.67
6489073,158000,AZN,2,52.0,3,9,True,False,False,Nərimanov,Bakı,3038.46
6412055,85500,AZN,2,45.0,10,13,True,False,False,Abşeron,Xırdalan,1900.0
6442835,223000,AZN,3,77.0,3,9,True,False,False,Gənclik,Bakı,2896.1
6452693,180000,AZN,2,80.0,12,14,True,True,True,Həzi Aslanov,Bakı,2250.0
6368060,172000,AZN,2,84.0,14,18,True,False,False,Əhmədli,Bakı,2047.62
6478563,235000,AZN,3,85.0,7,9,True,True,False,Nəriman Nərimanov,Bakı,2764.71
6411176,198050,AZN,3,72.0,5,10,True,False,False,Həzi Aslanov,Bakı,2750.69
6494452,310300,AZN,3,107.0,9,16,True,False,False,Yeni Yasamal,Bakı,2900.0
6411157,192050,AZN,2,71.0,6,10,True,False,False,Həzi Aslanov,Bakı,2704.93
6454748,330000,AZN,3,107.0,5,17,True,True,False,Qara Qarayev,Bakı,3084.11
6098656,510000,AZN,4,190.0,8,14,True,False,False,Nəsimi,Bakı,2684.21
6098481,270000,AZN,3,132.0,12,16,True,False,False,Azadlıq Prospekti,Bakı,2045.45
6344955,240000,AZN,1,65.0,7,15,True,False,False,8 Noyabr,Bakı,3692.31
6494447,250000,AZN,3,85.0,2,9,True,False,False,Neftçilər,Bakı,2941.18
6290669,458000,AZN,3,120.0,8,16,True,False,False,Gənclik,Bakı,3816.67
6444751,320000,AZN,3,127.0,8,16,False,False,False,Koroğlu,Bakı,2519.69
6494445,315000,AZN,3,103.5,11,17,True,False,False,Dərnəgül,Bakı,3043.48
6494446,160000,AZN,2,50.5,5,19,False,False,False,8 Noyabr,Bakı,3168.32
6120103,349000,AZN,2,128.0,11,18,True,True,True,Nərimanov,Bakı,2726.56
6494444,146000,AZN,1,44.0,2,5,True,False,False,Şah İsmayıl Xətai,Bakı,3318.18
6490400,225000,AZN,3,114.0,8,13,False,True,True,Həzi Aslanov,Bakı,1973.68
6098513,255000,AZN,2,91.9,5,7,False,True,True,Abşeron,Bakı,2774.76
6482605,263000,AZN,2,59.0,3,18,True,True,True,Bakmil,Bakı,4457.63
6424410,255000,AZN,2,77.0,8,16,True,False,False,Qara Qarayev,Bakı,3311.69
6465127,195000,AZN,3,80.0,5,9,True,False,False,İnşaatçılar,Bakı,2437.5
6445872,300000,AZN,3,120.0,3,18,True,False,False,8 Noyabr,Bakı,2500.0
6341521,165000,AZN,3,70.0,3,5,True,True,False,Həzi Aslanov,Bakı,2357.14
6463747,1100000,AZN,4,290.0,5,22,True,True,True,Şah İsmayıl Xətai,Bakı,3793.1
6363359,175000,AZN,2,45.0,3,5,True,False,False,İnşaatçılar,Bakı,3888.89
6451621,145000,AZN,2,50.0,14,16,True,False,False,Avtovağzal,Bakı,2900.0
6494442,355000,AZN,3,98.0,12,14,True,False,False,İnşaatçılar,Bakı,3622.45
6494443,440000,AZN,4,202.0,7,12,True,False,False,Gənclik,Bakı,2178.22
6206411,195000,AZN,1,57.4,4,7,False,True,True,Nardaran,Bakı,3397.21
5637302,335000,AZN,4,125.0,3,14,True,True,False,Badamdar,Bakı,2680.0
6494441,469999,AZN,3,115.0,8,18,True,False,False,28 May,Bakı,4086.95
6408018,585000,AZN,3,112.0,13,16,True,False,False,28 May,Bakı,5223.21
6418585,217000,AZN,3,91.0,2,17,True,False,False,Həzi Aslanov,Bakı,2384.62
6492325,295000,AZN,2,90.0,16,16,True,False,False,Nizami,Bakı,3277.78
6484503,275000,AZN,4,120.0,2,9,True,False,False,Azadlıq Prospekti,Bakı,2291.67
6155330,82000,AZN,2,55.0,7,17,True,False,False,Saray,Bakı,1490.91
6494438,539478,AZN,2,75.0,7,13,True,False,False,Nardaran,Bakı,7193.04
6323198,250000,AZN,2,112.0,17,17,True,False,False,Elmlər Akademiyası,Bakı,2232.14
6446231,184500,AZN,2,57.0,3,9,True,False,False,9-cu mikrorayon,Bakı,3236.84
6494436,205000,AZN,2,74.0,8,16,True,False,False,Memar Əcəmi,Bakı,2770.27
6447492,270000,AZN,2,95.0,3,17,True,True,False,Qara Qarayev,Bakı,2842.11
6494433,80000,AZN,1,25.0,1,2,True,False,False,Sahil,Bakı,3200.0
6409260,285000,AZN,3,95.0,4,9,True,False,False,Elmlər Akademiyası,Bakı,3000.0
6494434,140000,AZN,2,55.0,1,5,True,False,False,20 Yanvar,Bakı,2545.45
6296459,330000,AZN,3,95.0,14,19,True,True,False,İnşaatçılar,Bakı,3473.68
5848341,210000,AZN,3,70.0,5,5,True,False,False,Elmlər Akademiyası,Bakı,3000.0
6296543,610000,AZN,3,120.0,10,17,True,True,False,Elmlər Akademiyası,Bakı,5083.33
6494430,105000,AZN,1,35.0,1,5,True,False,False,Neftçilər,Bakı,3000.0
6494429,158000,AZN,2,62.0,4,9,True,False,False,Yeni Yasamal,Bakı,2548.39
6009441,279000,AZN,2,77.0,15,18,True,False,False,Səbail,Bakı,3623.38
6494428,425000,AZN,3,130.0,12,14,True,False,False,Qara Qarayev,Bakı,3269.23
6494426,113000,AZN,1,45.0,8,9,True,False,False,Əhmədli,Bakı,2511.11
5771400,420000,AZN,2,90.0,14,17,True,True,False,Nizami,Bakı,4666.67
6349093,430000,AZN,3,145.0,11,24,False,True,True,Şah İsmayıl Xətai,Bakı,2965.52
6494424,259000,AZN,4,120.0,4,9,True,False,False,20 Yanvar,Bakı,2158.33
6466104,465000,AZN,4,131.0,16,17,True,True,False,Nəsimi,Bakı,3549.62
6494422,328000,AZN,3,135.0,10,17,True,False,False,İnşaatçılar,Bakı,2429.63
6494423,272000,AZN,3,107.0,8,16,True,False,False,Azadlıq Prospekti,Bakı,2542.06
6325870,270000,AZN,3,108.0,7,17,True,False,False,Əhmədli,Bakı,2500.0
6343459,226000,AZN,3,80.0,3,9,True,True,False,Həzi Aslanov,Bakı,2825.0
6494421,279000,AZN,3,92.0,7,22,True,False,False,Ağ şəhər,Bakı,3032.61
6462968,450000,AZN,3,145.0,5,16,True,True,False,28 May,Bakı,3103.45
6487849,240000,AZN,3,103.0,3,17,True,True,True,Həzi Aslanov,Bakı,2330.1
5698229,154000,AZN,3,68.0,5,5,True,True,False,Memar Əcəmi,Bakı,2264.71
6459601,260000,AZN,2,60.0,17,21,True,False,False,Şah İsmayıl Xətai,Bakı,4333.33
6396814,170000,AZN,5,120.0,9,9,True,False,False,Yeni Günəşli,Bakı,1416.67
6475300,145000,AZN,3,90.0,17,17,True,False,False,Əhmədli,Bakı,1611.11
6389680,254000,AZN,3,89.0,9,19,True,True,False,Həzi Aslanov,Bakı,2853.93
6494418,155000,AZN,2,35.0,4,5,True,False,False,İçəri Şəhər,Bakı,4428.57
6410861,205000,AZN,2,82.0,10,16,False,False,False,Əhmədli,Bakı,2500.0
6434465,750000,AZN,4,180.0,8,18,True,False,False,Elmlər Akademiyası,Bakı,4166.67
6437398,380000,AZN,3,105.0,3,8,True,False,False,Nəriman Nərimanov,Bakı,3619.05
6433621,255000,AZN,3,115.0,16,17,True,True,True,Avtovağzal,Bakı,2217.39
6494415,155000,AZN,2,50.0,8,10,True,False,False,Gənclik,Bakı,3100.0
6475178,307000,AZN,2,115.0,9,16,True,True,False,Şah İsmayıl Xətai,Bakı,2669.57
6455493,166000,AZN,2,42.0,15,17,True,False,False,Qara Qarayev,Bakı,3952.38
6450765,173000,AZN,2,50.0,3,5,True,False,False,Nəriman Nərimanov,Bakı,3460.0
6326897,115000,AZN,2,35.0,1,5,True,True,False,Memar Əcəmi,Bakı,3285.71
6318441,298000,AZN,3,120.0,7,16,False,False,False,İnşaatçılar,Bakı,2483.33
6391870,159000,AZN,2,65.0,13,17,True,False,False,Qara Qarayev,Bakı,2446.15
6494411,161000,AZN,2,45.0,4,5,True,False,False,Nəriman Nərimanov,Bakı,3577.78
6255361,275000,AZN,3,90.0,8,9,True,False,False,28 May,Bakı,3055.56
6421894,290000,AZN,4,110.0,2,5,True,False,False,Nəriman Nərimanov,Bakı,2636.36
6494251,278000,AZN,2,55.0,10,12,True,False,False,Nizami,Bakı,5054.55
6487944,340000,AZN,3,152.0,4,18,True,False,False,8 Noyabr,Bakı,2236.84
6446209,268000,AZN,2,66.0,5,16,True,True,True,Gənclik,Bakı,4060.61
6494405,355000,AZN,2,84.0,13,14,True,False,False,Nərimanov,Bakı,4226.19
6482840,280000,AZN,4,85.0,1,9,True,True,False,Əhmədli,Bakı,3294.12
6320130,110000,AZN,3,73.0,3,9,True,False,False,Masazır,Bakı,1506.85
6494410,935400,AZN,5,311.8,6,7,False,False,False,Nəriman Nərimanov,Bakı,3000.0
6471014,105000,AZN,3,70.0,8,11,True,True,False,Abşeron,Xırdalan,1500.0
6494407,90000,AZN,1,25.0,2,2,True,False,False,Sahil,Bakı,3600.0
6462596,154900,AZN,2,65.0,9,15,True,False,False,Neftçilər,Bakı,2383.08
6457553,285000,AZN,3,105.0,11,16,True,True,True,Memar Əcəmi,Bakı,2714.29
6480259,465000,AZN,3,142.0,12,16,True,False,False,Gənclik,Bakı,3274.65
6392288,155000,AZN,2,50.0,14,16,True,True,True,Həzi Aslanov,Bakı,3100.0
6494404,189000,AZN,3,77.0,3,16,True,False,False,Zığ,Bakı,2454.55
6311592,610000,AZN,3,127.0,8,16,True,False,False,Elmlər Akademiyası,Bakı,4803.15
6288205,335000,AZN,3,130.0,5,13,True,False,False,Həzi Aslanov,Bakı,2576.92
6409497,319000,AZN,3,120.6,8,25,True,False,False,Elmlər Akademiyası,Bakı,2645.11
6408636,97000,AZN,3,74.0,1,5,True,False,False,Masazır,Bakı,1310.81
5823424,139000,AZN,3,70.0,3,9,True,False,False,Yeni Günəşli,Bakı,1985.71
6494172,169000,AZN,3,70.0,1,9,True,False,False,Xalqlar Dostluğu,Bakı,2414.29
6494399,235000,AZN,2,80.0,16,17,True,False,False,Azadlıq Prospekti,Bakı,2937.5
5842195,148000,AZN,2,47.0,20,20,True,True,False,20 Yanvar,Bakı,3148.94
6494397,230000,AZN,3,90.0,2,9,True,False,False,Memar Əcəmi,Bakı,2555.56
6366882,193000,AZN,3,85.0,2,5,True,False,False,Elmlər Akademiyası,Bakı,2270.59
6221978,160000,AZN,2,50.0,3,5,True,False,False,Neftçilər,Bakı,3200.0
6408421,128000,AZN,1,50.0,4,6,True,False,False,Yasamal,Bakı,2560.0
6367140,230000,AZN,3,80.0,3,5,True,False,False,Elmlər Akademiyası,Bakı,2875.0
6327584,225000,AZN,3,85.0,5,9,True,False,False,Qara Qarayev,Bakı,2647.06
6494395,219000,AZN,2,88.0,11,17,True,False,False,Həzi Aslanov,Bakı,2488.64
6408887,154000,AZN,2,60.0,4,5,True,False,False,Elmlər Akademiyası,Bakı,2566.67
6247786,165000,AZN,2,58.0,3,16,True,False,False,Xalqlar Dostluğu,Bakı,2844.83
6308765,188000,AZN,2,86.0,6,12,True,False,False,Azadlıq Prospekti,Bakı,2186.05
6471489,174000,AZN,3,60.0,3,5,True,False,False,Memar Əcəmi,Bakı,2900.0
6391994,308000,AZN,3,136.0,10,16,True,False,False,Elmlər Akademiyası,Bakı,2264.71
6084689,180000,AZN,3,80.0,9,9,True,False,False,Həzi Aslanov,Bakı,2250.0
6409100,195000,AZN,2,75.0,5,22,True,False,False,İnşaatçılar,Bakı,2600.0
6084681,135000,AZN,2,60.0,1,9,True,False,False,Həzi Aslanov,Bakı,2250.0
6410326,200000,AZN,3,62.0,2,5,True,False,False,Elmlər Akademiyası,Bakı,3225.81
6327594,105000,AZN,1,35.0,5,5,True,False,False,Qara Qarayev,Bakı,3000.0
6410370,125000,AZN,2,45.0,5,5,True,False,False,İnşaatçılar,Bakı,2777.78
6410637,126000,AZN,2,35.0,2,5,True,False,False,Xalqlar Dostluğu,Bakı,3600.0
6410624,165000,AZN,2,65.0,8,9,True,False,False,Əhmədli,Bakı,2538.46
6494391,220000,AZN,2,82.0,14,17,True,False,False,Əhmədli,Bakı,2682.93
6347672,138000,AZN,2,41.0,2,12,True,False,False,Yasamal,Bakı,3365.85
6283453,195000,AZN,2,53.0,3,20,True,False,False,20 Yanvar,Bakı,3679.25
6494389,270000,AZN,4,157.0,6,16,True,False,False,Xətai,Bakı,1719.75
6266320,258000,AZN,3,75.0,14,20,True,False,False,20 Yanvar,Bakı,3440.0
6226372,195000,AZN,2,53.0,4,20,True,False,False,20 Yanvar,Bakı,3679.25
6494386,170000,AZN,2,58.0,8,17,True,False,False,Neftçilər,Bakı,2931.03
5964768,289000,AZN,2,75.0,17,21,True,False,False,Şah İsmayıl Xətai,Bakı,3853.33
6494385,315000,AZN,3,100.0,10,16,True,False,False,Nizami,Bakı,3150.0
6473668,458000,AZN,3,118.0,7,17,True,True,False,Gənclik,Bakı,3881.36
6210009,169000,AZN,2,58.0,8,17,True,True,False,Neftçilər,Bakı,2913.79
6378564,245000,AZN,2,55.0,14,18,True,True,True,Böyükşor,Bakı,4454.55
5606352,222000,AZN,2,58.0,7,17,True,False,False,Azadlıq Prospekti,Bakı,3827.59
6491557,239000,AZN,3,75.0,9,9,True,True,False,Binəqədi,Bakı,3186.67
6465086,163000,AZN,2,70.0,1,5,True,True,True,İnşaatçılar,Bakı,2328.57
6417496,228000,AZN,3,110.0,3,17,True,False,False,Əhmədli,Bakı,2072.73
6003249,153000,AZN,3,85.0,1,9,True,False,False,Həzi Aslanov,Bakı,1800.0
6000933,195000,AZN,3,80.0,8,9,True,False,False,Əhmədli,Bakı,2437.5
6200129,229000,AZN,3,80.0,6,15,True,False,False,Həzi Aslanov,Bakı,2862.5
6148597,285000,AZN,2,70.0,19,21,True,False,False,Şah İsmayıl Xətai,Bakı,4071.43
6494380,178000,AZN,2,60.0,3,10,True,False,False,Xalqlar Dostluğu,Bakı,2966.67
6000909,134000,AZN,2,50.0,5,5,True,False,False,Xalqlar Dostluğu,Bakı,2680.0
6148603,285000,AZN,3,70.0,19,21,True,False,False,Şah İsmayıl Xətai,Bakı,4071.43
6243974,145000,AZN,2,50.0,4,5,True,False,False,Neftçilər,Bakı,2900.0
6383032,72000,AZN,2,44.0,2,6,True,False,False,Masazır,Bakı,1636.36
5964039,179000,AZN,3,85.0,6,9,True,False,False,Həzi Aslanov,Bakı,2105.88
6204064,195000,AZN,2,55.0,3,16,False,False,False,Şah İsmayıl Xətai,Bakı,3545.45
6486592,245000,AZN,3,102.0,8,9,True,False,False,Gənclik,Bakı,2401.96
6471287,205000,AZN,2,45.0,5,5,True,True,False,Elmlər Akademiyası,Bakı,4555.56
6029290,290000,AZN,2,75.0,15,16,True,False,False,Şah İsmayıl Xətai,Bakı,3866.67
6252699,198000,AZN,3,75.0,5,10,True,False,False,Xətai,Bakı,2640.0
6173791,190000,AZN,1,26.0,2,3,True,True,True,İçəri Şəhər,Bakı,7307.69
6494374,182500,AZN,2,72.0,7,16,True,False,False,Biləcəri,Bakı,2534.72
6427037,116000,AZN,1,41.0,5,12,True,False,False,Əmircan,Bakı,2829.27
6035988,227000,AZN,3,90.0,11,16,True,True,False,Yeni Yasamal,Bakı,2522.22
6225699,200000,AZN,2,65.0,19,20,False,False,False,Şah İsmayıl Xətai,Bakı,3076.92
6494372,350000,AZN,2,105.0,13,17,True,False,False,Nərimanov,Bakı,3333.33
6484946,483588,AZN,3,134.3,6,16,False,True,True,Elmlər Akademiyası,Bakı,3600.8
6260006,1300000,AZN,10,1000.0,20,22,False,False,False,Şah İsmayıl Xətai,Bakı,1300.0
6257938,357000,AZN,3,121.0,6,14,False,False,False,Gənclik,Bakı,2950.41
6258842,335000,AZN,3,150.0,4,24,False,False,False,Şah İsmayıl Xətai,Bakı,2233.33
6453771,313000,AZN,2,102.0,6,16,True,False,False,8 Noyabr,Bakı,3068.63
6397991,272000,AZN,3,100.0,8,16,True,False,False,20 Yanvar,Bakı,2720.0
6485304,424080,AZN,2,111.6,9,9,False,True,True,Elmlər Akademiyası,Bakı,3800.0
5964627,255000,AZN,2,70.0,16,16,True,False,False,Şah İsmayıl Xətai,Bakı,3642.86
5883441,315000,AZN,4,185.0,15,18,False,False,False,Həzi Aslanov,Bakı,1702.7
4599094,45500,AZN,1,54.0,6,6,False,False,False,Masazır,Bakı,842.59
6422545,153000,AZN,2,65.0,5,9,True,False,False,Neftçilər,Bakı,2353.85
5964539,263000,AZN,2,66.0,12,21,False,False,False,Şah İsmayıl Xətai,Bakı,3984.85
6164020,263000,AZN,2,66.0,6,21,True,False,False,Şah İsmayıl Xətai,Bakı,3984.85
5864814,319000,AZN,3,98.0,3,12,True,False,False,Bakıxanov,Bakı,3255.1
6494367,259000,AZN,3,70.0,12,20,True,False,False,20 Yanvar,Bakı,3700.0
6494368,189000,AZN,3,90.0,3,5,True,False,False,Bakıxanov,Bakı,2100.0
6494365,275000,AZN,2,75.2,3,6,True,False,False,Nardaran,Bakı,3656.91
6200683,198000,AZN,4,120.0,11,15,True,False,False,Abşeron,Xırdalan,1650.0
6487548,85500,AZN,2,73.0,5,6,True,False,False,Masazır,Bakı,1171.23
6494363,400000,AZN,3,160.0,4,17,True,False,False,8 Noyabr,Bakı,2500.0
5940052,172000,AZN,2,60.0,4,5,True,False,False,8-ci mikrorayon,Bakı,2866.67
6494362,530000,AZN,4,200.0,11,20,True,False,False,28 May,Bakı,2650.0
6494361,470000,AZN,3,115.0,8,18,True,False,False,28 May,Bakı,4086.96
6452746,355000,AZN,3,120.0,2,16,True,True,True,İnşaatçılar,Bakı,2958.33
6434539,550000,AZN,3,125.0,19,19,True,True,True,Şah İsmayıl Xətai,Bakı,4400.0
6488492,162000,AZN,2,65.0,3,5,True,True,False,Həzi Aslanov,Bakı,2492.31
6411368,175000,AZN,3,75.0,3,9,True,False,False,Qaraçuxur,Bakı,2333.33
6494358,255000,AZN,3,95.0,6,18,True,False,False,Memar Əcəmi,Bakı,2684.21
6197152,260000,AZN,2,60.0,17,21,True,False,False,Şah İsmayıl Xətai,Bakı,4333.33
6494355,205000,AZN,2,53.0,14,20,True,False,False,20 Yanvar,Bakı,3867.92
6246183,314000,AZN,4,127.0,5,16,False,False,False,Qara Qarayev,Bakı,2472.44
6494352,242000,AZN,3,92.0,7,19,True,False,False,Nəsimi,Bakı,2630.43
6326857,85000,AZN,2,51.0,3,4,True,True,False,Qaraçuxur,Bakı,1666.67
6471775,154800,AZN,2,90.5,5,12,False,False,False,Biləcəri,Bakı,1710.5
6447014,175000,AZN,3,74.0,5,15,True,False,False,Biləcəri,Bakı,2364.86
6494350,209000,AZN,1,55.0,5,16,False,False,False,Nəsimi,Bakı,3800.0
6049056,300000,AZN,3,132.0,3,18,False,False,False,8 Noyabr,Bakı,2272.73
6494349,420000,AZN,3,126.0,10,18,True,False,False,Nizami,Bakı,3333.33
6287472,140000,AZN,3,99.0,1,4,True,True,False,Qaraçuxur,Bakı,1414.14
5515435,275000,AZN,4,148.5,1,6,False,True,True,Həzi Aslanov,Bakı,1851.85
6494348,220000,AZN,3,100.0,11,15,False,False,False,20 Yanvar,Bakı,2200.0
6426852,300000,AZN,3,102.0,8,16,True,False,False,Qara Qarayev,Bakı,2941.18
6458678,168000,AZN,3,108.0,11,11,True,False,False,Əhmədli,Bakı,1555.56
6486545,199500,AZN,3,85.0,8,10,True,False,False,Xalqlar Dostluğu,Bakı,2347.06
6476171,218000,AZN,3,95.0,8,17,True,False,False,Həzi Aslanov,Bakı,2294.74
6494334,70000,AZN,2,70.0,5,6,False,True,False,Masazır,Bakı,1000.0
6494342,169000,AZN,3,76.0,8,9,True,False,False,Həzi Aslanov,Bakı,2223.68
6163602,897000,AZN,4,182.0,13,18,True,True,False,Elmlər Akademiyası,Bakı,4928.57
6451825,485000,AZN,4,180.0,8,12,True,True,False,8 Noyabr,Bakı,2694.44
6494339,94000,AZN,3,90.0,2,3,True,False,False,Əhmədli,Bakı,1044.44
6494337,117000,AZN,1,38.0,3,5,True,False,False,Həzi Aslanov,Bakı,3078.95
6494338,597000,AZN,3,135.0,3,7,False,False,False,Ağ şəhər,Bakı,4422.22
6486995,186000,AZN,2,80.0,3,17,True,False,False,Həzi Aslanov,Bakı,2325.0
6483619,325000,AZN,3,145.0,14,18,True,False,False,Gənclik,Bakı,2241.38
6494329,170000,AZN,2,45.0,3,5,True,False,False,Elmlər Akademiyası,Bakı,3777.78
4816583,1901939,AZN,4,266.4,4,10,False,True,True,Bayıl,Bakı,7139.41
6494328,350000,AZN,3,130.0,11,17,True,False,False,20 Yanvar,Bakı,2692.31
6494327,700000,AZN,3,88.0,4,7,True,False,False,Ağ şəhər,Bakı,7954.55
6378970,398000,AZN,3,107.4,6,16,True,False,False,Dərnəgül,Bakı,3705.77
5563472,440000,AZN,4,180.0,3,16,True,True,False,Azadlıq Prospekti,Bakı,2444.44
6494323,220000,AZN,4,95.0,1,9,True,False,False,Xalqlar Dostluğu,Bakı,2315.79
5877292,252000,AZN,2,92.0,19,21,True,True,True,Nəriman Nərimanov,Bakı,2739.13
6448741,322000,AZN,3,100.0,12,18,True,False,False,Elmlər Akademiyası,Bakı,3220.0
5888596,289000,AZN,2,75.0,17,21,True,False,False,Şah İsmayıl Xətai,Bakı,3853.33
6462715,160000,AZN,2,65.0,16,16,True,False,False,Yasamal,Bakı,2461.54
6143156,285000,AZN,3,70.0,19,21,True,False,False,Şah İsmayıl Xətai,Bakı,4071.43
6494320,250000,AZN,3,90.0,5,9,True,False,False,Memar Əcəmi,Bakı,2777.78
6247568,212000,AZN,2,92.0,7,20,False,False,False,Həzi Aslanov,Bakı,2304.35
6483900,290000,AZN,4,100.0,5,7,True,False,False,Şah İsmayıl Xətai,Bakı,2900.0
6143124,285000,AZN,2,70.0,19,21,True,False,False,Şah İsmayıl Xətai,Bakı,4071.43
6411232,242000,AZN,3,80.0,11,15,True,False,False,Həzi Aslanov,Bakı,3025.0
6203711,195000,AZN,2,55.0,3,15,False,False,False,Şah İsmayıl Xətai,Bakı,3545.45
5880265,425000,AZN,4,172.8,9,16,False,True,True,Koroğlu,Bakı,2459.49
6494312,176000,AZN,3,92.0,9,9,True,False,False,Xalqlar Dostluğu,Bakı,1913.04
6494311,155000,AZN,2,58.0,2,5,True,False,False,Memar Əcəmi,Bakı,2672.41
6494308,200000,AZN,2,41.0,3,4,True,False,False,Sahil,Bakı,4878.05
6478266,307167,AZN,4,146.2,2,9,False,False,False,7-ci mikrorayon,Bakı,2101.01
6175302,480000,AZN,2,80.0,7,7,True,False,False,Ağ şəhər,Bakı,6000.0
6319941,560000,AZN,3,108.0,4,8,True,False,False,Ağ şəhər,Bakı,5185.19
6471357,240000,AZN,2,75.0,5,12,True,False,False,Xalqlar Dostluğu,Bakı,3200.0
6432094,285000,AZN,3,100.0,9,18,True,False,False,28 May,Bakı,2850.0
6444016,168000,AZN,3,69.3,1,9,True,True,False,Köhnə Günəşli,Bakı,2424.24
6238545,288000,AZN,3,90.0,4,13,True,False,False,Neftçilər,Bakı,3200.0
6389885,355000,AZN,3,120.0,12,18,True,False,False,Nəsimi,Bakı,2958.33
6133397,455000,AZN,3,140.0,3,18,True,False,False,Nəsimi,Bakı,3250.0
6259942,1300000,AZN,10,1000.0,20,21,False,False,False,Şah İsmayıl Xətai,Bakı,1300.0
6327689,360000,AZN,4,124.0,2,11,True,False,False,Əhmədli,Bakı,2903.23
6354415,139000,AZN,3,74.0,4,9,True,True,False,Masazır,Bakı,1878.38
6408463,870000,AZN,4,213.0,6,7,False,False,False,Ağ şəhər,Bakı,4084.51
6494303,270000,AZN,2,82.0,9,20,True,False,False,Nəriman Nərimanov,Bakı,3292.68
6372885,210000,AZN,2,88.8,13,14,False,True,False,20 Yanvar,Bakı,2364.86
6494302,227000,AZN,3,130.0,10,12,False,False,False,Sabunçu,Bakı,1746.15
6439000,81000,AZN,2,48.0,3,9,True,True,False,Masazır,Bakı,1687.5
6449243,135000,AZN,2,56.0,1,3,True,True,True,Sahil,Bakı,2410.71
6177753,475000,AZN,2,80.0,7,7,True,False,False,Ağ şəhər,Bakı,5937.5
6494299,543250,AZN,4,205.0,13,16,False,False,False,Nəsimi,Bakı,2650.0
6456540,113000,AZN,2,60.0,2,5,True,False,False,Memar Əcəmi,Bakı,1883.33
6274976,110000,AZN,1,35.0,2,5,True,True,False,Qara Qarayev,Bakı,3142.86
6494295,330000,AZN,3,98.0,18,20,True,False,False,Azadlıq Prospekti,Bakı,3367.35
6101390,490000,AZN,2,95.0,2,8,True,False,False,Ağ şəhər,Bakı,5157.89
6439881,293000,AZN,2,80.0,10,12,True,False,False,Nəsimi,Bakı,3662.5
6441958,365000,AZN,3,100.0,3,18,True,False,False,Nəriman Nərimanov,Bakı,3650.0
6494293,429000,AZN,3,150.0,16,18,True,False,False,Badamdar,Bakı,2860.0
6388338,245000,AZN,3,125.0,2,16,False,False,False,Memar Əcəmi,Bakı,1960.0
6494294,315000,AZN,2,85.0,18,20,True,False,False,Nəriman Nərimanov,Bakı,3705.88
6485293,750000,AZN,4,147.0,2,7,True,False,False,Ağ şəhər,Bakı,5102.04
5491265,196000,AZN,3,80.0,7,9,True,False,False,Bakıxanov,Bakı,2450.0
5510139,385000,AZN,3,147.0,2,12,True,False,False,Bakıxanov,Bakı,2619.05
6351187,410000,AZN,4,170.0,8,16,False,False,False,Gənclik,Bakı,2411.76
6494288,430000,AZN,4,200.0,14,20,True,False,False,Nəsimi,Bakı,2150.0
6097066,315000,AZN,4,185.0,14,18,False,True,True,Əhmədli,Bakı,1702.7
6178368,263000,AZN,2,66.0,12,21,True,False,False,Şah İsmayıl Xətai,Bakı,3984.85
6093192,335000,AZN,3,130.0,3,12,False,False,False,Nərimanov,Bakı,2576.92
6404385,298000,AZN,2,83.0,14,22,True,True,False,Xətai,Bakı,3590.36
6352147,250000,AZN,2,90.0,8,16,False,False,False,Gənclik,Bakı,2777.78
6324649,590000,AZN,4,182.0,7,16,True,False,False,Nəriman Nərimanov,Bakı,3241.76
6325095,142000,AZN,1,50.0,12,13,False,False,False,İnşaatçılar,Bakı,2840.0
6411260,963000,AZN,4,205.0,4,20,False,False,False,Ağ şəhər,Bakı,4697.56
6325736,595000,AZN,4,160.0,15,17,True,False,False,Şah İsmayıl Xətai,Bakı,3718.75
6414756,139000,AZN,2,60.0,5,9,True,False,False,Köhnə Günəşli,Bakı,2316.67
6485670,342000,AZN,3,110.0,16,18,True,True,False,Qara Qarayev,Bakı,3109.09
6479158,219000,AZN,1,70.0,3,16,False,False,False,Nəsimi,Bakı,3128.57
6272212,795500,AZN,4,185.0,5,20,False,False,False,Ağ şəhər,Bakı,4300.0
6494284,270000,AZN,2,82.0,9,20,True,False,False,Nəriman Nərimanov,Bakı,3292.68
6444782,185000,AZN,2,46.0,6,16,,True,False,Qara Qarayev,Bakı,4021.74
6426740,310000,AZN,3,136.0,14,17,True,False,False,Nəriman Nərimanov,Bakı,2279.41
6476035,109000,AZN,1,40.0,3,6,False,False,False,Sea Breeze,Bakı,2725.0
6494280,370000,AZN,3,105.0,10,15,True,False,False,Nəriman Nərimanov,Bakı,3523.81
6249517,495000,AZN,3,140.0,15,17,True,False,False,Gənclik,Bakı,3535.71
5827516,181500,AZN,2,56.7,13,16,True,True,False,Yasamal,Bakı,3201.06
6494279,255000,AZN,3,80.0,14,17,False,False,False,Nizami,Bakı,3187.5
6353870,378000,AZN,3,118.0,5,17,True,False,False,Gənclik,Bakı,3203.39
6494276,210000,AZN,3,91.0,2,17,True,False,False,Xətai,Bakı,2307.69
6494278,295000,AZN,3,135.0,17,18,True,False,False,Neftçilər,Bakı,2185.19
6494274,379000,AZN,2,83.0,6,17,True,False,False,28 May,Bakı,4566.27
5856789,720000,AZN,4,145.0,5,8,True,False,False,Ağ şəhər,Bakı,4965.52
5323124,605000,AZN,3,157.0,18,20,False,False,False,Ağ şəhər,Bakı,3853.5
6197280,260000,AZN,2,60.0,17,21,True,False,False,Şah İsmayıl Xətai,Bakı,4333.33
6007423,595000,AZN,4,193.0,9,20,True,False,False,Nərimanov,Bakı,3082.9
6494138,150000,AZN,2,50.0,3,5,True,True,False,Neftçilər,Bakı,3000.0
6399215,1000000,AZN,5,186.0,5,7,False,False,False,Ağ şəhər,Bakı,5376.34
6494273,240000,AZN,2,90.0,3,16,True,False,False,8-ci kilometr,Bakı,2666.67
6494272,219000,AZN,2,80.0,17,24,False,False,False,Şah İsmayıl Xətai,Bakı,2737.5
6114285,624000,AZN,3,146.8,3,8,False,False,False,Ağ şəhər,Bakı,4250.68
6468820,253000,AZN,2,70.0,14,16,True,False,False,Nərimanov,Bakı,3614.29
5884900,285000,AZN,3,71.4,4,17,True,False,False,Azadlıq Prospekti,Bakı,3991.6
6320782,479000,AZN,3,100.0,3,8,True,False,False,Ağ şəhər,Bakı,4790.0
6148946,700000,AZN,3,141.0,8,8,True,False,False,Ağ şəhər,Bakı,4964.54
5538525,1150000,AZN,4,267.0,12,28,True,False,False,Şah İsmayıl Xətai,Bakı,4307.12
5726333,700000,AZN,4,197.0,9,16,True,False,False,Elmlər Akademiyası,Bakı,3553.3
6432514,239000,AZN,1,49.8,1,7,False,True,True,Sea Breeze,Bakı,4799.2
5669366,200000,AZN,3,99.0,10,15,False,False,False,Binəqədi,Bakı,2020.2
5697707,259000,AZN,3,82.0,15,17,True,False,False,Binəqədi,Bakı,3158.54
6310312,390000,AZN,3,157.0,14,19,True,True,False,Şah İsmayıl Xətai,Bakı,2484.08
5761767,133000,AZN,2,64.5,8,16,False,False,False,Binəqədi,Bakı,2062.02
6436894,198000,AZN,2,50.0,10,17,True,True,True,Qara Qarayev,Bakı,3960.0
5546577,880000,AZN,5,326.0,16,17,False,False,False,Nəriman Nərimanov,Bakı,2699.39
6494269,250000,AZN,2,50.0,10,10,True,False,False,Sahil,Bakı,5000.0
5763228,325000,AZN,3,113.0,16,18,False,False,False,28 May,Bakı,2876.11
6494270,129000,AZN,2,45.0,5,5,True,False,False,Memar Əcəmi,Bakı,2866.67
6195534,132000,AZN,3,74.0,4,11,True,True,False,Məmmədli,Bakı,1783.78
6159872,357000,AZN,3,143.0,13,16,False,False,False,Nəriman Nərimanov,Bakı,2496.5
5549049,1200000,AZN,10,613.0,14,14,False,False,False,Nizami,Bakı,1957.59
6227473,110000,AZN,1,36.0,2,2,False,False,False,28 May,Bakı,3055.56
5825599,360000,AZN,3,136.0,15,17,True,False,False,Nəsimi,Bakı,2647.06
6149476,920000,AZN,3,193.0,22,24,False,False,False,28 May,Bakı,4766.84
6468088,278000,AZN,3,80.0,2,4,True,True,True,28 May,Bakı,3475.0
5693684,783000,AZN,4,261.0,3,7,False,False,False,Nərimanov,Bakı,3000.0
6417482,192000,AZN,2,53.0,11,20,True,True,False,20 Yanvar,Bakı,3622.64
6411127,377000,AZN,3,147.5,15,19,False,False,False,Xətai,Bakı,2555.93
6444013,132000,AZN,3,84.0,8,14,True,False,False,Masazır,Bakı,1571.43
6494045,325000,AZN,4,176.0,17,18,True,True,False,İnşaatçılar,Bakı,1846.59
6451508,135000,AZN,1,38.0,7,16,False,False,False,Böyükşor,Bakı,3552.63
6269034,188000,AZN,2,52.0,5,5,True,True,False,Elmlər Akademiyası,Bakı,3615.38
6493872,305000,AZN,2,68.0,4,17,True,True,True,Elmlər Akademiyası,Bakı,4485.29
6127094,83000,AZN,1,21.0,1,2,True,False,False,28 May,Bakı,3952.38
6456126,79500,AZN,3,77.0,6,6,True,False,False,Masazır,Bakı,1032.47
6227458,80000,AZN,1,21.0,1,2,True,False,False,28 May,Bakı,3809.52
6494267,155000,AZN,2,58.0,2,5,True,False,False,Memar Əcəmi,Bakı,2672.41
6494263,315000,AZN,4,110.0,12,17,False,False,False,Nizami,Bakı,2863.64
6049956,170000,AZN,2,62.0,10,10,False,False,False,28 May,Bakı,2741.94
6408969,621450,AZN,3,138.1,3,8,False,False,False,Ağ şəhər,Bakı,4500.0
6494265,660000,AZN,4,174.0,5,18,True,False,False,Nəriman Nərimanov,Bakı,3793.1
6464740,81000,AZN,3,85.0,9,11,False,True,False,Masazır,Bakı,952.94
6370271,336000,AZN,3,112.3,12,17,False,False,False,28 May,Bakı,2991.99
6446332,233000,AZN,2,60.0,5,14,True,False,False,Nərimanov,Bakı,3883.33
6448179,250000,AZN,2,71.0,7,14,True,False,False,Bakıxanov,Bakı,3521.13
6455919,355000,AZN,3,120.0,15,17,True,False,False,Nərimanov,Bakı,2958.33
6477960,270000,AZN,2,82.0,10,20,True,False,False,Nəriman Nərimanov,Bakı,3292.68
6024480,184500,AZN,3,65.0,4,9,True,True,False,Əhmədli,Bakı,2838.46
6395397,235000,AZN,2,67.0,12,17,True,False,False,8-ci mikrorayon,Bakı,3507.46
6478659,145000,AZN,2,41.0,3,5,True,False,False,Memar Əcəmi,Bakı,3536.59
6437243,188000,AZN,2,52.0,9,16,True,True,True,Neftçilər,Bakı,3615.38
6326055,79000,AZN,3,105.0,6,6,True,True,False,Masazır,Bakı,752.38
6488357,660000,AZN,3,120.0,3,7,False,True,False,Ağ şəhər,Bakı,5500.0
6494260,186000,AZN,2,55.0,5,14,True,False,False,Nizami,Bakı,3381.82
6330912,635000,AZN,3,125.0,19,21,True,True,True,Şah İsmayıl Xətai,Bakı,5080.0
6435353,142175,AZN,3,60.5,13,14,False,True,True,Qaraçuxur,Bakı,2350.0
5797553,545000,AZN,4,186.0,6,17,True,True,True,Nizami,Bakı,2930.11
6375155,275000,AZN,2,65.0,10,17,True,False,False,Gənclik,Bakı,4230.77
6416371,65000,AZN,2,56.0,6,6,True,True,True,Masazır,Bakı,1160.71
6465848,225000,AZN,2,65.0,2,4,True,True,False,Şah İsmayıl Xətai,Bakı,3461.54
6418458,202000,AZN,2,83.0,15,15,False,False,False,Nəriman Nərimanov,Bakı,2433.73
6457427,90000,AZN,2,65.0,8,9,True,True,False,Hövsan,Bakı,1384.62
6423468,385000,AZN,3,116.0,10,14,True,False,False,28 May,Bakı,3318.97
6418498,275000,AZN,3,75.0,5,16,True,False,False,Nəriman Nərimanov,Bakı,3666.67
5860159,78500,AZN,1,41.0,6,7,True,False,False,Masazır,Bakı,1914.63
6494253,688750,AZN,3,145.0,3,7,False,False,False,Ağ şəhər,Bakı,4750.0
6321998,99500,AZN,2,64.0,9,9,True,False,False,Masazır,Bakı,1554.69
6320436,85000,AZN,2,62.0,3,9,True,False,False,Masazır,Bakı,1370.97
6234578,82500,AZN,2,83.0,5,6,False,False,False,Masazır,Bakı,993.98
6494249,309000,AZN,4,130.0,4,6,True,False,False,Həzi Aslanov,Bakı,2376.92
6319305,87000,AZN,2,60.0,2,5,True,False,False,Masazır,Bakı,1450.0
6235111,94000,AZN,2,58.0,6,14,True,False,False,Masazır,Bakı,1620.69
6494217,265000,AZN,3,106.0,2,17,True,True,True,Əhmədli,Bakı,2500.0
6094630,215000,AZN,2,70.0,7,9,True,False,False,Yasamal,Bakı,3071.43
6494233,350000,AZN,3,105.0,13,15,True,True,True,Əhmədli,Bakı,3333.33
6151464,448000,AZN,4,141.7,3,17,True,False,False,Gənclik,Bakı,3161.61
6479818,180000,AZN,3,85.0,6,9,True,False,False,Xətai,Bakı,2117.65
6494243,172000,AZN,5,120.0,9,9,True,False,False,Yeni Günəşli,Bakı,1433.33
6289453,280000,AZN,2,90.0,3,16,True,False,False,Nəsimi,Bakı,3111.11
6430840,145000,AZN,2,60.0,4,9,True,False,False,Həzi Aslanov,Bakı,2416.67
6353531,278000,AZN,2,90.0,9,15,True,False,False,Nəriman Nərimanov,Bakı,3088.89
6235212,70000,AZN,2,41.0,2,8,True,False,False,Masazır,Bakı,1707.32
6312616,268000,AZN,2,84.0,8,15,True,False,False,Nəriman Nərimanov,Bakı,3190.48
6058302,345000,AZN,3,105.0,9,15,True,False,False,Həzi Aslanov,Bakı,3285.71
6480279,157000,AZN,2,60.0,3,17,True,False,False,Yasamal,Bakı,2616.67
5029079,100000,AZN,2,68.0,13,16,True,False,False,Masazır,Bakı,1470.59
6494241,275000,AZN,3,123.0,18,18,True,False,False,İnşaatçılar,Bakı,2235.77
5416914,95000,AZN,3,70.0,1,8,True,False,False,Masazır,Bakı,1357.14
6322115,259000,AZN,2,55.0,7,18,True,False,False,Elmlər Akademiyası,Bakı,4709.09
5871249,319000,AZN,3,120.0,3,14,True,False,False,Neftçilər,Bakı,2658.33
6475960,615000,AZN,4,139.0,4,5,False,True,True,Sea Breeze,Bakı,4424.46
5793685,220000,AZN,2,54.0,7,14,True,False,False,Nərimanov,Bakı,4074.07
5676050,102000,AZN,3,84.0,4,14,True,False,False,Masazır,Bakı,1214.29
5341743,590000,AZN,4,164.0,3,16,True,False,False,Nəriman Nərimanov,Bakı,3597.56
4662253,93500,AZN,2,70.0,5,6,True,False,False,Masazır,Bakı,1335.71
6051556,385000,AZN,2,81.0,2,8,True,True,True,Sea Breeze,Bakı,4753.09
5282129,125000,AZN,3,92.0,3,6,True,False,False,Masazır,Bakı,1358.7
5964868,495000,AZN,4,175.0,19,20,True,False,False,Nəsimi,Bakı,2828.57
6270786,355000,AZN,3,108.0,8,18,True,False,False,Səbail,Bakı,3287.04
5826867,67000,AZN,2,41.0,3,8,True,False,False,Masazır,Bakı,1634.15
6494235,109000,AZN,1,39.5,5,9,False,False,False,Sea Breeze,Bakı,2759.49
6398942,318000,AZN,3,105.0,6,16,True,False,False,Həzi Aslanov,Bakı,3028.57
6482367,663214,AZN,4,174.5,8,16,False,True,True,Elmlər Akademiyası,Bakı,3800.65
6473961,300000,AZN,3,72.2,18,18,True,False,False,Nəriman Nərimanov,Bakı,4155.12
6155388,93000,AZN,3,84.0,4,14,True,False,False,Masazır,Bakı,1107.14
6465811,135000,AZN,1,20.0,1,17,True,False,False,Nəriman Nərimanov,Bakı,6750.0
6494232,380000,AZN,3,117.0,15,16,True,False,False,Nəsimi,Bakı,3247.86
6398952,241900,AZN,3,80.0,12,15,True,False,False,Əhmədli,Bakı,3023.75
6494234,140000,AZN,2,60.0,3,9,True,False,False,Azadlıq Prospekti,Bakı,2333.33
6464732,195000,AZN,5,125.0,5,9,True,True,False,Həzi Aslanov,Bakı,1560.0
6494231,66000,AZN,1,49.7,3,9,False,False,False,Masazır,Bakı,1327.97
6462706,390000,AZN,3,108.0,8,16,True,True,False,28 May,Bakı,3611.11
5489871,314500,AZN,1,58.0,4,4,True,True,True,Sea Breeze,Bakı,5422.41
6008412,515000,AZN,3,125.0,6,16,True,False,False,Nəsimi,Bakı,4120.0
6283292,488700,AZN,4,171.5,12,16,False,False,False,Nəriman Nərimanov,Bakı,2849.56
6494225,210000,AZN,2,55.2,2,2,True,False,False,Nəriman Nərimanov,Bakı,3804.35
6345303,565000,AZN,4,178.0,22,27,False,False,False,Yasamal,Bakı,3174.16
6355115,225000,AZN,2,65.0,13,17,True,False,False,Koroğlu,Bakı,3461.54
6494226,147000,AZN,2,65.0,5,9,True,False,False,Həzi Aslanov,Bakı,2261.54
6312644,54500,AZN,1,42.0,2,6,False,False,False,Masazır,Bakı,1297.62
6325502,310000,AZN,3,105.0,8,16,True,True,True,Neftçilər,Bakı,2952.38
6385849,378000,AZN,2,63.0,11,20,True,False,False,Xətai,Bakı,6000.0
6311395,89500,AZN,2,57.0,3,6,True,False,False,Masazır,Bakı,1570.18
6494224,379000,AZN,3,107.0,15,17,True,False,False,Nərimanov,Bakı,3542.06
6068188,85000,AZN,2,70.0,2,8,True,False,False,Masazır,Bakı,1214.29
6470770,249000,AZN,3,130.0,16,17,True,False,False,Xalqlar Dostluğu,Bakı,1915.38
6494223,338000,AZN,2,107.0,9,17,True,False,False,Koroğlu,Bakı,3158.88
6129920,81000,AZN,2,78.0,6,6,True,False,False,Masazır,Bakı,1038.46
6402874,215000,AZN,3,160.0,11,11,True,False,False,Nəriman Nərimanov,Bakı,1343.75
6405883,255000,AZN,4,90.0,1,5,True,False,False,Elmlər Akademiyası,Bakı,2833.33
5959142,650000,AZN,3,120.0,15,17,True,False,False,Elmlər Akademiyası,Bakı,5416.67
6478098,135000,AZN,3,55.0,5,5,True,False,False,Memar Əcəmi,Bakı,2454.55
5070077,66500,AZN,2,41.0,7,8,True,False,False,Masazır,Bakı,1621.95
5959133,920000,AZN,4,166.0,11,17,True,False,False,Elmlər Akademiyası,Bakı,5542.17
5968709,155000,AZN,3,96.0,3,6,True,False,False,Masazır,Bakı,1614.58
6494221,320000,AZN,2,71.3,5,6,True,False,False,Sea Breeze,Bakı,4488.08
6445303,162000,AZN,3,60.0,1,9,True,False,False,Əhmədli,Bakı,2700.0
6482323,329500,AZN,3,109.0,13,16,True,True,False,Nizami,Bakı,3022.94
4795829,92000,AZN,2,70.0,7,8,True,False,False,Masazır,Bakı,1314.29
6140535,108000,AZN,2,70.0,8,8,True,False,False,Masazır,Bakı,1542.86
6222835,80500,AZN,2,57.0,5,6,True,False,False,Masazır,Bakı,1412.28
6365000,86000,AZN,2,51.0,1,6,True,False,False,Masazır,Bakı,1686.27
6237680,276000,AZN,3,88.0,3,17,True,False,False,Həzi Aslanov,Bakı,3136.36
6181908,135000,AZN,3,90.0,7,7,True,False,False,Masazır,Bakı,1500.0
5990210,435000,AZN,3,106.0,16,17,True,False,False,28 May,Bakı,4103.77
6494220,150000,AZN,2,52.0,16,17,True,False,False,Biləcəri,Bakı,2884.62
6323422,85000,AZN,2,57.0,1,6,True,False,False,Masazır,Bakı,1491.23
6176440,345000,AZN,2,67.0,3,17,True,False,False,Elmlər Akademiyası,Bakı,5149.25
6494218,248000,AZN,3,86.0,8,10,True,False,False,Memar Əcəmi,Bakı,2883.72
6224630,88000,AZN,3,55.0,5,7,True,False,False,Masazır,Bakı,1600.0
6139310,678000,AZN,4,242.0,12,17,False,False,False,28 May,Bakı,2801.65
6138160,71000,AZN,2,44.0,4,8,True,False,False,Masazır,Bakı,1613.64
5747400,53000,AZN,2,41.0,8,8,True,False,False,Masazır,Bakı,1292.68
6430593,660000,AZN,3,217.0,11,17,True,False,False,Nərimanov,Bakı,3041.47
6428036,655000,AZN,3,148.0,6,20,True,False,False,Elmlər Akademiyası,Bakı,4425.68
6150532,120000,AZN,3,80.0,4,7,True,False,False,Masazır,Bakı,1500.0
5730719,600000,AZN,3,157.0,18,20,False,False,False,Ağ şəhər,Bakı,3821.66
5889119,83000,AZN,2,54.0,2,6,True,False,False,Masazır,Bakı,1537.04
5901894,830000,AZN,5,195.0,2,7,True,True,False,Ağ şəhər,Bakı,4256.41
5665642,100000,AZN,2,60.0,5,7,True,False,False,Masazır,Bakı,1666.67
6425280,465000,AZN,2,86.0,3,17,True,False,False,Elmlər Akademiyası,Bakı,5406.98
6494216,369900,AZN,3,112.0,15,17,True,False,False,Nəriman Nərimanov,Bakı,3302.68
6131880,112000,AZN,2,92.4,4,9,False,False,False,Masazır,Bakı,1212.12
6494210,270000,AZN,2,80.0,6,16,False,False,False,28 May,Bakı,3375.0
5646854,896719,AZN,3,184.5,4,19,True,True,True,Şah İsmayıl Xətai,Bakı,4860.27
6494212,350000,AZN,3,148.0,14,18,False,False,False,Nəsimi,Bakı,2364.86
6493704,349999,AZN,3,136.0,12,18,True,True,False,20 Yanvar,Bakı,2573.52
6494214,290000,AZN,4,136.0,9,12,True,False,False,Əhmədli,Bakı,2132.35
6442018,83500,AZN,2,42.0,2,10,True,True,False,Masazır,Bakı,1988.1
6019229,375000,AZN,2,100.0,12,17,True,False,False,Nizami,Bakı,3750.0
5646676,535919,AZN,2,97.2,4,19,True,True,True,Şah İsmayıl Xətai,Bakı,5513.57
6332414,237000,AZN,2,63.2,5,17,True,False,False,Koroğlu,Bakı,3750.0
6494211,210000,AZN,2,64.0,11,16,False,False,False,Koroğlu,Bakı,3281.25
6411143,1496000,AZN,4,220.0,15,20,False,False,False,Ağ şəhər,Bakı,6800.0
6380101,129000,AZN,2,52.0,20,20,True,False,False,İnşaatçılar,Bakı,2480.77
5646756,878528,AZN,3,190.5,7,19,True,True,False,Şah İsmayıl Xətai,Bakı,4611.7
6325618,239000,AZN,2,95.0,4,20,True,False,False,Həzi Aslanov,Bakı,2515.79
6494209,229000,AZN,3,98.0,10,15,True,False,False,Həzi Aslanov,Bakı,2336.73
5981885,155000,AZN,1,57.0,1,9,False,True,True,Sea Breeze,Bakı,2719.3
5981972,347500,AZN,2,102.0,3,7,True,True,True,Sea Breeze,Bakı,3406.86
6051473,320000,AZN,2,100.0,5,18,True,False,False,Şah İsmayıl Xətai,Bakı,3200.0
6251851,580000,AZN,3,141.0,4,4,True,True,True,Sea Breeze,Bakı,4113.48
6476091,240000,AZN,3,88.0,4,19,True,False,False,Həzi Aslanov,Bakı,2727.27
6335865,235000,AZN,3,87.0,7,14,True,False,False,Xalqlar Dostluğu,Bakı,2701.15
6494208,310000,AZN,4,240.0,13,13,True,False,False,8 Noyabr,Bakı,1291.67
6475152,425000,AZN,3,130.0,11,16,True,False,False,Qara Qarayev,Bakı,3269.23
6359870,365000,AZN,3,112.0,14,15,True,False,False,Nəsimi,Bakı,3258.93
6458629,249000,AZN,3,87.0,5,16,True,True,False,Əhmədli,Bakı,2862.07
6427457,237000,AZN,2,60.0,2,14,True,True,False,Bayıl,Bakı,3950.0
6363485,509000,AZN,4,180.0,12,16,True,False,False,Nəsimi,Bakı,2827.78
5910390,399000,AZN,3,99.0,15,20,True,False,False,Nəsimi,Bakı,4030.3
6491106,205000,AZN,2,71.0,15,17,False,False,False,Koroğlu,Bakı,2887.32
6441819,154000,AZN,2,55.0,8,20,True,False,False,İnşaatçılar,Bakı,2800.0
6474567,179000,AZN,2,51.0,3,10,True,False,False,7-ci mikrorayon,Bakı,3509.8
6312954,200000,AZN,3,80.0,2,17,True,False,False,Həzi Aslanov,Bakı,2500.0
6449000,255000,AZN,2,70.0,9,18,True,False,False,8 Noyabr,Bakı,3642.86
6290236,146000,AZN,2,50.0,4,5,True,False,False,İnşaatçılar,Bakı,2920.0
6226086,437000,AZN,3,112.0,9,15,True,False,False,Nərimanov,Bakı,3901.79
6414548,310000,AZN,2,85.0,14,18,True,False,False,Nərimanov,Bakı,3647.06
6494201,520000,AZN,4,192.0,7,17,True,False,False,28 May,Bakı,2708.33
6491224,429000,AZN,3,151.0,16,18,True,True,True,Badamdar,Bakı,2841.06
6494198,300000,AZN,3,107.0,7,20,True,False,False,Yasamal,Bakı,2803.74
4675929,175000,AZN,1,60.0,3,8,False,True,True,Nardaran,Bakı,2916.67
5814679,465000,AZN,4,141.0,16,17,True,False,False,Gənclik,Bakı,3297.87
6353683,184000,AZN,2,68.0,10,15,True,False,False,Həzi Aslanov,Bakı,2705.88
5750714,239000,AZN,3,127.0,6,14,True,False,False,Həzi Aslanov,Bakı,1881.89
6391768,222000,AZN,3,125.0,10,18,False,False,False,Avtovağzal,Bakı,1776.0
6215772,150000,AZN,2,54.0,1,9,True,False,False,Əhmədli,Bakı,2777.78
6494197,164000,AZN,2,50.0,3,5,True,False,False,20 Yanvar,Bakı,3280.0
6397443,209000,AZN,3,85.0,4,4,True,False,False,Gənclik,Bakı,2458.82
6494196,98000,AZN,2,27.0,5,5,True,False,False,Nəriman Nərimanov,Bakı,3629.63
6302281,520000,AZN,3,140.0,8,16,True,False,False,Nəsimi,Bakı,3714.29
6494194,170000,AZN,3,90.0,1,9,True,False,False,Xətai,Bakı,1888.89
6341995,300000,AZN,4,100.0,2,7,True,True,False,Şah İsmayıl Xətai,Bakı,3000.0
6385028,630000,AZN,4,220.0,2,12,True,True,True,Nərimanov,Bakı,2863.64
6482646,268000,AZN,4,160.0,12,14,True,True,False,Nizami,Bakı,1675.0
6486131,630000,AZN,4,210.0,8,16,True,False,False,Nəsimi,Bakı,3000.0
6224845,370000,AZN,3,121.0,15,16,False,False,False,Azadlıq Prospekti,Bakı,3057.85
6441790,824000,AZN,5,323.0,16,16,False,False,False,Nəriman Nərimanov,Bakı,2551.08
6463811,146000,AZN,3,65.0,5,5,True,True,False,Qara Qarayev,Bakı,2246.15
6184333,265000,AZN,5,120.0,5,9,True,False,False,Yeni Günəşli,Bakı,2208.33
6401240,137000,AZN,2,50.0,2,8,True,False,False,Bülbülə,Bakı,2740.0
6075169,309000,AZN,4,135.0,2,17,True,False,False,Həzi Aslanov,Bakı,2288.89
6474691,133000,AZN,2,55.6,2,14,False,False,False,Bakıxanov,Bakı,2392.09
6494177,225000,AZN,2,70.0,15,16,True,False,False,Qara Qarayev,Bakı,3214.29
5646696,484671,AZN,2,96.7,10,19,True,True,False,Şah İsmayıl Xətai,Bakı,5012.11
6447034,318000,AZN,3,98.0,4,10,True,True,False,Memar Əcəmi,Bakı,3244.9
6246369,345000,AZN,4,160.0,17,17,True,True,True,Həzi Aslanov,Bakı,2156.25
6455195,350000,AZN,3,130.0,16,18,True,True,False,20 Yanvar,Bakı,2692.31
6455693,144000,AZN,1,45.0,3,9,True,False,False,Elmlər Akademiyası,Bakı,3200.0
6335298,510000,AZN,4,172.8,8,16,True,False,False,Koroğlu,Bakı,2951.39
5789215,1250000,AZN,5,285.0,17,20,True,False,False,Elmlər Akademiyası,Bakı,4385.96
6494182,140000,AZN,2,60.0,3,5,True,False,False,Həzi Aslanov,Bakı,2333.33
6158408,450000,AZN,3,95.0,16,17,True,False,False,28 May,Bakı,4736.84
6469312,485000,AZN,3,130.0,8,17,True,False,False,28 May,Bakı,3730.77
6323513,450000,AZN,3,130.0,6,14,True,True,True,Nəriman Nərimanov,Bakı,3461.54
6145004,290000,AZN,2,70.0,6,13,True,False,False,Səbail,Bakı,4142.86
6027249,695000,AZN,4,207.0,3,16,True,False,False,Şah İsmayıl Xətai,Bakı,3357.49
6494176,220000,AZN,3,73.0,5,18,False,False,False,Yasamal,Bakı,3013.7
6354112,295000,AZN,3,118.0,10,18,True,False,False,Həzi Aslanov,Bakı,2500.0
5837337,214000,AZN,2,66.0,16,16,True,False,False,Nəriman Nərimanov,Bakı,3242.42
6080104,265000,AZN,2,86.0,14,14,True,True,False,Qara Qarayev,Bakı,3081.4
6454908,84500,AZN,2,51.0,11,11,True,True,True,Abşeron,Xırdalan,1656.86
6129603,360000,AZN,2,111.0,4,18,False,True,True,28 May,Bakı,3243.24
6327959,250000,AZN,3,100.0,12,15,True,False,False,Xalqlar Dostluğu,Bakı,2500.0
6494171,278000,AZN,5,120.0,2,9,True,False,False,Xalqlar Dostluğu,Bakı,2316.67
6414965,185000,AZN,2,54.0,4,14,True,True,False,Neftçilər,Bakı,3425.93
6494173,146000,AZN,2,50.0,5,5,True,False,False,Bakıxanov,Bakı,2920.0
6385781,210000,AZN,3,90.0,13,17,True,False,False,Həzi Aslanov,Bakı,2333.33
6474660,175000,AZN,2,58.0,13,18,True,True,False,Həzi Aslanov,Bakı,3017.24
6494170,237000,AZN,2,63.0,5,17,True,False,False,Koroğlu,Bakı,3761.9
6482526,177000,AZN,2,55.0,13,15,True,True,False,Həzi Aslanov,Bakı,3218.18
6488641,215000,AZN,3,85.0,3,5,True,False,False,Xalqlar Dostluğu,Bakı,2529.41
6478418,148000,AZN,2,48.0,20,20,True,False,False,20 Yanvar,Bakı,3083.33
6477103,380000,AZN,3,116.0,6,16,True,True,False,Qara Qarayev,Bakı,3275.86
6474877,175000,AZN,2,55.0,14,17,True,True,True,Həzi Aslanov,Bakı,3181.82
6494169,232000,AZN,3,95.0,16,19,True,False,False,20 Yanvar,Bakı,2442.11
6494158,177000,AZN,2,66.0,10,18,True,False,False,Memar Əcəmi,Bakı,2681.82
6494168,130000,AZN,2,34.0,5,5,True,False,False,Memar Əcəmi,Bakı,3823.53
6494167,134000,AZN,2,42.0,14,14,True,False,False,Yasamal,Bakı,3190.48
6494160,150000,AZN,1,24.0,1,3,True,False,False,28 May,Bakı,6250.0
6494162,290000,AZN,2,62.0,10,16,True,False,False,28 May,Bakı,4677.42
6494161,475000,AZN,3,160.0,13,22,True,False,False,Şah İsmayıl Xətai,Bakı,2968.75
5182619,880000,AZN,5,220.0,4,4,True,False,False,Sahil,Bakı,4000.0
5869101,650000,AZN,4,181.0,11,18,True,False,False,Şah İsmayıl Xətai,Bakı,3591.16
6494156,300000,AZN,3,124.0,6,20,True,False,False,İnşaatçılar,Bakı,2419.35
6439934,220000,AZN,3,74.0,5,18,True,True,True,Yasamal,Bakı,2972.97
6421582,433000,AZN,4,160.0,5,14,True,False,False,8 Noyabr,Bakı,2706.25
6494155,338000,AZN,3,107.0,9,17,True,False,False,Koroğlu,Bakı,3158.88
6494150,224900,AZN,3,82.0,8,9,True,False,False,Əhmədli,Bakı,2742.68
6430460,449000,AZN,4,165.0,10,17,True,False,False,Elmlər Akademiyası,Bakı,2721.21
6472883,269000,AZN,2,60.0,1,6,True,False,False,Nəsimi,Bakı,4483.33
6409140,429000,AZN,3,150.0,15,18,True,True,False,Badamdar,Bakı,2860.0
6476766,260000,AZN,3,115.0,14,15,False,False,False,Qara Qarayev,Bakı,2260.87
6398425,197000,AZN,3,57.0,3,7,True,True,False,Qara Qarayev,Bakı,3456.14
6391410,287000,AZN,3,130.0,2,12,True,True,False,Neftçilər,Bakı,2207.69
6440129,170000,AZN,2,60.0,9,16,True,True,False,Memar Əcəmi,Bakı,2833.33
6494147,249000,AZN,3,75.0,5,5,True,False,False,Qara Qarayev,Bakı,3320.0
5018761,290000,AZN,3,158.0,3,6,True,True,True,Şıxov,Bakı,1835.44
6468230,385000,AZN,3,125.0,11,19,True,True,True,Şah İsmayıl Xətai,Bakı,3080.0
6458345,115000,AZN,2,58.0,9,11,True,True,True,Zığ,Bakı,1982.76
6494145,161900,AZN,2,60.0,6,9,True,False,False,Xətai,Bakı,2698.33
6413787,237000,AZN,1,58.0,6,7,True,True,True,Sea Breeze,Bakı,4086.21
6413803,331500,AZN,2,93.0,5,7,False,True,True,Sea Breeze,Bakı,3564.52
6413863,306000,AZN,2,86.0,3,5,False,True,True,Sea Breeze,Bakı,3558.14
6403859,175000,AZN,2,58.0,17,19,True,False,False,Memar Əcəmi,Bakı,3017.24
6257374,380000,AZN,3,126.0,15,15,True,False,False,Bakıxanov,Bakı,3015.87
6410038,160000,AZN,3,80.0,8,9,True,False,False,Yeni Günəşli,Bakı,2000.0
6453007,395000,AZN,3,105.0,17,17,True,False,False,Nəriman Nərimanov,Bakı,3761.9
6494135,335000,AZN,4,100.0,4,5,True,False,False,28 May,Bakı,3350.0
6494136,370000,AZN,3,100.0,16,16,True,False,False,Nəriman Nərimanov,Bakı,3700.0
6494134,210000,AZN,2,55.0,2,2,True,False,False,Nəriman Nərimanov,Bakı,3818.18
6494133,315000,AZN,2,120.0,14,14,True,False,False,Azadlıq Prospekti,Bakı,2625.0
6494129,195000,AZN,2,60.0,4,20,True,False,False,İnşaatçılar,Bakı,3250.0
6369176,169000,AZN,3,75.0,5,5,True,False,False,Nərimanov,Bakı,2253.33
6494128,230000,AZN,3,135.0,24,24,False,False,False,Nizami,Bakı,1703.7
6385444,379000,AZN,3,130.0,3,17,True,False,False,Gənclik,Bakı,2915.38
6494125,267000,AZN,3,112.0,11,17,True,False,False,Həzi Aslanov,Bakı,2383.93
6453199,183000,AZN,4,110.0,5,9,True,False,False,Yeni Günəşli,Bakı,1663.64
6374685,370000,AZN,3,110.0,10,14,True,False,False,Nizami,Bakı,3363.64
6078346,450000,AZN,3,113.0,17,18,True,False,False,Şah İsmayıl Xətai,Bakı,3982.3
6476822,210000,AZN,3,63.0,5,5,True,True,True,Nəriman Nərimanov,Bakı,3333.33
6494124,168000,AZN,2,45.6,9,9,True,False,False,Yeni Yasamal,Bakı,3684.21
5990031,147500,AZN,2,50.0,6,9,True,True,False,Azadlıq Prospekti,Bakı,2950.0
6395248,647000,AZN,4,257.0,9,20,False,False,False,Yasamal,Bakı,2517.51
6494123,171900,AZN,2,60.0,8,9,True,False,False,Əhmədli,Bakı,2865.0
6409250,309000,AZN,4,135.0,2,15,True,False,False,Həzi Aslanov,Bakı,2288.89
6494121,225000,AZN,2,59.0,12,17,True,False,False,Koroğlu,Bakı,3813.56
6494120,141500,AZN,2,48.0,3,5,True,False,False,Həzi Aslanov,Bakı,2947.92
6494119,370000,AZN,3,117.0,17,18,True,False,False,Nizami,Bakı,3162.39
6168598,249000,AZN,3,85.0,4,5,True,True,False,Azadlıq Prospekti,Bakı,2929.41
6369416,162000,AZN,2,83.0,8,16,True,False,False,Əhmədli,Bakı,1951.81
5806584,325000,AZN,3,105.0,8,18,True,True,False,Azadlıq Prospekti,Bakı,3095.24
6494111,335000,AZN,2,114.0,14,18,True,False,False,Nərimanov,Bakı,2938.6
6468279,650000,AZN,4,190.0,12,17,True,True,False,28 May,Bakı,3421.05
6246062,349000,AZN,3,135.0,14,17,True,True,False,20 Yanvar,Bakı,2585.19
6494115,225000,AZN,2,59.0,13,17,True,False,False,Koroğlu,Bakı,3813.56
6454533,142000,AZN,2,65.0,5,9,True,False,False,Həzi Aslanov,Bakı,2184.62
6494113,240000,AZN,2,60.0,10,16,True,False,False,28 May,Bakı,4000.0
6464790,145000,AZN,3,45.0,3,5,True,False,False,Memar Əcəmi,Bakı,3222.22
6493884,156000,AZN,3,80.0,1,5,True,False,False,Memar Əcəmi,Bakı,1950.0
6477085,254900,AZN,2,85.0,8,18,True,False,False,8 Noyabr,Bakı,2998.82
6476938,140000,AZN,3,85.0,6,11,True,True,False,Masazır,Bakı,1647.06
5794312,310000,AZN,4,120.0,5,9,True,False,False,Azadlıq Prospekti,Bakı,2583.33
6494112,398000,AZN,3,112.0,15,16,False,False,False,Nəsimi,Bakı,3553.57
6423140,69500,AZN,1,33.0,3,4,True,False,False,Abşeron,Xırdalan,2106.06
6476958,520000,AZN,4,202.0,7,17,False,False,False,Nizami,Bakı,2574.26
6458089,239000,AZN,3,90.0,4,9,True,True,True,Əhmədli,Bakı,2655.56
6484643,87000,AZN,2,55.0,5,15,True,True,True,Masazır,Bakı,1581.82
6494102,598000,AZN,3,127.0,5,8,False,False,False,Ağ şəhər,Bakı,4708.66
6478679,80000,AZN,2,57.0,5,6,True,True,True,Masazır,Bakı,1403.51
6494106,190000,AZN,3,80.0,5,5,True,False,False,Bakıxanov,Bakı,2375.0
6403011,650000,AZN,4,185.0,4,16,False,True,False,Nəsimi,Bakı,3513.51
6466792,430000,AZN,4,154.0,9,16,True,False,False,Elmlər Akademiyası,Bakı,2792.21
6482060,76000,AZN,2,40.0,3,6,True,True,True,Masazır,Bakı,1900.0
6494103,170000,AZN,3,83.0,8,9,True,False,False,Koroğlu,Bakı,2048.19
6464483,278280,AZN,3,77.3,15,20,True,True,True,20 Yanvar,Bakı,3600.0
5893873,339624,AZN,3,106.8,3,20,True,True,True,20 Yanvar,Bakı,3180.0
4695792,480200,AZN,4,171.5,20,20,False,True,True,Nərimanov,Bakı,2800.0
3776665,331200,AZN,3,110.4,1,20,True,True,True,20 Yanvar,Bakı,3000.0
6265858,237000,AZN,3,85.0,8,9,True,False,False,Həzi Aslanov,Bakı,2788.24
6482368,189000,AZN,3,130.0,15,17,True,False,False,Abşeron,Xırdalan,1453.85
6137287,184000,AZN,2,68.0,10,15,True,False,False,Həzi Aslanov,Bakı,2705.88
5817362,870000,AZN,4,213.0,6,7,False,True,False,Ağ şəhər,Bakı,4084.51
6259396,337000,AZN,4,135.0,16,18,True,True,True,Badamdar,Bakı,2496.3
6494099,158000,AZN,2,50.0,5,9,True,False,False,İnşaatçılar,Bakı,3160.0
6419742,494784,AZN,4,154.6,6,18,False,True,True,Badamdar,Bakı,3200.41
6482193,247000,AZN,2,85.0,15,17,True,True,True,Dərnəgül,Bakı,2905.88
4896783,218000,AZN,4,110.0,2,10,True,True,False,Xalqlar Dostluğu,Bakı,1981.82
6367161,457888,AZN,3,135.5,11,22,False,True,True,Badamdar,Bakı,3379.25
6448524,272000,AZN,3,83.0,12,14,True,False,False,Yasamal,Bakı,3277.11
6410994,750000,AZN,4,278.0,8,16,False,False,False,Nərimanov,Bakı,2697.84
6373124,338474,AZN,2,107.1,3,18,False,True,True,Badamdar,Bakı,3160.35
6246860,251000,AZN,3,150.0,18,20,True,False,False,20 Yanvar,Bakı,1673.33
6465683,360000,AZN,3,143.0,16,19,True,True,True,İnşaatçılar,Bakı,2517.48
6367017,232204,AZN,1,65.6,3,22,False,True,True,Badamdar,Bakı,3539.7
6158810,380000,AZN,3,107.0,7,24,True,False,False,Şah İsmayıl Xətai,Bakı,3551.4
6410925,580000,AZN,4,226.0,12,24,True,False,False,Şah İsmayıl Xətai,Bakı,2566.37
6442480,191000,AZN,2,46.0,9,16,True,False,False,Qara Qarayev,Bakı,4152.17
6478518,185000,AZN,2,46.0,6,17,True,False,False,Qara Qarayev,Bakı,4021.74
6340440,185000,AZN,2,46.0,14,17,True,False,False,Qara Qarayev,Bakı,4021.74
6368168,303000,AZN,3,90.0,9,16,True,False,False,Qara Qarayev,Bakı,3366.67
6455883,166000,AZN,2,42.0,14,16,True,False,False,Qara Qarayev,Bakı,3952.38
5768393,153000,AZN,1,49.0,3,17,True,False,False,Qara Qarayev,Bakı,3122.45
6389248,220000,AZN,3,85.0,3,5,True,False,False,Qara Qarayev,Bakı,2588.24
6389161,164000,AZN,3,70.0,1,9,True,False,False,Həzi Aslanov,Bakı,2342.86
6485406,93000,AZN,1,21.0,1,2,True,True,False,Sahil,Bakı,4428.57
6494087,260000,AZN,2,76.0,14,16,True,False,False,Qara Qarayev,Bakı,3421.05
6494089,400000,AZN,4,167.0,12,16,True,False,False,Badamdar,Bakı,2395.21
4351096,664230,AZN,4,221.41,4,18,False,True,True,28 May,Bakı,3000.0
5730671,708000,AZN,4,236.0,9,18,False,True,True,28 May,Bakı,3000.0
5730589,385600,AZN,3,120.5,15,18,True,True,True,28 May,Bakı,3200.0
4991369,359040,AZN,3,108.8,4,16,False,True,True,28 May,Bakı,3300.0
4377330,521400,AZN,3,173.8,9,16,False,True,True,28 May,Bakı,3000.0
6472101,335000,AZN,2,100.0,12,19,True,False,False,Nəsimi,Bakı,3350.0
6308823,142000,AZN,2,55.0,1,5,True,False,False,Memar Əcəmi,Bakı,2581.82
5909599,145000,AZN,2,58.0,5,16,True,True,False,Yeni Yasamal,Bakı,2500.0
6416145,365000,AZN,4,143.0,5,16,True,False,False,Qara Qarayev,Bakı,2552.45
6460498,184000,AZN,2,60.0,2,9,True,False,False,Həzi Aslanov,Bakı,3066.67
6440189,160000,AZN,2,56.0,15,17,True,True,False,Memar Əcəmi,Bakı,2857.14
6033909,395000,AZN,3,110.4,7,16,False,False,False,Kubinka,Bakı,3577.9
6494086,400000,AZN,3,184.0,10,10,True,False,False,Nəriman Nərimanov,Bakı,2173.91
5485164,84000,AZN,2,54.0,4,6,True,True,False,Masazır,Bakı,1555.56
6494083,130000,AZN,2,46.0,2,5,True,False,False,Memar Əcəmi,Bakı,2826.09
6494084,316000,AZN,2,100.0,12,18,True,False,False,Elmlər Akademiyası,Bakı,3160.0
6494082,410000,AZN,3,148.0,10,16,True,False,False,8 Noyabr,Bakı,2770.27
6486318,455000,AZN,4,190.0,11,20,False,True,False,Nərimanov,Bakı,2394.74
6494081,150000,AZN,2,55.0,5,9,True,False,False,Binəqədi,Bakı,2727.27
6494073,258000,AZN,3,138.0,8,18,True,False,False,Həzi Aslanov,Bakı,1869.57
6494080,145000,AZN,1,35.0,5,6,True,False,False,Nəriman Nərimanov,Bakı,4142.86
6494010,185000,AZN,3,75.0,3,5,True,False,False,Neftçilər,Bakı,2466.67
6494076,165000,AZN,2,55.0,3,5,True,False,False,20 Yanvar,Bakı,3000.0
5725556,325000,AZN,3,119.0,6,18,False,False,False,Yasamal,Bakı,2731.09
6494070,215000,AZN,3,91.0,2,16,True,False,False,Həzi Aslanov,Bakı,2362.64
6346050,290000,AZN,2,61.0,11,18,True,False,False,Nəsimi,Bakı,4754.1
6494074,145000,AZN,2,45.0,3,9,True,False,False,8-ci mikrorayon,Bakı,3222.22
6463722,164000,AZN,2,48.0,1,4,True,True,False,Nəsimi,Bakı,3416.67
6494069,169000,AZN,3,76.0,8,9,True,False,False,Həzi Aslanov,Bakı,2223.68
6494065,90000,AZN,1,36.0,2,4,True,False,False,Elmlər Akademiyası,Bakı,2500.0
6145566,500000,AZN,3,128.0,13,20,False,False,False,Şah İsmayıl Xətai,Bakı,3906.25
6309690,1070000,AZN,3,167.0,11,20,True,False,False,Ağ şəhər,Bakı,6407.19
6462472,155000,AZN,3,85.0,5,5,True,False,False,Memar Əcəmi,Bakı,1823.53
5839884,595000,AZN,5,234.0,6,18,True,False,False,Nəriman Nərimanov,Bakı,2542.74
6477446,265000,AZN,5,128.0,5,5,True,True,False,Memar Əcəmi,Bakı,2070.31
6125828,299000,AZN,3,117.0,4,16,False,False,False,Koroğlu,Bakı,2555.56
5982217,440000,AZN,2,120.0,10,18,True,False,False,Şah İsmayıl Xətai,Bakı,3666.67
5845071,321860,AZN,4,146.3,5,9,False,False,False,7-ci mikrorayon,Bakı,2200.0
6219376,410000,AZN,2,82.0,3,9,False,False,False,28 May,Bakı,5000.0
6033341,520000,AZN,4,185.0,12,16,True,False,False,Elmlər Akademiyası,Bakı,2810.81
6409248,429000,AZN,3,120.0,19,22,True,False,False,8 Noyabr,Bakı,3575.0
6390013,470000,AZN,4,170.0,15,17,True,False,False,Şah İsmayıl Xətai,Bakı,2764.71
6494062,465000,AZN,3,142.0,8,16,True,False,False,Badamdar,Bakı,3274.65
6347969,147000,AZN,3,69.8,2,14,False,True,False,Bakıxanov,Bakı,2106.02
6407536,245000,AZN,3,121.0,5,16,True,False,False,İnşaatçılar,Bakı,2024.79
6103478,320000,AZN,2,68.0,12,18,True,False,False,Şah İsmayıl Xətai,Bakı,4705.88
5947895,830000,AZN,4,209.0,26,27,True,False,False,8 Noyabr,Bakı,3971.29
6494060,255000,AZN,2,76.0,15,16,True,False,False,Qara Qarayev,Bakı,3355.26
5447028,565000,AZN,7,275.0,4,8,True,False,False,Nəriman Nərimanov,Bakı,2054.55
6494061,539000,AZN,3,164.0,10,17,True,False,False,8-ci mikrorayon,Bakı,3286.59
6479245,327400,AZN,4,163.7,13,13,False,True,True,Bakıxanov,Bakı,2000.0
6454556,395000,AZN,3,105.0,17,18,True,True,False,Nəriman Nərimanov,Bakı,3761.9
6033810,575000,AZN,3,154.0,13,16,True,False,False,Gənclik,Bakı,3733.77
6330481,120000,AZN,2,60.0,12,12,True,False,False,İnşaatçılar,Bakı,2000.0
6403396,125000,AZN,2,65.0,20,20,True,False,False,İnşaatçılar,Bakı,1923.08
6126213,400000,AZN,3,150.0,12,13,True,False,False,Elmlər Akademiyası,Bakı,2666.67
6200171,520000,AZN,3,168.5,9,17,True,False,False,Nəsimi,Bakı,3086.05
6444319,225000,AZN,3,85.0,8,9,True,True,False,Əhmədli,Bakı,2647.06
6364256,310000,AZN,3,70.0,11,20,True,False,False,İnşaatçılar,Bakı,4428.57
6199998,440000,AZN,3,104.0,3,17,True,False,False,Gənclik,Bakı,4230.77
6410912,408000,AZN,3,110.0,16,18,True,False,False,Yasamal,Bakı,3709.09
5845288,272000,AZN,4,160.0,7,7,False,False,False,Bakıxanov,Bakı,1700.0
6232462,235000,AZN,2,98.0,8,18,True,True,False,Neftçilər,Bakı,2397.96
6494058,237000,AZN,2,63.0,5,17,True,False,False,Koroğlu,Bakı,3761.9
6494055,429000,AZN,4,135.0,14,16,True,False,False,Ağ şəhər,Bakı,3177.78
6494054,395000,AZN,3,140.0,5,17,True,False,False,Nəriman Nərimanov,Bakı,2821.43
6359464,287000,AZN,3,130.0,2,12,True,True,False,Neftçilər,Bakı,2207.69
6449401,185000,AZN,3,80.0,4,9,True,True,False,Əhmədli,Bakı,2312.5
6494053,179000,AZN,2,62.0,15,20,True,False,False,Əhmədli,Bakı,2887.1
6471790,300000,AZN,3,96.0,15,17,False,True,False,20 Yanvar,Bakı,3125.0
6462928,160000,AZN,3,72.0,5,5,True,False,False,8-ci kilometr,Bakı,2222.22
6401800,172000,AZN,3,60.0,8,12,True,False,False,İnşaatçılar,Bakı,2866.67
6099957,136000,AZN,2,35.0,3,5,True,False,False,Memar Əcəmi,Bakı,3885.71
6494052,188000,AZN,3,75.0,3,5,True,False,False,Qara Qarayev,Bakı,2506.67
6491499,145000,AZN,2,50.0,2,5,True,False,False,Memar Əcəmi,Bakı,2900.0
6203548,310000,AZN,3,148.0,17,18,False,True,False,Nəsimi,Bakı,2094.59
6468045,195000,AZN,2,77.0,2,10,True,False,False,20 Yanvar,Bakı,2532.47
6488459,375000,AZN,3,111.0,9,17,True,True,False,28 May,Bakı,3378.38
6494047,175000,AZN,2,55.0,10,19,True,False,False,Xətai,Bakı,3181.82
6486170,94000,AZN,2,53.0,3,6,True,True,False,Masazır,Bakı,1773.58
6463643,512000,AZN,4,225.0,18,22,True,True,False,28 May,Bakı,2275.56
6468241,198000,AZN,2,62.0,4,9,True,False,False,Nəsimi,Bakı,3193.55
6291621,340000,AZN,4,156.0,17,23,True,False,False,Həzi Aslanov,Bakı,2179.49
6353074,459999,AZN,3,175.0,13,17,True,False,False,28 May,Bakı,2628.57
6493400,538000,AZN,4,158.0,5,16,True,True,False,Nizami,Bakı,3405.06
6494044,240000,AZN,2,82.0,3,16,False,False,False,Azadlıq Prospekti,Bakı,2926.83
6493670,620000,AZN,3,158.0,8,18,True,True,False,28 May,Bakı,3924.05
6494043,161000,AZN,3,60.0,9,9,True,False,False,Əhmədli,Bakı,2683.33
6079577,68000,AZN,2,30.5,1,5,True,False,False,Binəqədi,Bakı,2229.51
6240803,177000,AZN,2,90.0,10,15,False,False,False,Biləcəri,Bakı,1966.67
6494009,222000,AZN,3,75.0,4,5,True,False,False,Yasamal,Bakı,2960.0
6410989,375000,AZN,3,110.0,12,15,True,True,True,Elmlər Akademiyası,Bakı,3409.09
6493785,258000,AZN,3,80.0,2,4,True,True,False,Nəsimi,Bakı,3225.0
6494038,220000,AZN,3,96.0,11,16,True,False,False,Xalqlar Dostluğu,Bakı,2291.67
6489476,395000,AZN,3,142.0,5,18,True,False,False,Nəriman Nərimanov,Bakı,2781.69
6129736,185000,AZN,3,75.0,2,9,True,False,False,Həzi Aslanov,Bakı,2466.67
6494032,146000,AZN,1,42.0,2,5,True,False,False,Şah İsmayıl Xətai,Bakı,3476.19
6365425,207000,AZN,2,55.0,4,20,True,True,False,20 Yanvar,Bakı,3763.64
6268378,239000,AZN,2,96.0,4,20,True,False,False,Həzi Aslanov,Bakı,2489.58
6404305,110000,AZN,2,77.0,3,5,True,True,False,Masazır,Bakı,1428.57
6357710,125000,AZN,3,78.0,3,6,True,False,False,Masazır,Bakı,1602.56
6494024,335000,AZN,4,105.0,4,5,True,False,False,28 May,Bakı,3190.48
6409013,550000,AZN,4,212.0,5,17,True,False,False,Yasamal,Bakı,2594.34
6408246,87000,AZN,2,40.0,2,7,True,False,False,Masazır,Bakı,2175.0
5695949,54000,AZN,1,41.0,1,4,False,True,True,Masazır,Bakı,1317.07
6410807,385000,AZN,3,110.0,3,16,True,False,False,28 May,Bakı,3500.0
6494022,379000,AZN,3,118.0,3,17,True,False,False,28 May,Bakı,3211.86
6264803,83000,AZN,3,54.0,2,6,True,False,False,Masazır,Bakı,1537.04
6395062,192000,AZN,2,85.0,3,7,True,False,False,Həzi Aslanov,Bakı,2258.82
6479984,163000,AZN,2,60.0,12,16,True,False,False,Xalqlar Dostluğu,Bakı,2716.67
6417617,265000,AZN,2,51.0,7,16,True,True,False,Nəsimi,Bakı,5196.08
6325413,175000,AZN,2,64.0,14,17,True,False,False,Xalqlar Dostluğu,Bakı,2734.38
6494015,755000,AZN,4,185.0,5,17,True,False,False,Elmlər Akademiyası,Bakı,4081.08
6490112,790000,AZN,9,300.0,3,3,True,False,False,İçəri Şəhər,Bakı,2633.33
6367440,375000,AZN,3,92.0,2,18,True,False,False,28 May,Bakı,4076.09
6494011,196000,AZN,2,65.0,2,16,True,False,False,Memar Əcəmi,Bakı,3015.38
5103728,110000,AZN,2,62.5,2,5,False,True,True,Neftçilər,Bakı,1760.0
6432339,200000,AZN,3,80.0,2,17,True,False,False,Həzi Aslanov,Bakı,2500.0
6462476,270000,AZN,3,83.0,14,16,True,False,False,Yasamal,Bakı,3253.01
6327560,450000,AZN,4,181.0,16,17,False,False,False,Nəriman Nərimanov,Bakı,2486.19
6408899,360000,AZN,2,75.0,13,16,True,False,False,Nəsimi,Bakı,4800.0
6208880,112000,AZN,2,40.0,3,5,True,True,False,Həzi Aslanov,Bakı,2800.0
6494008,229000,AZN,3,98.0,10,15,True,False,False,Həzi Aslanov,Bakı,2336.73
6179134,267000,AZN,3,88.0,4,9,True,False,False,İçəri Şəhər,Bakı,3034.09
5961037,220000,AZN,2,70.0,3,16,True,False,False,Azadlıq Prospekti,Bakı,3142.86
6493999,650000,AZN,4,180.0,12,17,True,False,False,Nizami,Bakı,3611.11
6485688,264500,AZN,3,81.0,15,17,True,False,False,İnşaatçılar,Bakı,3265.43
6429278,425000,AZN,2,106.0,17,17,True,True,True,Nərimanov,Bakı,4009.43
6494002,142000,AZN,3,75.0,7,9,True,False,False,Hövsan,Bakı,1893.33
6494004,648000,AZN,4,182.0,5,14,True,False,False,Şah İsmayıl Xətai,Bakı,3560.44
6478857,234500,AZN,2,75.0,6,9,True,False,False,İçəri Şəhər,Bakı,3126.67
6399338,396000,AZN,3,140.0,12,20,True,False,False,Nəsimi,Bakı,2828.57
6459977,142500,AZN,2,63.0,5,9,True,False,False,Həzi Aslanov,Bakı,2261.9
6493998,198000,AZN,3,62.0,2,5,True,False,False,Elmlər Akademiyası,Bakı,3193.55
6488600,257500,AZN,3,95.0,3,9,True,False,False,İnşaatçılar,Bakı,2710.53
5814773,860000,AZN,4,183.0,8,14,False,True,False,İçəri Şəhər,Bakı,4699.45
6409061,228000,AZN,2,60.0,17,17,True,False,False,Gənclik,Bakı,3800.0
6479049,166000,AZN,3,160.0,20,20,False,False,False,Badamdar,Bakı,1037.5
6482135,163000,AZN,2,50.0,5,5,True,True,False,Şah İsmayıl Xətai,Bakı,3260.0
6441468,219000,AZN,3,85.0,6,9,True,False,False,Əhmədli,Bakı,2576.47
6133622,210000,AZN,2,65.0,2,6,True,False,False,Nizami,Bakı,3230.77
6393574,233000,AZN,2,70.0,3,6,True,False,False,Nizami,Bakı,3328.57
6404020,276000,AZN,3,118.0,4,16,True,False,False,İnşaatçılar,Bakı,2338.98
6493994,275000,AZN,3,104.0,2,17,True,False,False,İnşaatçılar,Bakı,2644.23
6320535,264000,AZN,3,114.0,5,19,True,False,False,Yeni Yasamal,Bakı,2315.79
5918733,507000,AZN,4,175.0,6,16,False,False,False,28 May,Bakı,2897.14
6367166,250000,AZN,3,112.0,13,14,False,False,False,Yeni Yasamal,Bakı,2232.14
6493988,167000,AZN,2,53.0,3,9,True,False,False,Bakıxanov,Bakı,3150.94
6373306,265000,AZN,3,127.0,18,18,True,False,False,Gənclik,Bakı,2086.61
6388647,318000,AZN,2,104.0,7,13,False,False,False,Şah İsmayıl Xətai,Bakı,3057.69
6493990,185000,AZN,3,60.0,3,9,True,False,False,İnşaatçılar,Bakı,3083.33
6493991,135000,AZN,3,54.0,10,12,True,False,False,Qaraçuxur,Bakı,2500.0
6407049,284500,AZN,3,93.0,2,16,True,False,False,İnşaatçılar,Bakı,3059.14
6408213,265000,AZN,3,74.0,12,16,True,False,False,Nəsimi,Bakı,3581.08
6399569,178000,AZN,2,58.0,10,13,True,False,False,Memar Əcəmi,Bakı,3068.97
6416373,138000,AZN,3,60.0,2,9,True,False,False,Qaraçuxur,Bakı,2300.0
6491653,1050000,AZN,4,200.0,7,22,True,True,True,Səbail,Bakı,5250.0
5446237,650000,AZN,3,200.0,5,25,True,False,False,Şah İsmayıl Xətai,Bakı,3250.0
6432219,450000,AZN,3,120.0,5,17,True,False,False,Nəsimi,Bakı,3750.0
6493980,285000,AZN,3,92.0,9,18,True,False,False,28 May,Bakı,3097.83
6338796,649000,AZN,3,132.0,5,8,True,True,False,Ağ şəhər,Bakı,4916.67
6493981,187000,AZN,3,80.0,1,3,True,False,False,Elmlər Akademiyası,Bakı,2337.5
6338888,528000,AZN,3,110.0,2,6,True,False,False,Ağ şəhər,Bakı,4800.0
6493978,220000,AZN,2,96.0,13,17,True,False,False,Qaraçuxur,Bakı,2291.67
6161916,510000,AZN,4,196.0,13,17,True,False,False,Nizami,Bakı,2602.04
6384101,350000,AZN,3,72.0,4,5,True,False,False,Sahil,Bakı,4861.11
6362967,85000,AZN,3,66.0,6,8,True,True,False,Masazır,Bakı,1287.88
6062253,275000,AZN,1,46.0,7,8,True,True,True,Sea Breeze,Bakı,5978.26
6487667,680000,AZN,3,152.0,14,17,True,True,False,Xətai,Bakı,4473.68
6425387,200000,AZN,2,86.0,13,14,True,True,False,Əhmədli,Bakı,2325.58
6493974,230000,AZN,3,90.0,10,18,True,False,False,Həzi Aslanov,Bakı,2555.56
6493765,155000,AZN,2,45.0,8,10,True,True,True,Gənclik,Bakı,3444.44
6230162,204000,AZN,2,48.0,10,17,True,False,False,Koroğlu,Bakı,4250.0
6493972,195000,AZN,2,60.0,4,5,True,False,False,Nərimanov,Bakı,3250.0
6410952,128000,AZN,2,52.0,7,10,True,False,False,Abşeron,Sumqayıt,2461.54
6380957,256000,AZN,2,98.0,13,18,True,False,False,20 Yanvar,Bakı,2612.24
6493971,195000,AZN,2,51.0,11,17,True,False,False,9-cu mikrorayon,Bakı,3823.53
6493966,155000,AZN,2,45.0,8,10,True,True,False,Gənclik,Bakı,3444.44
6410949,87900,AZN,2,50.0,8,11,True,True,True,Abşeron,Xırdalan,1758.0
6493968,215000,AZN,3,85.0,5,9,True,False,False,Nəsimi,Bakı,2529.41
6484871,475000,AZN,3,157.0,13,24,True,True,True,Ağ şəhər,Bakı,3025.48
6371019,199000,AZN,2,65.0,8,9,True,False,False,Azadlıq Prospekti,Bakı,3061.54
6198054,292000,AZN,2,90.0,12,16,True,True,True,Elmlər Akademiyası,Bakı,3244.44
5029336,880000,AZN,6,460.0,14,15,True,True,False,Nəsimi,Bakı,1913.04
6482509,185000,AZN,2,60.0,6,9,True,True,False,Həzi Aslanov,Bakı,3083.33
5631104,195000,AZN,3,80.0,8,9,True,True,False,Əhmədli,Bakı,2437.5
6306952,142000,AZN,2,40.0,9,9,True,False,False,Nəsimi,Bakı,3550.0
6493960,268000,AZN,2,68.0,5,18,True,False,False,Gənclik,Bakı,3941.18
6334072,252000,AZN,3,98.0,12,17,False,True,False,Koroğlu,Bakı,2571.43
6240223,220000,AZN,3,88.0,20,20,True,False,False,Şah İsmayıl Xətai,Bakı,2500.0
6472777,108000,AZN,1,40.0,3,4,True,True,False,Bakıxanov,Bakı,2700.0
6459712,1150000,AZN,5,220.0,14,18,False,True,True,Bayıl,Bakı,5227.27
6474757,550000,AZN,3,175.0,14,22,False,True,True,Nizami,Bakı,3142.86
6493959,158000,AZN,2,52.0,1,20,True,False,False,Xətai,Bakı,3038.46
6479213,750000,AZN,3,170.0,6,7,True,True,True,Xətai,Bakı,4411.76
6213642,305000,AZN,2,68.0,4,17,True,False,False,Elmlər Akademiyası,Bakı,4485.29
6233346,299000,AZN,4,105.0,11,22,True,True,False,20 Yanvar,Bakı,2847.62
6493956,215000,AZN,2,70.0,2,9,True,False,False,Gənclik,Bakı,3071.43
6049260,467000,AZN,2,115.0,1,5,False,True,True,Sea Breeze,Bakı,4060.87
6331211,226754,AZN,1,38.1,6,28,True,True,True,Nardaran,Bakı,5951.55
6453668,365000,AZN,3,92.0,15,19,True,True,True,Nəsimi,Bakı,3967.39
6469467,375000,AZN,3,107.0,7,24,True,True,True,Şah İsmayıl Xətai,Bakı,3504.67
6152613,270000,AZN,3,105.0,15,17,True,False,False,İnşaatçılar,Bakı,2571.43
6469847,165000,AZN,2,65.0,5,9,True,False,False,Yeni Yasamal,Bakı,2538.46
6402664,166000,AZN,2,65.0,1,9,True,False,False,Nərimanov,Bakı,2553.85
6493952,535000,AZN,3,120.0,10,17,True,False,False,28 May,Bakı,4458.33
6493950,289000,AZN,3,150.0,15,18,True,False,False,Yeni Yasamal,Bakı,1926.67
6493951,305000,AZN,2,70.0,4,17,True,False,False,Elmlər Akademiyası,Bakı,4357.14
6405366,465000,AZN,3,108.8,15,16,True,True,True,7-ci mikrorayon,Bakı,4273.9
6493947,225000,AZN,4,85.0,6,9,True,False,False,Xətai,Bakı,2647.06
6084352,355000,AZN,4,136.0,13,16,True,False,False,Həzi Aslanov,Bakı,2610.29
6351239,110000,AZN,1,35.0,3,5,True,True,False,Neftçilər,Bakı,3142.86
6488290,57000,AZN,1,40.0,1,9,False,False,False,Abşeron,Xırdalan,1425.0
6493943,115000,AZN,2,55.0,1,4,True,False,False,Xətai,Bakı,2090.91
6221103,235000,AZN,2,53.0,10,13,True,False,False,Şah İsmayıl Xətai,Bakı,4433.96
5935714,438000,AZN,3,148.0,8,27,True,True,False,8 Noyabr,Bakı,2959.46
6430121,175000,AZN,3,80.0,9,9,True,True,False,Xalqlar Dostluğu,Bakı,2187.5
6430130,130000,AZN,2,65.0,9,9,True,True,False,Əhmədli,Bakı,2000.0
6238186,139000,AZN,2,54.0,14,15,True,False,False,Yeni Yasamal,Bakı,2574.07
6490763,108000,AZN,2,60.0,2,14,True,True,False,Abşeron,Xırdalan,1800.0
6459013,118000,AZN,1,40.0,2,5,True,False,False,Memar Əcəmi,Bakı,2950.0
5704439,282000,AZN,2,65.0,12,27,True,True,False,8 Noyabr,Bakı,4338.46
6187742,219000,AZN,4,90.0,2,5,True,True,False,Xalqlar Dostluğu,Bakı,2433.33
6403875,315000,AZN,3,97.0,5,15,True,True,True,Neftçilər,Bakı,3247.42
6380843,170000,AZN,3,90.0,6,9,True,True,True,Biləcəri,Bakı,1888.89
6414906,141000,AZN,3,50.0,3,5,False,True,False,Memar Əcəmi,Bakı,2820.0
6475210,290000,AZN,3,160.0,4,21,True,False,False,20 Yanvar,Bakı,1812.5
6476490,145500,AZN,2,65.0,5,9,True,True,False,Həzi Aslanov,Bakı,2238.46
6451881,197000,AZN,3,90.0,2,9,True,False,False,Neftçilər,Bakı,2188.89
6266435,152000,AZN,2,73.0,3,19,True,True,False,Əhmədli,Bakı,2082.19
6493939,253000,AZN,2,85.0,14,16,True,False,False,Dərnəgül,Bakı,2976.47
6493938,190000,AZN,2,60.0,3,9,True,False,False,Neftçilər,Bakı,3166.67
4408051,1150000,AZN,6,290.0,3,3,True,True,False,Sahil,Bakı,3965.52
6269100,249000,AZN,2,75.0,7,13,True,False,False,Koroğlu,Bakı,3320.0
5167569,675220,AZN,3,137.8,14,14,False,True,False,Gənclik,Bakı,4900.0
6468113,218000,AZN,2,79.0,2,15,True,False,False,Qara Qarayev,Bakı,2759.49
6430118,255000,AZN,3,115.0,15,16,True,True,False,Avtovağzal,Bakı,2217.39
5178852,1428000,AZN,4,255.0,13,16,False,True,False,Gənclik,Bakı,5600.0
5233527,355320,AZN,2,75.6,16,16,False,True,False,Gənclik,Bakı,4700.0
6326462,240000,AZN,3,68.0,12,17,True,False,False,Qara Qarayev,Bakı,3529.41
5167702,403750,AZN,2,85.0,2,15,False,True,False,Gənclik,Bakı,4750.0
5183497,540030,AZN,3,114.9,6,16,False,True,False,Gənclik,Bakı,4700.0
5270818,1186380,AZN,4,219.7,4,16,False,True,False,Gənclik,Bakı,5400.0
6493920,229000,AZN,2,75.0,16,18,True,False,False,Azadlıq Prospekti,Bakı,3053.33
6493933,177000,AZN,2,55.0,13,17,True,False,False,Həzi Aslanov,Bakı,3218.18
6034737,295000,AZN,3,92.0,11,17,True,False,False,Qara Qarayev,Bakı,3206.52
6493931,305000,AZN,2,77.0,9,17,True,False,False,Nəsimi,Bakı,3961.04
5793103,237000,AZN,2,70.0,13,17,True,False,False,Qara Qarayev,Bakı,3385.71
6332408,355000,AZN,4,158.0,11,17,True,True,False,Azadlıq Prospekti,Bakı,2246.84
5797030,215000,AZN,2,63.0,9,16,True,False,False,Qara Qarayev,Bakı,3412.7
6493928,115000,AZN,2,45.0,1,4,True,False,False,Həzi Aslanov,Bakı,2555.56
6435715,110500,AZN,1,40.0,7,9,True,False,False,Yeni Günəşli,Bakı,2762.5
6349873,1125650,AZN,5,235.0,15,16,False,False,False,Nizami,Bakı,4790.0
6214071,872000,AZN,5,202.0,4,8,False,False,False,Ağ şəhər,Bakı,4316.83
6195159,442000,AZN,3,130.5,11,14,False,False,False,Nizami,Bakı,3386.97
6467702,268000,AZN,2,65.0,5,16,True,False,False,Gənclik,Bakı,4123.08
5606495,179000,AZN,2,50.0,14,17,True,False,False,Qara Qarayev,Bakı,3580.0
6493923,147000,AZN,2,52.0,19,21,True,False,False,Yeni Yasamal,Bakı,2826.92
6260264,175000,AZN,2,76.5,8,8,False,True,True,Sea Breeze,Bakı,2287.58
6493922,235000,AZN,3,93.0,2,17,True,False,False,Nəsimi,Bakı,2526.88
6317863,140000,AZN,2,60.0,3,5,True,False,False,Xətai,Bakı,2333.33
6493917,500000,AZN,4,192.0,5,24,True,False,False,Şah İsmayıl Xətai,Bakı,2604.17
6111048,166000,AZN,3,80.0,9,9,True,True,False,Əhmədli,Bakı,2075.0
6222945,227000,AZN,3,69.0,17,20,True,False,False,Qara Qarayev,Bakı,3289.86
5824667,320000,AZN,3,153.0,17,17,False,False,False,Bayıl,Bakı,2091.5
6485786,178000,AZN,2,60.0,5,9,True,False,False,İnşaatçılar,Bakı,2966.67
6197027,450000,AZN,4,220.0,10,16,True,False,False,İnşaatçılar,Bakı,2045.45
6410104,204000,AZN,2,82.0,10,17,False,False,False,Həzi Aslanov,Bakı,2487.8
6475200,175000,AZN,2,58.0,14,18,True,False,False,Həzi Aslanov,Bakı,3017.24
6483003,295000,AZN,3,130.0,5,13,False,False,False,Həzi Aslanov,Bakı,2269.23
6320917,132000,AZN,2,44.0,3,13,True,False,False,Xətai,Bakı,3000.0
6493913,119600,AZN,2,74.7,3,7,False,False,False,Abşeron,Xırdalan,1601.07
6409943,107000,AZN,2,55.0,3,11,True,False,False,Suraxanı,Bakı,1945.45
6472121,147000,AZN,2,60.0,9,9,True,False,False,Xətai,Bakı,2450.0
6441987,285000,AZN,5,120.0,2,9,True,False,False,Əhmədli,Bakı,2375.0
6219144,170000,AZN,3,90.0,9,9,True,False,False,Əhmədli,Bakı,1888.89
6195100,212000,AZN,2,92.0,7,20,False,False,False,Xətai,Bakı,2304.35
6434473,384000,AZN,3,99.0,15,20,True,False,False,Nəsimi,Bakı,3878.79
6330145,555000,AZN,3,108.0,3,7,True,False,False,Ağ şəhər,Bakı,5138.89
6493910,353000,AZN,3,130.0,9,14,True,False,False,Binəqədi,Bakı,2715.38
5014345,530000,AZN,3,154.0,7,17,True,False,False,Elmlər Akademiyası,Bakı,3441.56
6490474,220000,AZN,2,65.0,3,9,True,False,False,Gənclik,Bakı,3384.62
6431744,670000,AZN,4,210.0,9,17,True,False,False,Elmlər Akademiyası,Bakı,3190.48
6493909,222000,AZN,2,60.0,6,9,True,False,False,Nərimanov,Bakı,3700.0
6493907,300000,AZN,3,100.0,2,15,True,False,False,Gənclik,Bakı,3000.0
6442177,245000,AZN,3,75.0,7,9,True,True,True,4-cü mikrorayon,Bakı,3266.67
6473048,448000,AZN,4,142.0,2,17,True,False,False,Gənclik,Bakı,3154.93
6468366,365000,AZN,2,103.0,20,27,True,True,True,Elmlər Akademiyası,Bakı,3543.69
6493905,269000,AZN,3,105.0,2,16,True,False,False,Əhmədli,Bakı,2561.9
6462335,650000,AZN,4,210.0,6,17,True,True,False,Xətai,Bakı,3095.24
6493904,113000,AZN,2,77.0,2,5,True,False,False,Masazır,Bakı,1467.53
6493903,122000,AZN,2,50.0,6,7,True,False,False,Hövsan,Bakı,2440.0
6493902,142000,AZN,2,40.0,9,9,True,False,False,Gənclik,Bakı,3550.0
6488296,465000,AZN,4,73.0,1,4,True,False,False,Şah İsmayıl Xətai,Bakı,6369.86
6490619,165000,AZN,3,65.0,4,5,True,True,False,20 Yanvar,Bakı,2538.46
6245248,289000,AZN,3,88.0,11,15,True,False,False,Həzi Aslanov,Bakı,3284.09
6493898,155000,AZN,2,50.0,8,10,True,False,False,Gənclik,Bakı,3100.0
6382752,72700,AZN,2,41.0,2,4,True,True,True,Masazır,Bakı,1773.17
6493896,220000,AZN,2,82.0,14,16,True,False,False,Həzi Aslanov,Bakı,2682.93
6382661,84790,AZN,2,48.7,3,4,True,True,True,Masazır,Bakı,1741.07
6493893,280000,AZN,3,80.0,5,5,True,False,False,28 May,Bakı,3500.0
6057063,98000,AZN,3,70.0,2,7,True,False,False,Masazır,Bakı,1400.0
6185273,410000,AZN,3,136.3,13,16,True,True,False,Sabunçu,Bakı,3008.07
6493890,145000,AZN,3,55.0,5,5,True,False,False,Memar Əcəmi,Bakı,2636.36
6315276,175000,AZN,2,55.0,13,15,True,True,True,Əhmədli,Bakı,3181.82
6373114,270000,AZN,3,100.0,3,4,True,True,False,Şah İsmayıl Xətai,Bakı,2700.0
6493888,120000,AZN,2,50.0,9,9,True,False,False,Hövsan,Bakı,2400.0
6315231,220000,AZN,2,74.0,16,17,True,True,True,Nərimanov,Bakı,2972.97
6487540,190000,AZN,2,50.0,15,16,True,True,False,Nəriman Nərimanov,Bakı,3800.0
6279854,198000,AZN,2,50.0,4,5,True,False,False,Nərimanov,Bakı,3960.0
5807725,322000,AZN,2,92.0,15,17,True,True,False,8-ci kilometr,Bakı,3500.0
6483315,878000,AZN,5,231.0,3,7,False,True,True,Ağ şəhər,Bakı,3800.87
6484885,205000,AZN,2,53.0,14,20,True,False,False,20 Yanvar,Bakı,3867.92
6224169,319000,AZN,3,132.0,6,17,True,True,False,Əhmədli,Bakı,2416.67
6493887,225000,AZN,4,100.0,1,9,True,False,False,Xətai,Bakı,2250.0
6464794,207000,AZN,2,55.0,5,20,True,False,False,20 Yanvar,Bakı,3763.64
6493886,220000,AZN,2,77.0,12,18,True,False,False,İnşaatçılar,Bakı,2857.14
6493883,325000,AZN,3,80.0,9,14,True,False,False,Gənclik,Bakı,4062.5
6231745,205000,AZN,2,65.0,5,6,True,True,False,Nəsimi,Bakı,3153.85
6338336,359000,AZN,2,117.2,7,16,True,True,True,Koroğlu,Bakı,3063.14
6493880,135000,AZN,2,50.0,4,5,True,False,False,Hövsan,Bakı,2700.0
6462242,118000,AZN,1,40.0,2,5,True,False,False,8 Noyabr,Bakı,2950.0
6384520,155000,AZN,2,58.0,2,5,True,True,True,Memar Əcəmi,Bakı,2672.41
6411121,300000,AZN,3,103.0,8,16,True,False,False,Qara Qarayev,Bakı,2912.62
6493875,620000,AZN,4,129.0,2,9,True,False,False,Nizami,Bakı,4806.2
6258819,175000,AZN,2,56.0,6,16,True,False,False,Neftçilər,Bakı,3125.0
6330661,350000,AZN,3,115.0,4,17,True,False,False,Qara Qarayev,Bakı,3043.48
6493871,300000,AZN,4,110.0,4,5,True,False,False,Qara Qarayev,Bakı,2727.27
6412100,232000,AZN,3,100.0,8,18,True,False,False,Nizami,Bakı,2320.0
6459373,192100,AZN,3,113.0,2,3,False,True,True,Masazır,Bakı,1700.0
6390455,189000,AZN,3,65.0,7,9,True,False,False,Həzi Aslanov,Bakı,2907.69
6492534,395000,AZN,3,75.0,3,5,True,False,False,Sahil,Bakı,5266.67
6458300,318000,AZN,3,110.0,4,10,True,False,False,20 Yanvar,Bakı,2890.91
6493864,155000,AZN,3,90.0,9,9,True,False,False,Həzi Aslanov,Bakı,1722.22
6370614,230000,AZN,3,90.0,2,9,True,False,False,Azadlıq Prospekti,Bakı,2555.56
6493858,158000,AZN,3,70.0,4,5,True,False,False,Hövsan,Bakı,2257.14
6398042,185000,AZN,2,50.0,5,5,True,False,False,Şah İsmayıl Xətai,Bakı,3700.0
6325595,200000,AZN,1,53.0,1,5,False,True,True,Sea Breeze,Bakı,3773.58
6389966,160000,AZN,2,45.0,6,9,True,False,False,Gənclik,Bakı,3555.56
6132141,344000,AZN,3,105.0,9,16,False,False,False,Şah İsmayıl Xətai,Bakı,3276.19
6410361,190000,AZN,2,78.0,3,17,True,False,False,Bayıl,Bakı,2435.9
6428210,398000,AZN,3,112.0,15,16,False,False,False,Gənclik,Bakı,3553.57
6490234,229000,AZN,2,68.0,6,20,True,False,False,Şah İsmayıl Xətai,Bakı,3367.65
6493857,895000,AZN,4,185.2,4,17,True,False,False,Elmlər Akademiyası,Bakı,4832.61
6360341,230000,AZN,3,85.0,2,9,True,False,False,Nəsimi,Bakı,2705.88
6307158,870000,AZN,4,185.0,8,17,True,False,False,Elmlər Akademiyası,Bakı,4702.7
6467137,305000,AZN,4,126.0,5,16,False,True,False,Qara Qarayev,Bakı,2420.63
6255749,115000,AZN,2,77.0,2,8,True,True,False,Masazır,Bakı,1493.51
6481970,765000,AZN,3,94.6,3,8,True,True,True,Ağ şəhər,Bakı,8086.68
6304442,330000,AZN,2,62.0,10,16,True,True,True,Nəriman Nərimanov,Bakı,5322.58
6444788,185000,AZN,2,46.0,15,17,True,True,False,Qara Qarayev,Bakı,4021.74
6389387,95000,AZN,3,73.0,2,6,True,False,False,Masazır,Bakı,1301.37
6474939,157000,AZN,2,65.0,9,9,True,True,False,Həzi Aslanov,Bakı,2415.38
6488928,68500,AZN,2,40.5,1,5,True,False,False,Biləcəri,Bakı,1691.36
6472916,175000,AZN,2,60.0,14,17,True,True,False,Həzi Aslanov,Bakı,2916.67
6300730,210000,AZN,2,52.0,9,16,True,True,False,Qara Qarayev,Bakı,4038.46
6493856,550000,AZN,4,227.0,8,17,False,False,False,Elmlər Akademiyası,Bakı,2422.91
6380282,185000,AZN,2,47.0,15,17,True,False,False,Qara Qarayev,Bakı,3936.17
6380274,185000,AZN,2,47.0,7,16,True,False,False,Qara Qarayev,Bakı,3936.17
6446947,160000,AZN,2,36.0,15,17,True,False,False,Qara Qarayev,Bakı,4444.44
6452989,176000,AZN,2,55.0,12,19,True,True,False,Həzi Aslanov,Bakı,3200.0
6480960,320000,AZN,3,107.0,10,11,True,False,False,Qara Qarayev,Bakı,2990.65
6008153,212000,AZN,2,60.0,3,5,True,True,False,Nizami,Bakı,3533.33
6045768,265000,AZN,2,85.0,14,15,True,True,False,Qara Qarayev,Bakı,3117.65
6267844,194000,AZN,2,47.0,9,17,True,True,False,Qara Qarayev,Bakı,4127.66
6034641,153000,AZN,2,49.0,8,17,False,True,False,Qara Qarayev,Bakı,3122.45
6490679,154900,AZN,3,90.0,2,5,True,False,False,Abşeron,Xırdalan,1721.11
6469318,417000,AZN,3,127.0,5,16,False,False,False,Nəsimi,Bakı,3283.46
6302380,223000,AZN,3,85.0,5,9,True,False,False,Əhmədli,Bakı,2623.53
6224026,259000,AZN,3,87.0,10,15,True,False,False,Neftçilər,Bakı,2977.01
6473735,206000,AZN,2,85.0,14,15,False,False,False,Memar Əcəmi,Bakı,2423.53
6468968,233000,AZN,3,73.0,14,16,True,True,True,Yasamal,Bakı,3191.78
6490526,119000,AZN,1,56.0,1,6,True,True,False,Qara Qarayev,Bakı,2125.0
6446809,225000,AZN,3,90.0,4,9,True,False,False,Nəsimi,Bakı,2500.0
6493852,113000,AZN,2,70.0,6,12,True,False,False,Abşeron,Xırdalan,1614.29
6493853,724000,AZN,4,191.0,6,16,False,False,False,Nizami,Bakı,3790.58
6044821,293000,AZN,3,120.0,2,12,True,True,False,Bakıxanov,Bakı,2441.67
6325039,148000,AZN,3,70.0,2,14,False,False,False,Bakıxanov,Bakı,2114.29
6463554,161690,AZN,3,87.4,2,9,False,False,False,Avtovağzal,Bakı,1850.0
6493850,300000,AZN,4,150.0,9,23,True,False,False,20 Yanvar,Bakı,2000.0
6269294,317000,AZN,3,120.0,6,18,True,True,True,Nəsimi,Bakı,2641.67
6493851,135000,AZN,2,50.0,1,9,True,False,False,Hövsan,Bakı,2700.0
6441309,179000,AZN,2,55.0,3,17,True,True,False,Həzi Aslanov,Bakı,3254.55
6446536,245000,AZN,3,105.0,13,18,True,False,False,Memar Əcəmi,Bakı,2333.33
6356343,258000,AZN,3,115.0,6,17,True,False,False,Əhmədli,Bakı,2243.48
6373602,380086,AZN,2,63.9,6,28,True,True,True,Nardaran,Bakı,5948.14
6294581,255000,AZN,4,110.0,1,9,True,False,False,Azadlıq Prospekti,Bakı,2318.18
6413618,153000,AZN,2,50.0,16,16,True,False,False,Neftçilər,Bakı,3060.0
6404979,231925,AZN,1,38.4,5,28,True,True,True,Nardaran,Bakı,6039.71
6493848,630000,AZN,4,242.0,11,17,False,False,False,28 May,Bakı,2603.31
6309434,172000,AZN,1,50.0,2,17,True,False,False,Azadlıq Prospekti,Bakı,3440.0
6444992,255000,AZN,2,76.0,15,16,True,True,False,Qara Qarayev,Bakı,3355.26
6429543,340000,AZN,3,117.0,6,8,True,False,False,Nəsimi,Bakı,2905.98
6208674,251000,AZN,3,90.0,5,9,True,False,False,Nərimanov,Bakı,2788.89
6163086,328000,AZN,2,76.0,3,7,True,False,False,Sea Breeze,Bakı,4315.79
5713975,250000,AZN,2,65.5,15,18,True,False,False,8 Noyabr,Bakı,3816.79
6486156,275000,AZN,3,135.0,10,16,True,False,False,20 Yanvar,Bakı,2037.04
6457177,180000,AZN,2,61.0,15,17,True,False,False,20 Yanvar,Bakı,2950.82
6439684,255000,AZN,3,80.0,1,9,True,False,False,Səbail,Bakı,3187.5
6470017,254000,AZN,2,85.0,16,18,True,True,False,Həzi Aslanov,Bakı,2988.24
6486157,285000,AZN,3,120.0,13,16,True,False,False,20 Yanvar,Bakı,2375.0
6471201,198000,AZN,2,65.0,14,17,True,True,False,Həzi Aslanov,Bakı,3046.15
6434317,330000,AZN,3,110.0,7,12,True,True,True,Şah İsmayıl Xətai,Bakı,3000.0
6441170,152000,AZN,2,71.0,6,17,False,True,False,Həzi Aslanov,Bakı,2140.85
6473153,255000,AZN,2,86.0,15,16,True,True,False,Həzi Aslanov,Bakı,2965.12
6493831,340000,AZN,2,120.0,6,17,True,False,False,28 May,Bakı,2833.33
6493840,225000,AZN,5,120.0,5,9,True,False,False,Yeni Yasamal,Bakı,1875.0
6269308,314000,AZN,3,115.0,8,17,True,False,False,Həzi Aslanov,Bakı,2730.43
6493839,239000,AZN,2,60.0,4,16,True,False,False,Memar Əcəmi,Bakı,3983.33
6493835,159000,AZN,1,41.0,12,13,True,False,False,Bayıl,Bakı,3878.05
6493836,245000,AZN,3,93.0,3,16,True,False,False,Memar Əcəmi,Bakı,2634.41
6474597,110000,AZN,3,76.0,6,9,True,False,False,Masazır,Bakı,1447.37
6493837,130000,AZN,2,65.0,1,9,True,False,False,Əhmədli,Bakı,2000.0
6471256,355000,AZN,3,98.0,12,14,True,True,False,İnşaatçılar,Bakı,3622.45
6106492,352400,AZN,3,106.8,14,20,True,True,True,20 Yanvar,Bakı,3299.63
6493829,133000,AZN,2,38.0,2,5,True,False,False,Elmlər Akademiyası,Bakı,3500.0
6493832,85500,AZN,2,43.0,7,8,True,False,False,Masazır,Bakı,1988.37
6481902,178000,AZN,3,80.0,2,9,True,True,False,Əhmədli,Bakı,2225.0
6481927,158000,AZN,2,54.0,5,19,True,True,False,Əhmədli,Bakı,2925.93
6474348,239000,AZN,3,125.0,6,15,True,True,False,Əhmədli,Bakı,1912.0
6493830,319000,AZN,3,102.0,10,11,True,False,False,Dərnəgül,Bakı,3127.45
6477435,340000,AZN,3,120.0,19,19,True,False,False,8-ci mikrorayon,Bakı,2833.33
6410662,174000,AZN,2,48.0,4,5,True,False,False,Elmlər Akademiyası,Bakı,3625.0
6476439,220000,AZN,3,100.0,9,19,True,True,False,Həzi Aslanov,Bakı,2200.0
6330831,245000,AZN,2,98.0,6,11,True,True,True,İnşaatçılar,Bakı,2500.0
6463965,250000,AZN,2,109.0,11,11,True,True,False,20 Yanvar,Bakı,2293.58
6431984,514080,AZN,2,112.0,2,7,False,True,True,Nardaran,Bakı,4590.0
6480361,147000,AZN,3,64.0,19,20,True,True,False,Həzi Aslanov,Bakı,2296.88
6430426,184000,AZN,2,65.0,2,9,True,False,False,Həzi Aslanov,Bakı,2830.77
6474325,122000,AZN,2,38.0,2,5,True,False,False,Elmlər Akademiyası,Bakı,3210.53
6480278,265000,AZN,3,126.0,18,19,True,True,False,Həzi Aslanov,Bakı,2103.17
6426276,154000,AZN,2,72.2,9,14,False,True,False,Biləcəri,Bakı,2132.96
6493826,165000,AZN,2,55.0,2,5,True,False,False,20 Yanvar,Bakı,3000.0
6101579,249000,AZN,3,100.0,13,17,True,True,False,Avtovağzal,Bakı,2490.0
6493828,458000,AZN,3,141.0,10,15,True,False,False,Nərimanov,Bakı,3248.23
6193989,268000,AZN,2,75.0,8,20,True,True,False,20 Yanvar,Bakı,3573.33
6368426,225000,AZN,2,58.0,6,7,True,False,False,Sea Breeze,Bakı,3879.31
6410283,275000,AZN,3,105.0,5,17,True,False,False,İnşaatçılar,Bakı,2619.05
6493824,425000,AZN,3,130.0,12,14,True,False,False,Qara Qarayev,Bakı,3269.23
6261151,290000,AZN,2,64.0,12,20,True,False,False,28 May,Bakı,4531.25
6438778,81000,AZN,2,48.0,3,9,True,False,False,Masazır,Bakı,1687.5
6438632,215000,AZN,3,55.0,14,16,True,False,False,Yasamal,Bakı,3909.09
6493821,205000,AZN,2,70.0,7,9,True,False,False,Gənclik,Bakı,2928.57
6245393,225000,AZN,3,85.0,8,9,True,False,False,Xətai,Bakı,2647.06
6313344,210000,AZN,3,80.0,2,9,True,False,False,Xalqlar Dostluğu,Bakı,2625.0
6352575,293000,AZN,2,80.0,10,11,True,False,False,Nəsimi,Bakı,3662.5
6493813,215000,AZN,3,85.0,4,5,True,True,False,Yasamal,Bakı,2529.41
6007138,285000,AZN,2,68.0,12,16,True,False,False,Elmlər Akademiyası,Bakı,4191.18
6493814,394000,AZN,3,157.0,16,17,True,False,False,Azadlıq Prospekti,Bakı,2509.55
6438033,445000,AZN,3,108.0,3,3,True,True,True,Sahil,Bakı,4120.37
6475555,585000,AZN,4,182.0,6,19,True,False,False,Nəriman Nərimanov,Bakı,3214.29
6350880,225000,AZN,4,85.0,6,9,True,False,False,Xətai,Bakı,2647.06
6113334,123000,AZN,2,50.0,2,16,True,False,False,Yeni Günəşli,Bakı,2460.0
6252018,235000,AZN,2,65.0,14,17,True,False,False,8-ci mikrorayon,Bakı,3615.38
5988544,265000,AZN,2,95.0,16,16,True,False,False,Şah İsmayıl Xətai,Bakı,2789.47
6493809,550000,AZN,4,154.0,7,17,True,False,False,Nəriman Nərimanov,Bakı,3571.43
6377443,145000,AZN,3,73.0,7,9,True,True,True,Hövsan,Bakı,1986.3
6493808,269000,AZN,2,60.0,8,12,True,False,False,Nərimanov,Bakı,4483.33
6471250,257000,AZN,2,59.0,6,18,True,True,True,Bakmil,Bakı,4355.93
6488112,166000,AZN,2,60.0,9,9,True,False,False,Həzi Aslanov,Bakı,2766.67
6485679,420000,AZN,4,144.0,8,17,True,True,False,İnşaatçılar,Bakı,2916.67
6152664,225000,AZN,2,90.0,12,14,True,False,False,Neftçilər,Bakı,2500.0
6468852,330000,AZN,4,170.0,9,14,True,True,False,Xalqlar Dostluğu,Bakı,1941.18
6479064,299000,AZN,3,113.1,1,9,False,True,False,Sea Breeze,Bakı,2643.68
6368006,159000,AZN,2,52.0,15,20,True,False,False,Həzi Aslanov,Bakı,3057.69
6474351,245000,AZN,2,55.0,10,14,True,False,False,Nərimanov,Bakı,4454.55
5930893,199000,AZN,2,45.0,3,5,True,False,False,Nəsimi,Bakı,4422.22
6395807,260000,AZN,4,100.0,3,5,True,True,False,Nizami,Bakı,2600.0
6429934,90000,AZN,2,60.0,5,6,True,True,False,Masazır,Bakı,1500.0
6493803,196000,AZN,2,61.0,2,16,True,False,False,Memar Əcəmi,Bakı,3213.11
5791439,249000,AZN,2,61.0,4,15,True,False,False,28 May,Bakı,4081.97
6493802,190000,AZN,4,90.0,1,9,True,False,False,Əhmədli,Bakı,2111.11
6411618,128200,AZN,2,67.0,15,20,True,False,False,Bakıxanov,Bakı,1913.43
6454872,158000,AZN,2,68.0,15,15,True,True,True,Yeni Yasamal,Bakı,2323.53
6410142,185000,AZN,2,55.0,5,5,True,False,False,28 May,Bakı,3363.64
5771556,400000,AZN,3,135.0,11,16,False,False,False,Şah İsmayıl Xətai,Bakı,2962.96
6484155,150000,AZN,2,50.0,1,5,True,False,False,Neftçilər,Bakı,3000.0
6491736,385000,AZN,4,125.0,9,17,True,True,False,Gənclik,Bakı,3080.0
6486368,165000,AZN,2,55.0,4,5,True,False,False,8 Noyabr,Bakı,3000.0
6463592,198000,AZN,4,70.0,3,5,True,True,False,Neftçilər,Bakı,2828.57
6467618,220000,AZN,3,95.0,6,9,True,False,False,Əhmədli,Bakı,2315.79
6493800,130000,AZN,2,58.0,5,16,True,False,False,Massiv D,Bakı,2241.38
6487120,237000,AZN,3,70.0,6,9,True,False,False,Gənclik,Bakı,3385.71
6300819,210000,AZN,2,52.0,10,16,True,False,False,Qara Qarayev,Bakı,4038.46
6493799,250000,AZN,2,67.0,19,19,True,False,False,8-ci mikrorayon,Bakı,3731.34
6420940,395000,AZN,3,140.0,5,18,True,False,False,Nəriman Nərimanov,Bakı,2821.43
6304998,235000,AZN,3,110.0,16,17,True,False,False,Əhmədli,Bakı,2136.36
6493797,212000,AZN,2,92.0,7,20,False,False,False,Həzi Aslanov,Bakı,2304.35
6464059,155000,AZN,2,55.0,2,5,True,True,False,7-ci mikrorayon,Bakı,2818.18
5993645,355000,AZN,3,120.0,12,20,True,False,False,Nərimanov,Bakı,2958.33
6187583,168000,AZN,3,85.0,8,9,True,True,False,Əhmədli,Bakı,1976.47
6491902,181000,AZN,3,80.0,6,9,True,False,False,Xətai,Bakı,2262.5
6449004,134500,AZN,2,44.0,5,9,True,True,False,İnşaatçılar,Bakı,3056.82
6486219,245000,AZN,3,85.0,3,19,True,False,False,Həzi Aslanov,Bakı,2882.35
6486207,475000,AZN,4,190.0,5,25,True,False,False,Elmlər Akademiyası,Bakı,2500.0
6475769,266000,AZN,3,120.0,16,20,True,True,True,İnşaatçılar,Bakı,2216.67
6240303,175000,AZN,3,125.0,16,16,True,False,False,Abşeron,Xırdalan,1400.0
6484636,205000,AZN,2,52.9,14,20,True,True,False,20 Yanvar,Bakı,3875.24
6435677,79800,AZN,2,52.0,5,6,True,False,False,Masazır,Bakı,1534.62
6493788,268000,AZN,2,90.7,2,16,True,False,False,Neftçilər,Bakı,2954.8
6493789,275000,AZN,3,104.0,2,17,True,False,False,İnşaatçılar,Bakı,2644.23
6193763,500000,AZN,4,192.0,7,16,True,False,False,28 May,Bakı,2604.17
6411794,565000,AZN,3,120.0,7,16,True,True,True,Nizami,Bakı,4708.33
6386543,735000,AZN,4,160.0,10,16,True,True,True,Nizami,Bakı,4593.75
6493784,280000,AZN,2,110.0,11,14,True,False,False,Nəsimi,Bakı,2545.45
6481878,237000,AZN,3,65.0,6,9,True,True,False,Nərimanov,Bakı,3646.15
6493782,195000,AZN,1,63.3,11,17,False,False,False,Koroğlu,Bakı,3080.57
6492180,189000,AZN,3,86.0,6,9,True,False,False,Əhmədli,Bakı,2197.67
6274338,210000,AZN,4,100.0,5,5,True,False,False,Nərimanov,Bakı,2100.0
6493781,725000,AZN,3,128.0,10,20,True,False,False,Şah İsmayıl Xətai,Bakı,5664.06
6340778,435000,AZN,2,62.0,5,8,True,True,False,Ağ şəhər,Bakı,7016.13
6493780,178000,AZN,3,70.0,1,9,True,False,False,Yeni Yasamal,Bakı,2542.86
6484682,215000,AZN,3,80.0,5,5,True,False,False,Nərimanov,Bakı,2687.5
6493779,255000,AZN,2,75.0,7,12,True,False,False,Bakıxanov,Bakı,3400.0
6487813,238000,AZN,3,85.0,8,9,True,False,False,Xalqlar Dostluğu,Bakı,2800.0
6468301,69500,AZN,1,24.0,2,2,True,False,False,Elmlər Akademiyası,Bakı,2895.83
6408868,200000,AZN,2,70.0,2,14,True,False,False,Badamdar,Bakı,2857.14
6493776,331000,AZN,3,115.0,2,14,True,False,False,Qara Qarayev,Bakı,2878.26
6462629,130000,AZN,1,40.0,2,6,True,False,False,Nizami,Bakı,3250.0
6466784,303000,AZN,3,105.0,9,15,True,True,True,İnşaatçılar,Bakı,2885.71
6201688,242000,AZN,3,88.0,7,19,True,False,False,Xətai,Bakı,2750.0
6477071,76000,AZN,2,42.0,5,6,True,True,False,Masazır,Bakı,1809.52
6477496,210000,AZN,3,75.0,3,5,True,False,False,Azadlıq Prospekti,Bakı,2800.0
6476050,177000,AZN,2,65.0,6,9,True,True,False,Yasamal,Bakı,2723.08
6491036,185000,AZN,3,85.0,3,9,True,True,False,Əhmədli,Bakı,2176.47
6350035,49000,AZN,2,42.0,4,6,False,True,False,Masazır,Bakı,1166.67
6375676,168000,AZN,3,65.0,1,9,True,False,False,Həzi Aslanov,Bakı,2584.62
5812048,133000,AZN,3,65.0,4,5,True,False,False,Biləcəri,Bakı,2046.15
5985850,236000,AZN,2,65.0,14,17,True,False,False,Azadlıq Prospekti,Bakı,3630.77
6486689,450000,AZN,2,100.0,8,15,True,True,True,Nəriman Nərimanov,Bakı,4500.0
6427388,418000,AZN,3,107.0,9,27,True,True,False,8 Noyabr,Bakı,3906.54
6493768,190000,AZN,3,70.0,12,19,True,False,False,Dərnəgül,Bakı,2714.29
6337143,125000,AZN,1,40.0,5,5,True,False,False,Nəriman Nərimanov,Bakı,3125.0
6411894,475000,AZN,3,150.0,6,18,True,False,False,Nəsimi,Bakı,3166.67
6155349,71000,AZN,2,45.0,3,6,True,False,False,Masazır,Bakı,1577.78
6493766,222000,AZN,2,60.0,6,9,True,False,False,Gənclik,Bakı,3700.0
5611592,85000,AZN,2,52.0,3,6,True,False,False,Masazır,Bakı,1634.62
6478890,1461400,AZN,4,224.8,16,20,False,False,False,Ağ şəhər,Bakı,6500.89
6452377,278000,AZN,2,54.0,10,12,True,False,False,Nizami,Bakı,5148.15
6493763,278000,AZN,4,150.0,3,5,True,False,False,Azadlıq Prospekti,Bakı,1853.33
6275113,610000,AZN,4,200.0,9,20,True,False,False,Nəsimi,Bakı,3050.0
6479279,189000,AZN,2,55.0,12,15,True,False,False,Neftçilər,Bakı,3436.36
5475997,272000,AZN,1,55.4,1,3,False,True,True,Mərdəkan,Bakı,4909.75
5510791,527000,AZN,2,107.6,2,6,False,True,True,Mərdəkan,Bakı,4897.77
5510774,714000,AZN,2,148.9,1,3,False,True,True,Mərdəkan,Bakı,4795.16
5506321,1241000,AZN,3,218.7,6,6,False,True,True,Mərdəkan,Bakı,5674.44
5506311,306000,AZN,1,62.0,2,6,False,True,True,Mərdəkan,Bakı,4935.48
6323096,350000,AZN,3,142.0,4,17,True,False,False,Əhmədli,Bakı,2464.79
6484162,380000,AZN,3,136.0,7,12,True,False,False,Gənclik,Bakı,2794.12
6197306,219000,AZN,2,58.3,8,16,True,True,True,Azadlıq Prospekti,Bakı,3756.43
6460288,218000,AZN,2,55.0,2,17,True,False,False,Nizami,Bakı,3963.64
6405022,375477,AZN,1,64.0,11,28,True,True,False,Nardaran,Bakı,5866.83
6489180,370000,AZN,3,140.0,18,22,False,False,False,İnşaatçılar,Bakı,2642.86
6361698,418000,AZN,3,137.0,10,16,True,True,False,Şah İsmayıl Xətai,Bakı,3051.09
6323267,170000,AZN,2,53.0,1,5,True,False,False,Neftçilər,Bakı,3207.55
6479597,445000,AZN,3,138.0,10,17,True,True,False,8 Noyabr,Bakı,3224.64
6493759,377000,AZN,3,142.0,19,20,True,False,False,8 Noyabr,Bakı,2654.93
6493758,218000,AZN,3,94.0,10,16,True,False,False,Həzi Aslanov,Bakı,2319.15
6373636,246379,AZN,1,39.2,9,28,True,True,True,Nardaran,Bakı,6285.18
6473294,133500,AZN,2,38.0,2,5,True,False,False,Elmlər Akademiyası,Bakı,3513.16
6493756,285000,AZN,3,70.0,11,16,True,False,False,Nəriman Nərimanov,Bakı,4071.43
6231295,345000,AZN,3,112.0,13,16,False,True,True,Nəriman Nərimanov,Bakı,3080.36
6440548,181000,AZN,1,56.0,5,7,False,True,True,Nardaran,Bakı,3232.14
6408758,235000,AZN,3,90.0,5,5,True,False,False,Nəriman Nərimanov,Bakı,2611.11
6327090,95000,AZN,3,77.0,4,5,True,False,False,Masazır,Bakı,1233.77
6181887,525000,AZN,4,175.9,10,12,True,True,True,Koroğlu,Bakı,2984.65
6181912,532840,AZN,4,190.3,3,12,True,True,True,Koroğlu,Bakı,2800.0
6181862,404955,AZN,2,120.9,4,12,True,True,True,Koroğlu,Bakı,3349.5
6181901,510000,AZN,4,194.2,5,12,True,True,True,Koroğlu,Bakı,2626.16
6181844,411989,AZN,2,123.0,3,12,True,True,True,Koroğlu,Bakı,3349.5
6181837,382848,AZN,2,114.3,3,12,True,True,True,Koroğlu,Bakı,3349.5
6181764,615420,AZN,3,237.0,3,12,True,True,True,Koroğlu,Bakı,2596.71
6493753,245000,AZN,3,75.0,7,10,True,False,False,Dərnəgül,Bakı,3266.67
6493751,175000,AZN,2,52.0,2,9,True,False,False,Neftçilər,Bakı,3365.38
6493750,75000,AZN,2,50.0,3,5,True,False,False,Masazır,Bakı,1500.0
6491175,198000,AZN,3,62.0,2,5,True,False,False,Elmlər Akademiyası,Bakı,3193.55
6491470,100000,AZN,2,45.0,9,9,True,False,False,Yeni Günəşli,Bakı,2222.22
6472369,795000,AZN,4,171.0,13,16,True,False,False,Nəsimi,Bakı,4649.12
6442724,250000,AZN,2,82.0,4,19,True,False,False,Xətai,Bakı,3048.78
6460740,307000,AZN,3,80.0,15,16,True,False,False,Dərnəgül,Bakı,3837.5
6472010,380000,AZN,4,146.0,5,19,True,False,False,Xətai,Bakı,2602.74
6425284,299000,AZN,4,100.0,3,5,True,False,False,Sahil,Bakı,2990.0
6436146,249000,AZN,4,100.0,6,9,True,False,False,Xətai,Bakı,2490.0
6433373,538000,AZN,4,148.0,4,16,True,False,False,Nəriman Nərimanov,Bakı,3635.14
6197903,285000,AZN,2,77.0,15,17,False,False,False,Elmlər Akademiyası,Bakı,3701.3
6493745,468000,AZN,3,100.0,4,8,False,False,False,Ağ şəhər,Bakı,4680.0
6476082,140000,AZN,2,100.6,9,16,False,True,True,Lökbatan,Bakı,1391.65
6366926,228000,AZN,3,70.0,3,9,True,False,False,Azadlıq Prospekti,Bakı,3257.14
6143931,229000,AZN,2,52.0,9,19,True,False,False,Nəriman Nərimanov,Bakı,4403.85
6487804,157000,AZN,2,60.0,4,15,True,False,False,Xalqlar Dostluğu,Bakı,2616.67
5838691,425000,AZN,5,192.0,6,13,True,True,False,İnşaatçılar,Bakı,2213.54
6476483,275000,AZN,4,120.0,8,9,True,False,False,Bakıxanov,Bakı,2291.67
6451173,169999,AZN,3,54.5,1,9,True,True,True,20 Yanvar,Bakı,3119.25
6035295,465000,AZN,3,136.0,3,18,True,False,False,Nəsimi,Bakı,3419.12
6493743,240000,AZN,2,90.0,11,16,True,False,False,Memar Əcəmi,Bakı,2666.67
6294913,399000,AZN,2,115.0,5,18,True,True,True,Şah İsmayıl Xətai,Bakı,3469.57
6487765,155000,AZN,2,60.6,7,18,True,False,False,Əhmədli,Bakı,2557.76
6267146,228000,AZN,3,95.0,4,17,True,False,False,Bayıl,Bakı,2400.0
6468647,176000,AZN,3,60.0,11,13,True,False,False,Nəsimi,Bakı,2933.33
6431101,310000,AZN,2,117.0,9,15,True,False,False,Şah İsmayıl Xətai,Bakı,2649.57
6493742,71000,AZN,1,20.0,5,5,True,False,False,Qara Qarayev,Bakı,3550.0
6493740,239000,AZN,4,100.0,7,9,True,False,False,Həzi Aslanov,Bakı,2390.0
6475218,150000,AZN,2,56.0,2,5,True,False,False,İnşaatçılar,Bakı,2678.57
6467992,215000,AZN,3,90.0,10,15,True,False,False,Əhmədli,Bakı,2388.89
6410058,350000,AZN,2,50.0,7,7,True,False,False,Ağ şəhər,Bakı,7000.0
6120562,275000,AZN,2,100.0,11,17,True,False,False,Elmlər Akademiyası,Bakı,2750.0
6486224,340000,AZN,2,101.0,4,19,True,False,False,Şah İsmayıl Xətai,Bakı,3366.34
6037691,115000,AZN,1,30.0,5,5,True,False,False,Elmlər Akademiyası,Bakı,3833.33
6453425,275000,AZN,2,82.0,12,18,True,False,False,Gənclik,Bakı,3353.66
6314383,770000,AZN,2,100.0,7,7,True,False,False,Ağ şəhər,Bakı,7700.0
6479925,280000,AZN,2,92.0,4,16,True,False,False,Nəsimi,Bakı,3043.48
6479955,220000,AZN,3,75.0,7,9,True,False,False,Nəsimi,Bakı,2933.33
6493735,314500,AZN,3,135.5,6,17,True,False,False,Həzi Aslanov,Bakı,2321.03
6490445,249000,AZN,2,85.0,6,19,True,False,False,Xətai,Bakı,2929.41
6159708,289000,AZN,2,75.0,14,18,True,True,False,Şah İsmayıl Xətai,Bakı,3853.33
6493734,798000,AZN,4,183.0,6,17,True,False,False,Gənclik,Bakı,4360.66
6492767,86800,AZN,2,62.0,3,14,False,False,False,Abşeron,Xırdalan,1400.0
6159734,260000,AZN,2,60.0,14,19,True,True,False,Şah İsmayıl Xətai,Bakı,4333.33
5946479,470000,AZN,4,200.0,4,15,True,False,False,Həzi Aslanov,Bakı,2350.0
5907625,435000,AZN,3,112.0,2,16,True,True,False,28 May,Bakı,3883.93
6454789,338000,AZN,4,135.0,8,12,True,True,False,İnşaatçılar,Bakı,2503.7
4362132,686443,AZN,3,103.9,8,8,True,True,True,Ağ şəhər,Bakı,6606.77
4586280,661063,AZN,3,104.3,7,7,True,True,True,Ağ şəhər,Bakı,6338.09
5745802,670000,AZN,5,272.0,5,16,False,True,False,Gənclik,Bakı,2463.24
6479892,165000,AZN,1,56.9,6,7,False,False,False,Sabunçu,Bakı,2899.82
6243558,189000,AZN,3,90.0,3,5,True,True,True,Bakıxanov,Bakı,2100.0
6388202,117000,AZN,2,45.0,2,9,True,False,False,Biləcəri,Bakı,2600.0
6457155,230000,AZN,3,110.0,9,17,True,False,False,Həzi Aslanov,Bakı,2090.91
6471158,119000,AZN,2,70.0,2,6,True,True,False,Masazır,Bakı,1700.0
6334874,599000,AZN,4,150.0,6,16,True,False,False,28 May,Bakı,3993.33
6493723,103000,AZN,2,52.3,3,16,False,False,False,Zığ,Bakı,1969.41
6493725,240000,AZN,4,114.5,3,7,True,False,False,Binə,Bakı,2096.07
6006141,193000,AZN,2,54.9,3,17,True,True,False,Həzi Aslanov,Bakı,3515.48
6466317,130000,AZN,1,35.0,2,6,True,False,False,Nəsimi,Bakı,3714.29
6468073,205000,AZN,2,70.0,7,9,True,False,False,Gənclik,Bakı,2928.57
5579176,320000,AZN,3,180.0,10,21,True,False,False,20 Yanvar,Bakı,1777.78
6441857,384000,AZN,3,100.0,15,20,True,False,False,Nəsimi,Bakı,3840.0
6481997,279000,AZN,3,79.0,6,16,True,False,False,Yeni Yasamal,Bakı,3531.65
6493721,210000,AZN,2,55.2,2,2,True,False,False,Nəriman Nərimanov,Bakı,3804.35
6478631,220000,AZN,2,95.0,7,18,False,False,False,Elmlər Akademiyası,Bakı,2315.79
6479092,290000,AZN,4,102.0,2,3,True,True,False,Nəsimi,Bakı,2843.14
6459759,146000,AZN,2,40.0,4,5,True,True,False,Nəriman Nərimanov,Bakı,3650.0
6478051,128000,AZN,2,48.0,8,15,True,True,False,Yeni Günəşli,Bakı,2666.67
6493719,128000,AZN,1,40.0,2,9,True,False,False,Həzi Aslanov,Bakı,3200.0
6361615,160000,AZN,3,76.0,4,4,True,True,True,Bakıxanov,Bakı,2105.26
6493713,310000,AZN,3,128.0,16,17,False,False,False,Nəriman Nərimanov,Bakı,2421.88
6389815,243000,AZN,4,100.0,4,9,True,False,False,Bakıxanov,Bakı,2430.0
5618368,240000,AZN,3,115.0,8,21,True,False,False,20 Yanvar,Bakı,2086.96
6478591,127000,AZN,1,55.0,9,18,False,False,False,Elmlər Akademiyası,Bakı,2309.09
6211982,154000,AZN,2,55.0,13,13,True,True,False,8-ci kilometr,Bakı,2800.0
6493707,275000,AZN,3,123.0,18,18,True,False,False,İnşaatçılar,Bakı,2235.77
6401788,189000,AZN,3,72.0,4,17,True,True,False,Nəsimi,Bakı,2625.0
6493705,320000,AZN,2,110.0,14,27,False,False,False,8 Noyabr,Bakı,2909.09
6471134,427000,AZN,3,106.7,2,18,True,True,True,Bakmil,Bakı,4001.87
6493700,378000,AZN,4,181.2,10,19,False,False,False,Nəriman Nərimanov,Bakı,2086.09
6430261,318000,AZN,3,120.0,7,18,True,False,False,20 Yanvar,Bakı,2650.0
6478935,126500,AZN,1,33.0,5,5,True,True,False,Memar Əcəmi,Bakı,3833.33
6358768,300000,AZN,4,130.0,17,19,True,False,False,İnşaatçılar,Bakı,2307.69
6493699,258000,AZN,2,63.0,14,18,True,False,False,Nərimanov,Bakı,4095.24
6481668,255000,AZN,3,90.0,15,16,True,False,False,Nizami,Bakı,2833.33
6493697,230000,AZN,2,58.0,3,5,True,False,False,Nəsimi,Bakı,3965.52
6471891,279000,AZN,2,70.0,10,16,True,False,False,Gənclik,Bakı,3985.71
6125777,330000,AZN,3,133.0,11,18,True,True,True,Sabunçu,Bakı,2481.2
6091253,230000,AZN,3,80.0,5,9,True,False,False,Nəsimi,Bakı,2875.0
6408732,228000,AZN,3,65.0,4,9,True,False,False,Gənclik,Bakı,3507.69
6410657,255000,AZN,3,85.0,3,5,True,False,False,Gənclik,Bakı,3000.0
6449648,350000,AZN,3,101.7,12,17,True,False,False,Nəsimi,Bakı,3441.49
6493691,107000,AZN,1,27.0,4,6,True,False,False,İnşaatçılar,Bakı,3962.96
5858674,480000,AZN,3,91.0,3,20,,False,False,Şah İsmayıl Xətai,Bakı,5274.73
6457297,170000,AZN,3,70.0,3,5,True,False,False,Həzi Aslanov,Bakı,2428.57
6465704,155000,AZN,3,75.0,5,9,True,True,True,Qaraçuxur,Bakı,2066.67
6449881,284999,AZN,3,91.0,5,15,True,False,False,Həzi Aslanov,Bakı,3131.86
6464801,248000,AZN,3,107.0,8,12,True,False,False,Xətai,Bakı,2317.76
6452883,325000,AZN,3,134.0,3,16,True,False,False,Həzi Aslanov,Bakı,2425.37
6387354,265000,AZN,3,123.0,12,13,True,False,False,İnşaatçılar,Bakı,2154.47
6456691,460000,AZN,4,171.0,11,17,False,False,False,Şah İsmayıl Xətai,Bakı,2690.06
6365118,695000,AZN,4,178.0,5,17,True,True,False,Nəriman Nərimanov,Bakı,3904.49
6220412,230000,AZN,3,80.0,2,5,True,False,False,Elmlər Akademiyası,Bakı,2875.0
6433644,140000,AZN,2,41.0,3,18,True,False,False,Qara Qarayev,Bakı,3414.63
6101802,325000,AZN,3,126.7,7,16,False,True,False,Koroğlu,Bakı,2565.11
6464251,289000,AZN,3,152.0,5,15,True,True,True,Yeni Yasamal,Bakı,1901.32
6493688,317000,AZN,3,130.0,10,16,True,False,False,İnşaatçılar,Bakı,2438.46
6479959,147000,AZN,2,66.0,5,10,True,False,False,Həzi Aslanov,Bakı,2227.27
6468502,585000,AZN,4,182.0,6,16,True,False,False,Nəriman Nərimanov,Bakı,3214.29
6479945,172000,AZN,5,120.0,9,9,True,False,False,Yeni Günəşli,Bakı,1433.33
6493687,190000,AZN,2,84.0,5,17,True,False,False,İnşaatçılar,Bakı,2261.9
6423107,160000,AZN,3,60.0,9,9,True,False,False,Neftçilər,Bakı,2666.67
6385898,565000,AZN,3,157.0,14,20,False,True,True,Ağ şəhər,Bakı,3598.73
6468078,190000,AZN,3,85.0,5,9,True,True,True,Əhmədli,Bakı,2235.29
6493683,397000,AZN,2,96.0,4,19,True,False,False,28 May,Bakı,4135.42
6493682,178000,AZN,2,41.0,11,16,True,False,False,Yasamal,Bakı,4341.46
6393967,77000,AZN,2,52.0,2,5,True,False,False,Masazır,Bakı,1480.77
6493677,119000,AZN,1,35.0,2,9,True,False,False,Gənclik,Bakı,3400.0
6411980,100000,AZN,2,75.0,1,6,True,True,False,Abşeron,Bakı,1333.33
6362794,165000,AZN,3,105.0,10,19,True,False,False,Bakıxanov,Bakı,1571.43
6493678,280000,AZN,2,65.0,3,18,True,False,False,Nəsimi,Bakı,4307.69
6395389,187000,AZN,3,71.0,12,16,True,True,False,Yeni Günəşli,Bakı,2633.8
5964171,620000,AZN,4,190.0,9,12,True,True,False,Gənclik,Bakı,3263.16
6484644,450000,AZN,3,145.0,4,17,True,False,False,Nəriman Nərimanov,Bakı,3103.45
6493676,197000,AZN,1,32.0,8,27,True,False,False,Nardaran,Bakı,6156.25
6443058,530000,AZN,4,185.0,9,16,True,False,False,Elmlər Akademiyası,Bakı,2864.86
6493642,210000,AZN,2,65.0,14,16,True,False,False,Həzi Aslanov,Bakı,3230.77
6049562,370000,AZN,3,120.0,16,16,True,False,False,Şah İsmayıl Xətai,Bakı,3083.33
6390722,156000,AZN,2,58.0,4,5,True,False,False,Memar Əcəmi,Bakı,2689.66
6461311,210000,AZN,2,65.0,6,9,True,False,False,Gənclik,Bakı,3230.77
6023464,335000,AZN,3,100.0,6,8,True,False,False,Nərimanov,Bakı,3350.0
6371634,212000,AZN,2,65.0,7,9,True,False,False,Azadlıq Prospekti,Bakı,3261.54
6388446,158000,AZN,3,118.0,22,22,True,False,False,Gənclik,Bakı,1338.98
6493415,625000,AZN,3,120.0,10,17,True,False,False,Elmlər Akademiyası,Bakı,5208.33
6226200,192000,AZN,2,65.0,6,9,True,False,False,Azadlıq Prospekti,Bakı,2953.85
3347882,900000,AZN,4,270.0,16,22,False,False,False,Şah İsmayıl Xətai,Bakı,3333.33
6318372,189000,AZN,2,65.0,5,9,True,False,False,Gənclik,Bakı,2907.69
6493664,305000,AZN,2,115.0,8,14,True,False,False,Bayıl,Bakı,2652.17
5726741,201000,AZN,2,65.0,6,9,True,False,False,Binəqədi,Bakı,3092.31
6486672,210000,AZN,2,65.0,14,15,True,True,True,Həzi Aslanov,Bakı,3230.77
5813985,208000,AZN,2,70.0,3,9,True,False,False,Gənclik,Bakı,2971.43
4606322,498500,AZN,4,163.0,4,19,False,True,False,Bayıl,Bakı,3058.28
6354418,191000,AZN,4,90.0,4,5,True,True,False,Xalqlar Dostluğu,Bakı,2122.22
6493662,560000,AZN,3,143.0,12,17,True,False,False,Nəriman Nərimanov,Bakı,3916.08
5311812,114700,AZN,2,100.6,12,16,False,False,False,Lökbatan,Bakı,1140.16
6474778,280000,AZN,3,125.0,3,17,False,False,False,İnşaatçılar,Bakı,2240.0
6181779,155000,AZN,2,68.0,15,19,True,False,False,Yeni Yasamal,Bakı,2279.41
6408874,850000,AZN,5,213.6,6,8,False,False,False,Ağ şəhər,Bakı,3979.4
5883773,550000,AZN,4,210.0,3,17,False,False,False,Nəriman Nərimanov,Bakı,2619.05
6454197,323000,AZN,3,98.97,7,17,True,True,False,Koroğlu,Bakı,3263.62
6085980,850000,AZN,5,326.0,11,16,False,False,False,Şah İsmayıl Xətai,Bakı,2607.36
6408911,695000,AZN,3,139.0,6,8,False,False,False,Ağ şəhər,Bakı,5000.0
6408922,705000,AZN,3,141.0,5,8,False,False,False,Ağ şəhər,Bakı,5000.0
6493653,338000,AZN,3,135.0,16,17,True,False,False,İnşaatçılar,Bakı,2503.7
5862568,210000,AZN,2,68.0,9,16,True,False,False,Həzi Aslanov,Bakı,3088.24
6493652,145000,AZN,3,90.0,10,10,True,False,False,Həzi Aslanov,Bakı,1611.11
6493651,155000,AZN,2,45.0,8,10,True,False,False,Gənclik,Bakı,3444.44
6408981,685000,AZN,5,237.0,12,18,False,False,False,Elmlər Akademiyası,Bakı,2890.3
5935680,280000,AZN,3,75.0,9,10,True,False,False,28 May,Bakı,3733.33
5697512,465000,AZN,3,120.0,17,18,True,True,True,Şah İsmayıl Xətai,Bakı,3875.0
6431802,124999,AZN,2,40.0,3,9,True,True,False,Əhmədli,Bakı,3124.98
6493648,460000,AZN,3,140.0,6,16,True,False,False,Şah İsmayıl Xətai,Bakı,3285.71
6408994,465000,AZN,3,100.0,5,7,False,False,False,Ağ şəhər,Bakı,4650.0
6486446,185000,AZN,2,52.0,12,20,True,False,False,İnşaatçılar,Bakı,3557.69
6264579,95000,AZN,2,45.0,2,12,True,False,False,Abşeron,Xırdalan,2111.11
6449450,350000,AZN,2,101.0,19,19,True,True,False,Şah İsmayıl Xətai,Bakı,3465.35
6365965,359000,AZN,3,140.0,8,17,True,False,False,İnşaatçılar,Bakı,2564.29
6490030,220000,AZN,2,82.0,14,16,True,True,True,Əhmədli,Bakı,2682.93
6376264,438000,AZN,3,147.0,9,15,False,False,False,Nizami,Bakı,2979.59
6419114,230000,AZN,3,105.0,15,17,True,True,True,8-ci kilometr,Bakı,2190.48
6468189,151000,AZN,2,50.0,1,5,True,True,False,Memar Əcəmi,Bakı,3020.0
6493451,148000,AZN,3,65.0,3,5,True,False,False,Həzi Aslanov,Bakı,2276.92
4868347,620000,AZN,4,193.0,5,17,True,False,False,28 May,Bakı,3212.44
6493643,713000,AZN,4,166.0,5,8,False,False,False,Ağ şəhər,Bakı,4295.18
6061240,287550,AZN,2,106.5,27,27,False,False,False,8 Noyabr,Bakı,2700.0
6474092,203000,AZN,3,85.0,3,5,True,False,False,Nəsimi,Bakı,2388.24
6091036,172000,AZN,2,48.0,2,5,True,False,False,Elmlər Akademiyası,Bakı,3583.33
6440409,920000,AZN,4,220.0,16,18,False,True,True,Nəsimi,Bakı,4181.82
6296792,737000,AZN,4,162.0,5,14,False,True,False,Elmlər Akademiyası,Bakı,4549.38
6476841,395000,AZN,3,105.0,18,19,True,False,False,Nəriman Nərimanov,Bakı,3761.9
6493263,148000,AZN,3,85.0,8,9,True,True,False,Həzi Aslanov,Bakı,1741.18
6493636,296000,AZN,3,92.0,11,14,True,False,False,Qara Qarayev,Bakı,3217.39
6491560,270000,AZN,3,80.0,2,9,True,False,False,Qara Qarayev,Bakı,3375.0
6456796,650000,AZN,4,211.0,7,18,True,True,False,Şah İsmayıl Xətai,Bakı,3080.57
6387333,310000,AZN,3,93.0,8,9,True,False,False,Elmlər Akademiyası,Bakı,3333.33
6493634,1000000,AZN,5,210.0,10,18,False,False,False,Elmlər Akademiyası,Bakı,4761.9
6221397,520000,AZN,3,155.0,4,17,True,False,False,28 May,Bakı,3354.84
6270400,489000,AZN,3,125.0,8,16,True,False,False,Nizami,Bakı,3912.0
5491639,339000,AZN,3,120.0,5,11,True,True,False,28 May,Bakı,2825.0
6471856,215000,AZN,2,84.0,5,17,True,False,False,Nəsimi,Bakı,2559.52
6111543,689000,AZN,7,220.0,15,17,True,True,False,Nəriman Nərimanov,Bakı,3131.82
6219375,215000,AZN,4,140.0,11,17,True,True,True,Bakıxanov,Bakı,1535.71
6367634,238000,AZN,2,75.0,11,18,True,False,False,Nəsimi,Bakı,3173.33
6197419,485000,AZN,3,100.0,12,14,True,False,False,Elmlər Akademiyası,Bakı,4850.0
6493631,82000,AZN,2,45.0,1,5,True,False,False,Abşeron,Xırdalan,1822.22
6488990,93000,AZN,3,66.0,7,8,True,False,False,Abşeron,Xırdalan,1409.09
6493630,210000,AZN,2,77.0,8,16,False,False,False,Qara Qarayev,Bakı,2727.27
6398001,285000,AZN,2,50.0,7,21,False,False,False,28 May,Bakı,5700.0
6465082,380000,AZN,3,130.0,3,18,True,True,False,Şah İsmayıl Xətai,Bakı,2923.08
6493628,150000,AZN,2,85.0,3,14,True,False,False,Abşeron,Xırdalan,1764.71
6160224,300000,AZN,3,91.0,9,10,True,True,False,İçəri Şəhər,Bakı,3296.7
6493629,155000,AZN,1,39.0,10,17,False,False,False,Qara Qarayev,Bakı,3974.36
6408272,178000,AZN,2,63.0,8,9,True,False,False,Gənclik,Bakı,2825.4
6230951,475000,AZN,3,130.0,16,22,True,False,False,Elmlər Akademiyası,Bakı,3653.85
6464488,217000,AZN,2,52.0,6,9,True,False,False,Gənclik,Bakı,4173.08
6346291,310000,AZN,3,100.0,14,18,True,False,False,İnşaatçılar,Bakı,3100.0
6420574,186000,AZN,2,50.0,7,14,True,False,False,20 Yanvar,Bakı,3720.0
5376154,295000,AZN,2,105.0,10,18,True,True,False,Badamdar,Bakı,2809.52
6466263,154000,AZN,2,45.0,5,5,True,False,False,Gənclik,Bakı,3422.22
6438415,249000,AZN,3,120.0,8,14,True,True,False,Yeni Yasamal,Bakı,2075.0
6446020,185000,AZN,2,50.0,6,17,True,False,False,20 Yanvar,Bakı,3700.0
6408642,203000,AZN,2,63.0,7,9,True,False,False,Gənclik,Bakı,3222.22
6298981,294000,AZN,3,95.0,13,17,True,False,False,20 Yanvar,Bakı,3094.74
6234784,198000,AZN,2,59.0,5,17,True,False,False,20 Yanvar,Bakı,3355.93
6489684,166000,AZN,3,62.0,8,12,True,False,False,İnşaatçılar,Bakı,2677.42
6464718,62000,AZN,1,18.0,1,1,True,True,False,28 May,Bakı,3444.44
6457018,350000,AZN,3,110.0,2,17,True,True,True,Bibiheybət,Bakı,3181.82
6480775,117702,AZN,2,100.6,5,18,False,False,False,Lökbatan,Bakı,1170.0
6201530,425000,AZN,3,129.0,12,16,False,True,True,Nərimanov,Bakı,3294.57
6434380,184000,AZN,2,65.0,2,9,True,False,False,Həzi Aslanov,Bakı,2830.77
6489273,85500,AZN,2,43.0,7,8,True,False,False,Masazır,Bakı,1988.37
6227251,345000,AZN,3,140.0,10,19,True,False,False,20 Yanvar,Bakı,2464.29
6493620,205000,AZN,3,131.0,2,15,False,False,False,Neftçilər,Bakı,1564.89
6147926,655000,AZN,4,198.0,6,20,True,True,True,28 May,Bakı,3308.08
6159960,275000,AZN,4,110.0,4,5,True,True,False,Badamdar,Bakı,2500.0
6458674,142000,AZN,3,72.0,5,5,True,False,False,Həzi Aslanov,Bakı,1972.22
6449050,175000,AZN,2,65.0,2,4,True,True,False,Badamdar,Bakı,2692.31
6245061,245000,AZN,2,97.0,3,20,True,False,False,Həzi Aslanov,Bakı,2525.77
5981356,399000,AZN,4,170.0,7,18,True,False,False,İnşaatçılar,Bakı,2347.06
6440367,740000,AZN,4,194.0,13,18,False,True,True,Nəsimi,Bakı,3814.43
6353622,287000,AZN,2,67.0,4,16,True,True,False,Nərimanov,Bakı,4283.58
6425233,215000,AZN,2,69.3,14,18,True,False,False,Əhmədli,Bakı,3102.45
6287038,225000,AZN,3,93.0,7,16,True,False,False,Həzi Aslanov,Bakı,2419.35
6409286,115000,AZN,3,70.0,9,11,True,False,False,Abşeron,Xırdalan,1642.86
6486022,435000,AZN,3,115.0,16,17,True,False,False,Şah İsmayıl Xətai,Bakı,3782.61
6493613,170000,AZN,3,75.0,4,5,True,False,False,Memar Əcəmi,Bakı,2266.67
6432078,460000,AZN,3,147.0,4,14,True,False,False,Nizami,Bakı,3129.25
6493615,157000,AZN,3,80.0,1,9,True,False,False,Həzi Aslanov,Bakı,1962.5
6493614,227500,AZN,3,104.0,7,12,True,False,False,Xətai,Bakı,2187.5
6492896,228000,AZN,3,95.0,5,17,True,False,False,Səbail,Bakı,2400.0
6493612,175000,AZN,3,86.0,3,9,True,False,False,Həzi Aslanov,Bakı,2034.88
6491892,200000,AZN,2,78.0,14,17,True,False,False,Bayıl,Bakı,2564.1
6235988,85000,AZN,2,83.0,6,6,True,False,False,Masazır,Bakı,1024.1
6232487,338000,AZN,4,160.0,3,15,True,False,False,Qara Qarayev,Bakı,2112.5
6492920,370000,AZN,3,180.0,9,11,True,False,False,İnşaatçılar,Bakı,2055.56
5804443,218000,AZN,2,63.0,5,16,True,False,False,Qara Qarayev,Bakı,3460.32
6478322,187000,AZN,2,65.0,8,17,True,False,False,Həzi Aslanov,Bakı,2876.92
6395300,415000,AZN,3,156.0,4,16,True,False,False,Elmlər Akademiyası,Bakı,2660.26
6349185,292000,AZN,3,69.0,2,18,True,True,True,Bakmil,Bakı,4231.88
6457009,179500,AZN,3,60.0,7,9,True,True,True,Memar Əcəmi,Bakı,2991.67
6196188,345000,AZN,3,138.0,2,12,True,True,False,Memar Əcəmi,Bakı,2500.0
6323870,148000,AZN,3,69.8,2,14,False,False,False,Bakıxanov,Bakı,2120.34
6046196,225000,AZN,4,80.0,6,9,True,True,False,Həzi Aslanov,Bakı,2812.5
6230171,176900,AZN,2,50.0,4,5,True,True,False,Nəriman Nərimanov,Bakı,3538.0
5933625,309000,AZN,4,163.3,5,8,False,True,False,Bakıxanov,Bakı,1892.22
5967977,630000,AZN,4,178.0,12,18,False,True,False,Bayıl,Bakı,3539.33
6486717,158000,AZN,2,65.0,2,5,True,False,False,Bakıxanov,Bakı,2430.77
6480198,148000,AZN,2,45.0,1,5,True,True,True,Neftçilər,Bakı,3288.89
6489126,115000,AZN,1,35.0,1,5,True,False,False,Bakıxanov,Bakı,3285.71
6451698,379000,AZN,3,107.0,6,14,True,True,False,8 Noyabr,Bakı,3542.06
6493603,550000,AZN,4,150.0,7,17,True,False,False,Nəriman Nərimanov,Bakı,3666.67
6493604,179000,AZN,3,70.0,3,9,True,False,False,Köhnə Günəşli,Bakı,2557.14
5228272,663000,AZN,4,166.0,5,7,False,False,False,Ağ şəhər,Bakı,3993.98
6451555,425000,AZN,4,130.0,12,14,True,True,False,8 Noyabr,Bakı,3269.23
6111907,153000,AZN,2,52.0,3,5,True,True,False,Badamdar,Bakı,2942.31
6153068,249000,AZN,3,85.0,16,19,True,False,False,20 Yanvar,Bakı,2929.41
6358913,219000,AZN,3,147.0,10,12,False,False,False,Əhmədli,Bakı,1489.8
6493598,230000,AZN,2,60.0,2,3,True,False,False,Nizami,Bakı,3833.33
6457922,218000,AZN,3,75.0,8,9,True,True,True,Xalqlar Dostluğu,Bakı,2906.67
6484076,135500,AZN,2,30.0,3,5,True,False,False,Memar Əcəmi,Bakı,4516.67
6483353,225000,AZN,1,42.0,2,4,True,False,False,Nardaran,Bakı,5357.14
6398187,335000,AZN,3,110.0,15,17,True,True,True,28 May,Bakı,3045.45
6439916,64000,AZN,1,18.0,1,2,True,False,False,28 May,Bakı,3555.56
6493594,450000,AZN,3,136.0,16,16,True,False,False,Koroğlu,Bakı,3308.82
6466349,163000,AZN,2,60.0,8,9,True,False,False,Əhmədli,Bakı,2716.67
6484114,382000,AZN,3,131.0,9,16,True,False,False,Memar Əcəmi,Bakı,2916.03
6449762,369000,AZN,3,117.0,17,18,True,True,True,Nizami,Bakı,3153.85
6441727,185000,AZN,3,90.0,3,5,True,False,False,Qaraçuxur,Bakı,2055.56
6365796,475000,AZN,4,170.0,15,17,True,False,False,Şah İsmayıl Xətai,Bakı,2794.12
6442482,258000,AZN,2,90.0,16,17,True,False,False,Həzi Aslanov,Bakı,2866.67
6479499,210000,AZN,2,65.0,14,16,True,False,False,Həzi Aslanov,Bakı,3230.77
6385246,126000,AZN,2,61.0,3,9,True,False,False,Abşeron,Xırdalan,2065.57
6367329,240000,AZN,2,90.0,3,16,True,False,False,8-ci kilometr,Bakı,2666.67
6436663,160000,AZN,2,50.0,3,5,True,True,False,Memar Əcəmi,Bakı,3200.0
6486999,110000,AZN,2,66.0,10,12,False,True,False,Suraxanı,Bakı,1666.67
6034415,249000,AZN,3,80.0,8,16,True,False,False,Həzi Aslanov,Bakı,3112.5
6462929,153000,AZN,2,50.0,5,5,True,True,True,İnşaatçılar,Bakı,3060.0
6484470,375000,AZN,3,130.0,10,20,True,False,False,Nəsimi,Bakı,2884.62
6493590,125000,AZN,2,55.0,2,5,True,False,False,Memar Əcəmi,Bakı,2272.73
6451455,169000,AZN,2,64.7,11,18,True,False,False,Neftçilər,Bakı,2612.06
6482069,267000,AZN,3,94.0,7,17,True,False,False,Neftçilər,Bakı,2840.43
6439733,187000,AZN,2,78.0,5,16,False,False,False,Qara Qarayev,Bakı,2397.44
6373248,185000,AZN,2,54.0,4,14,True,False,False,Neftçilər,Bakı,3425.93
6361752,185000,AZN,2,45.7,6,17,True,False,False,Qara Qarayev,Bakı,4048.14
6351287,249000,AZN,2,88.0,9,17,True,False,False,Qara Qarayev,Bakı,2829.55
6432574,192000,AZN,2,65.0,4,9,True,False,False,Azadlıq Prospekti,Bakı,2953.85
6430046,380000,AZN,3,115.0,1,7,False,False,False,Nardaran,Bakı,3304.35
6493588,155000,AZN,2,50.0,8,10,True,False,False,Gənclik,Bakı,3100.0
6493589,185000,AZN,3,100.0,4,9,True,False,False,Həzi Aslanov,Bakı,1850.0
6114755,234000,AZN,3,98.0,5,17,True,False,False,Avtovağzal,Bakı,2387.76
6427060,620000,AZN,5,205.0,13,16,True,False,False,Şah İsmayıl Xətai,Bakı,3024.39
6490108,141000,AZN,2,61.0,3,5,True,False,False,Memar Əcəmi,Bakı,2311.48
6219696,246000,AZN,2,65.2,6,20,True,True,False,Şah İsmayıl Xətai,Bakı,3773.01
6444484,470000,AZN,4,170.0,15,17,True,False,False,Şah İsmayıl Xətai,Bakı,2764.71
6467366,318000,AZN,3,74.0,5,12,True,True,False,Elmlər Akademiyası,Bakı,4297.3
6379460,430000,AZN,3,137.0,10,16,True,False,False,Şah İsmayıl Xətai,Bakı,3138.69
6487282,145000,AZN,2,50.0,14,16,True,False,False,Avtovağzal,Bakı,2900.0
6455893,250000,AZN,3,85.0,5,9,True,False,False,Nəsimi,Bakı,2941.18
6213141,249000,AZN,2,61.0,4,14,True,True,False,Nərimanov,Bakı,4081.97
5742431,495000,AZN,3,135.0,5,12,False,True,True,Səbail,Bakı,3666.67
6453225,395000,AZN,3,110.0,17,19,True,True,False,Nəriman Nərimanov,Bakı,3590.91
6468065,950000,AZN,4,185.0,5,17,True,True,False,Şah İsmayıl Xətai,Bakı,5135.14
6457560,219000,AZN,2,60.0,13,17,True,False,False,Koroğlu,Bakı,3650.0
6431080,235000,AZN,2,65.0,5,5,True,False,False,Elmlər Akademiyası,Bakı,3615.38
6464907,138000,AZN,2,45.0,4,9,True,False,False,Həzi Aslanov,Bakı,3066.67
6300091,238000,AZN,2,65.0,11,19,True,True,False,8-ci mikrorayon,Bakı,3661.54
6349610,266000,AZN,2,85.6,5,17,False,True,False,Dərnəgül,Bakı,3107.48
6476312,185000,AZN,2,60.0,2,5,True,False,False,Elmlər Akademiyası,Bakı,3083.33
6442527,139000,AZN,2,37.0,2,5,True,False,False,Elmlər Akademiyası,Bakı,3756.76
5773943,279000,AZN,5,110.0,3,5,True,False,False,Xalqlar Dostluğu,Bakı,2536.36
6493580,240000,AZN,2,102.0,6,17,True,False,False,Bayıl,Bakı,2352.94
6445971,340000,AZN,2,102.0,4,20,True,False,False,Şah İsmayıl Xətai,Bakı,3333.33
6493352,297000,AZN,3,90.0,5,6,True,True,False,Sahil,Bakı,3300.0
6453352,153000,AZN,2,65.0,5,9,True,False,False,8-ci kilometr,Bakı,2353.85
6342510,129500,AZN,2,55.0,3,9,True,True,False,Bakıxanov,Bakı,2354.55
6459234,231200,AZN,5,136.0,1,3,False,True,True,Masazır,Bakı,1700.0
6360370,455000,AZN,4,187.0,10,17,True,True,False,Elmlər Akademiyası,Bakı,2433.16
6493575,173000,AZN,2,45.0,7,11,True,False,False,Nərimanov,Bakı,3844.44
6493576,410000,AZN,3,140.0,10,17,True,False,False,Nəsimi,Bakı,2928.57
6443025,124000,AZN,1,32.0,5,5,True,True,False,Elmlər Akademiyası,Bakı,3875.0
5986384,664000,AZN,4,166.0,4,8,False,False,False,Ağ şəhər,Bakı,4000.0
6423687,369000,AZN,5,220.0,7,12,True,True,False,Elmlər Akademiyası,Bakı,1677.27
6493574,133000,AZN,2,40.0,5,5,True,False,False,İnşaatçılar,Bakı,3325.0
6493571,460000,AZN,3,130.0,10,15,True,False,False,Gənclik,Bakı,3538.46
6053622,530000,AZN,4,185.0,11,23,False,True,False,Şah İsmayıl Xətai,Bakı,2864.86
6493570,218000,AZN,3,90.0,10,16,True,False,False,Həzi Aslanov,Bakı,2422.22
6493569,147500,AZN,1,40.0,6,9,True,False,False,Azadlıq Prospekti,Bakı,3687.5
6447561,300000,AZN,2,100.0,9,16,True,True,False,Şah İsmayıl Xətai,Bakı,3000.0
6197592,255000,AZN,2,87.0,6,16,True,True,False,28 May,Bakı,2931.03
6409080,418000,AZN,3,137.0,9,16,True,True,False,Şah İsmayıl Xətai,Bakı,3051.09
6493564,168000,AZN,2,45.6,9,9,True,False,False,Yasamal,Bakı,3684.21
6379663,165000,AZN,3,100.0,8,8,True,False,False,Masazır,Bakı,1650.0
6493538,275000,AZN,2,100.0,12,17,True,False,False,İnşaatçılar,Bakı,2750.0
6452706,285000,AZN,3,91.0,5,15,True,False,False,Həzi Aslanov,Bakı,3131.87
6493563,258000,AZN,3,82.0,11,17,True,False,False,Nəsimi,Bakı,3146.34
6106691,250000,AZN,2,105.0,3,16,True,True,False,Neftçilər,Bakı,2380.95
6465898,279000,AZN,4,138.0,7,16,True,False,False,Yeni Yasamal,Bakı,2021.74
5599928,227000,AZN,2,95.2,4,9,False,True,False,Nardaran,Bakı,2384.45
6415712,230000,AZN,4,100.0,2,9,True,False,False,Əhmədli,Bakı,2300.0
6174097,220000,AZN,2,54.0,7,14,True,False,False,28 May,Bakı,4074.07
6493558,125000,AZN,2,59.0,10,10,True,False,False,Hövsan,Bakı,2118.64
6493560,550000,AZN,5,220.0,6,7,True,False,False,Nizami,Bakı,2500.0
6425282,635000,AZN,4,220.0,13,18,True,False,False,28 May,Bakı,2886.36
6265402,3000000,AZN,7,470.0,4,4,True,False,False,Sahil,Bakı,6382.98
6493554,119000,AZN,2,58.0,11,13,True,False,False,Abşeron,Xırdalan,2051.72
6493555,420000,AZN,3,120.0,6,17,True,False,False,Nəriman Nərimanov,Bakı,3500.0
6464418,180000,AZN,3,75.0,5,5,True,False,False,Gənclik,Bakı,2400.0
6386152,192000,AZN,2,70.0,6,10,True,True,True,Həzi Aslanov,Bakı,2742.86
5859026,418000,AZN,3,115.0,8,16,True,False,False,Nizami,Bakı,3634.78
6492620,220000,AZN,3,78.0,4,5,True,False,False,Yasamal,Bakı,2820.51
6004144,240000,AZN,2,66.2,14,20,True,True,False,Şah İsmayıl Xətai,Bakı,3625.38
6388652,650000,AZN,3,168.0,14,19,True,False,False,Nizami,Bakı,3869.05
6493546,142000,AZN,2,60.0,4,9,True,False,False,Əhmədli,Bakı,2366.67
6493549,275000,AZN,5,119.0,5,9,True,False,False,Azadlıq Prospekti,Bakı,2310.92
6135398,700000,AZN,5,255.0,9,16,True,True,False,İnşaatçılar,Bakı,2745.1
6361294,215000,AZN,3,91.0,2,17,True,False,False,Həzi Aslanov,Bakı,2362.64
5870160,410000,AZN,3,140.0,8,18,True,True,True,Elmlər Akademiyası,Bakı,2928.57
6068591,239000,AZN,2,95.0,4,20,True,False,False,Xətai,Bakı,2515.79
6012229,220000,AZN,2,54.0,7,14,True,True,False,28 May,Bakı,4074.07
6280111,148000,AZN,3,85.0,8,9,True,False,False,Əhmədli,Bakı,1741.18
6294383,379000,AZN,3,107.0,6,14,True,True,False,8 Noyabr,Bakı,3542.06
6201250,265000,AZN,4,139.2,5,14,False,True,False,M.Ə.Rəsulzadə,Bakı,1903.74
6356147,127000,AZN,3,70.0,2,5,True,False,False,Lökbatan,Bakı,1814.29
6479901,165000,AZN,2,70.0,4,17,True,True,True,Yeni Yasamal,Bakı,2357.14
6459118,145000,AZN,2,55.0,4,5,True,True,False,8 Noyabr,Bakı,2636.36
6475440,500000,AZN,3,145.0,6,14,True,False,False,28 May,Bakı,3448.28
6489754,199000,AZN,2,59.0,17,19,True,True,True,Nəriman Nərimanov,Bakı,3372.88
6473744,165000,AZN,2,61.0,14,18,True,False,False,Həzi Aslanov,Bakı,2704.92
6481647,376000,AZN,3,115.0,9,15,False,True,True,Nəsimi,Bakı,3269.57
6451935,385000,AZN,3,145.0,6,18,True,True,False,İnşaatçılar,Bakı,2655.17
6449330,205000,AZN,2,57.0,10,18,True,False,False,8 Noyabr,Bakı,3596.49
6307317,142000,AZN,2,60.0,1,5,True,False,False,Memar Əcəmi,Bakı,2366.67
6226097,425000,AZN,4,130.0,12,14,True,True,False,8 Noyabr,Bakı,3269.23
5671660,255000,AZN,4,110.0,5,9,True,True,False,Bakıxanov,Bakı,2318.18
6472195,132000,AZN,3,80.0,2,9,True,True,False,Hövsan,Bakı,1650.0
6312830,259000,AZN,2,55.0,7,17,True,True,False,Elmlər Akademiyası,Bakı,4709.09
6487110,175000,AZN,3,70.0,4,9,True,True,False,Əhmədli,Bakı,2500.0
6225046,265000,AZN,3,138.0,18,20,True,False,False,20 Yanvar,Bakı,1920.29
4784485,155000,AZN,1,40.0,10,16,False,False,False,Qara Qarayev,Bakı,3875.0
5772795,380000,AZN,3,120.0,6,12,False,True,False,Nərimanov,Bakı,3166.67
6443646,310000,AZN,5,120.0,5,9,True,False,False,Azadlıq Prospekti,Bakı,2583.33
6258801,620000,AZN,4,230.0,8,18,False,True,False,28 May,Bakı,2695.65
4586415,657974,AZN,3,103.8,8,8,True,True,True,Ağ şəhər,Bakı,6338.86
4585521,661685,AZN,3,104.0,8,8,True,True,True,Ağ şəhər,Bakı,6362.36
6493539,542000,AZN,4,172.0,12,17,True,False,False,Nizami,Bakı,3151.16
6212323,205000,AZN,2,69.0,10,18,False,False,False,Qara Qarayev,Bakı,2971.01
5903023,920000,AZN,4,165.0,11,17,True,False,False,Elmlər Akademiyası,Bakı,5575.76
6388591,155000,AZN,2,55.0,2,16,True,False,False,Gənclik,Bakı,2818.18
6482244,210000,AZN,2,65.0,14,16,True,False,False,Həzi Aslanov,Bakı,3230.77
6325712,152000,AZN,3,63.0,1,13,True,False,False,Həzi Aslanov,Bakı,2412.7
6368241,430000,AZN,3,162.0,7,20,True,False,False,Nəriman Nərimanov,Bakı,2654.32
6493536,239715,AZN,3,76.1,15,18,True,False,False,İnşaatçılar,Bakı,3150.0
6487042,163000,AZN,3,85.0,8,9,True,True,False,Həzi Aslanov,Bakı,1917.65
6409196,145000,AZN,3,55.0,3,5,True,False,False,Memar Əcəmi,Bakı,2636.36
6493535,132000,AZN,2,60.0,8,9,True,False,False,Əhmədli,Bakı,2200.0
6470620,270000,AZN,3,107.0,2,17,True,False,False,20 Yanvar,Bakı,2523.36
6470950,91500,AZN,2,56.8,2,7,True,True,False,Masazır,Bakı,1610.92
6493532,136000,AZN,2,70.0,1,5,True,False,False,Memar Əcəmi,Bakı,1942.86
6337104,215000,AZN,3,95.0,5,5,True,False,False,8 Noyabr,Bakı,2263.16
6402966,222000,AZN,3,75.0,4,5,True,False,False,Elmlər Akademiyası,Bakı,2960.0
6426814,105000,AZN,2,68.0,3,8,True,True,False,Masazır,Bakı,1544.12
6477426,480000,AZN,4,172.8,3,16,True,False,False,Koroğlu,Bakı,2777.78
6493529,355000,AZN,3,145.0,8,16,True,False,False,İnşaatçılar,Bakı,2448.28
6493528,275000,AZN,2,100.0,9,13,True,False,False,Qara Qarayev,Bakı,2750.0
6073340,390000,AZN,3,110.0,2,3,True,True,False,Sahil,Bakı,3545.45
5669167,1100000,AZN,4,270.0,5,23,True,False,False,Şah İsmayıl Xətai,Bakı,4074.07
6493527,209000,AZN,2,65.0,7,20,True,False,False,Nəsimi,Bakı,3215.38
6462079,134300,AZN,2,79.0,2,3,False,True,True,Masazır,Bakı,1700.0
6472282,495000,AZN,3,136.6,9,16,True,False,False,Koroğlu,Bakı,3623.72
6489014,148000,AZN,3,65.0,3,5,True,False,False,Həzi Aslanov,Bakı,2276.92
6006653,185000,AZN,3,80.0,11,15,True,False,False,Yeni Günəşli,Bakı,2312.5
6493523,340000,AZN,3,101.0,18,21,True,False,False,28 May,Bakı,3366.34
6472655,405000,AZN,3,146.4,6,16,False,False,False,Koroğlu,Bakı,2766.39
6493481,110000,AZN,1,40.1,1,9,False,True,False,Nardaran,Bakı,2743.14
6329798,147000,AZN,2,55.0,5,5,True,True,True,Neftçilər,Bakı,2672.73
6485227,414000,AZN,3,145.4,12,17,False,False,False,Koroğlu,Bakı,2847.32
5990771,1480000,AZN,4,230.0,12,15,True,False,False,Bayıl,Bakı,6434.78
6434081,650000,AZN,3,120.0,2,7,True,True,True,Şah İsmayıl Xətai,Bakı,5416.67
6303330,235000,AZN,2,79.0,11,16,True,False,False,Qara Qarayev,Bakı,2974.68
5806622,430000,AZN,3,105.0,9,10,True,True,False,İçəri Şəhər,Bakı,4095.24
6493517,335000,AZN,4,110.0,4,5,True,False,False,28 May,Bakı,3045.45
6185086,76000,AZN,1,57.0,9,18,False,False,False,Lökbatan,Bakı,1333.33
6493519,159000,AZN,2,55.0,14,14,True,False,False,Xalqlar Dostluğu,Bakı,2890.91
6005770,89000,AZN,3,97.0,8,9,True,True,True,Ramana,Bakı,917.53
6493518,169000,AZN,3,85.0,3,5,True,False,False,Memar Əcəmi,Bakı,1988.24
6410265,216000,AZN,3,110.0,8,19,True,False,False,Əhmədli,Bakı,1963.64
6287687,550000,AZN,3,110.0,6,18,False,True,False,28 May,Bakı,5000.0
6085584,278000,AZN,3,95.0,5,15,True,False,False,Binəqədi,Bakı,2926.32
6493514,275000,AZN,3,110.0,3,9,True,False,False,Elmlər Akademiyası,Bakı,2500.0
6476595,625000,AZN,3,171.5,9,17,True,False,False,Koroğlu,Bakı,3644.31
6298880,944000,AZN,6,511.0,7,18,True,True,True,Nizami,Bakı,1847.36
6488797,259000,AZN,2,105.0,7,14,True,False,False,8-ci kilometr,Bakı,2466.67
6472290,429000,AZN,3,135.0,3,16,True,False,False,Qara Qarayev,Bakı,3177.78
6473935,143000,AZN,3,44.0,2,5,True,False,False,Memar Əcəmi,Bakı,3250.0
6493154,210000,AZN,2,65.0,14,16,True,False,False,Əhmədli,Bakı,3230.77
6098441,355000,AZN,2,85.0,14,18,True,True,False,Elmlər Akademiyası,Bakı,4176.47
6493511,129500,AZN,2,36.0,2,5,True,False,False,Memar Əcəmi,Bakı,3597.22
6493510,320000,AZN,3,122.0,6,17,True,False,False,Əhmədli,Bakı,2622.95
6245940,88000,AZN,2,60.0,1,6,True,False,False,Masazır,Bakı,1466.67
6452120,249000,AZN,3,85.0,4,5,True,False,False,8-ci mikrorayon,Bakı,2929.41
6224992,305000,AZN,2,70.0,4,17,True,False,False,Elmlər Akademiyası,Bakı,4357.14
6193491,1320000,AZN,4,220.0,4,20,False,True,False,Ağ şəhər,Bakı,6000.0
6493507,214000,AZN,3,94.0,2,20,True,False,False,Həzi Aslanov,Bakı,2276.6
6493508,232000,AZN,3,105.0,17,21,False,False,False,Həzi Aslanov,Bakı,2209.52
6399404,229000,AZN,4,88.7,2,9,True,True,True,Əhmədli,Bakı,2581.74
6394585,218000,AZN,3,85.0,12,17,True,False,False,Həzi Aslanov,Bakı,2564.71
6483257,365000,AZN,3,138.0,6,10,True,False,False,8-ci mikrorayon,Bakı,2644.93
5947195,550000,AZN,4,185.0,11,18,False,True,False,İçəri Şəhər,Bakı,2972.97
6346763,1065000,AZN,4,176.8,7,8,False,False,False,Ağ şəhər,Bakı,6023.76
6055683,181000,AZN,2,65.0,2,9,True,False,False,8-ci mikrorayon,Bakı,2784.62
6424142,145000,AZN,2,46.0,6,9,True,False,False,Gənclik,Bakı,3152.17
6493506,140000,AZN,2,48.0,4,9,True,False,False,Gənclik,Bakı,2916.67
6404484,229000,AZN,2,68.0,6,18,True,False,False,Şah İsmayıl Xətai,Bakı,3367.65
5771413,648000,AZN,4,240.0,5,18,False,True,False,Yasamal,Bakı,2700.0
6441575,305000,AZN,4,105.0,6,8,True,True,False,Nəsimi,Bakı,2904.76
6491239,165000,AZN,3,80.0,1,9,True,False,False,Köhnə Günəşli,Bakı,2062.5
6493505,350000,AZN,3,142.0,3,16,True,False,False,8-ci mikrorayon,Bakı,2464.79
5771262,694000,AZN,4,248.0,8,18,False,True,False,Yasamal,Bakı,2798.39
5947580,651000,AZN,4,217.0,14,18,False,True,False,Yasamal,Bakı,3000.0
6493504,170000,AZN,2,60.0,12,16,True,False,False,İnşaatçılar,Bakı,2833.33
6493500,685000,AZN,4,194.0,18,20,True,False,False,28 May,Bakı,3530.93
6283307,165000,AZN,2,72.0,16,17,True,False,False,Həzi Aslanov,Bakı,2291.67
5771825,450000,AZN,3,172.0,5,18,False,True,False,Yasamal,Bakı,2616.28
5458674,440000,AZN,5,200.0,15,16,False,False,False,Elmlər Akademiyası,Bakı,2200.0
6493501,218000,AZN,3,68.0,4,17,True,False,False,Dərnəgül,Bakı,3205.88
6221698,785000,AZN,4,185.0,4,17,True,True,True,Elmlər Akademiyası,Bakı,4243.24
6335982,255000,AZN,3,104.0,4,17,True,False,False,Həzi Aslanov,Bakı,2451.92
5725668,344400,AZN,3,123.0,5,18,False,True,False,Yasamal,Bakı,2800.0
5748512,351000,AZN,3,119.0,12,18,False,True,False,Yasamal,Bakı,2949.58
5947712,356500,AZN,3,115.0,14,18,False,True,False,Yasamal,Bakı,3100.0
6493497,113000,AZN,1,45.0,8,9,True,False,False,Köhnə Günəşli,Bakı,2511.11
6444550,255000,AZN,2,65.0,8,16,True,False,False,Dərnəgül,Bakı,3923.08
5725460,302100,AZN,2,106.0,7,18,False,True,False,Yasamal,Bakı,2850.0
6426283,273000,AZN,3,102.0,15,17,True,False,False,İnşaatçılar,Bakı,2676.47
6484167,239000,AZN,3,116.0,16,18,True,False,False,Həzi Aslanov,Bakı,2060.34
4781046,220000,AZN,3,90.0,1,9,True,False,False,Azadlıq Prospekti,Bakı,2444.44
6321635,387000,AZN,2,85.0,9,16,True,True,True,Şah İsmayıl Xətai,Bakı,4552.94
6485332,208000,AZN,3,75.0,4,5,True,False,False,Gənclik,Bakı,2773.33
5947489,329600,AZN,2,103.0,14,18,False,True,False,Yasamal,Bakı,3200.0
6472394,250000,AZN,4,100.0,5,5,True,False,False,Yasamal,Bakı,2500.0
6358983,385000,AZN,3,86.0,19,20,True,True,True,Nəsimi,Bakı,4476.74
6493450,229000,AZN,5,85.0,1,9,True,True,False,Əhmədli,Bakı,2694.12
6478198,150000,AZN,2,55.0,1,5,True,False,False,Neftçilər,Bakı,2727.27
6456815,164200,AZN,2,61.0,5,16,False,True,True,Yeni Yasamal,Bakı,2691.8
6412492,258000,AZN,3,116.0,15,20,True,True,True,İnşaatçılar,Bakı,2224.14
6245152,210000,AZN,2,85.0,8,17,True,False,False,Memar Əcəmi,Bakı,2470.59
6136832,304999,AZN,4,128.0,19,20,True,False,False,Neftçilər,Bakı,2382.8
5947784,222000,AZN,3,81.0,4,16,True,False,False,Əhmədli,Bakı,2740.74
6222852,275000,AZN,3,75.0,15,17,True,False,False,Nəsimi,Bakı,3666.67
6493494,205000,AZN,2,65.0,10,20,True,False,False,Nəsimi,Bakı,3153.85
6283108,350000,AZN,3,145.0,10,18,True,True,False,20 Yanvar,Bakı,2413.79
6487534,139000,AZN,2,76.0,1,5,True,False,False,Memar Əcəmi,Bakı,1828.95
6407285,115000,AZN,1,35.0,5,5,True,False,False,Elmlər Akademiyası,Bakı,3285.71
6461529,214320,AZN,2,82.0,2,16,True,True,True,Yeni Yasamal,Bakı,2613.66
6430327,288000,AZN,3,110.0,7,20,True,True,True,Əhmədli,Bakı,2618.18
6435927,225000,AZN,3,85.0,4,9,True,False,False,Memar Əcəmi,Bakı,2647.06
5639851,380000,AZN,3,137.0,6,16,True,False,False,Nəsimi,Bakı,2773.72
6297413,229000,AZN,4,115.0,9,9,True,False,False,Azadlıq Prospekti,Bakı,1991.3
6379229,265000,AZN,2,75.0,16,20,True,True,False,20 Yanvar,Bakı,3533.33
6465606,246774,AZN,2,84.0,8,16,True,True,True,Yeni Yasamal,Bakı,2937.79
6355221,410000,AZN,4,125.0,10,17,True,False,False,Nəriman Nərimanov,Bakı,3280.0
6493484,218000,AZN,3,70.0,2,5,True,False,False,İnşaatçılar,Bakı,3114.29
6281746,150000,AZN,1,45.0,3,9,True,False,False,Gənclik,Bakı,3333.33
6385134,130000,AZN,3,86.0,11,11,True,True,False,Abşeron,Xırdalan,1511.63
6457520,395000,AZN,3,105.0,18,19,True,False,False,Nəriman Nərimanov,Bakı,3761.9
6468105,319000,AZN,3,132.0,6,17,True,False,False,Əhmədli,Bakı,2416.67
6488790,285000,AZN,3,90.0,12,17,True,False,False,Bayıl,Bakı,3166.67
6266777,335000,AZN,3,96.0,14,18,False,False,False,Şah İsmayıl Xətai,Bakı,3489.58
6136263,195000,AZN,2,55.0,10,18,True,False,False,Xətai,Bakı,3545.45
6089301,319999,AZN,3,127.0,9,16,False,False,False,Qara Qarayev,Bakı,2519.68
5909236,234999,AZN,3,90.0,4,19,True,False,False,Həzi Aslanov,Bakı,2611.1
6488332,185000,AZN,3,74.0,5,5,True,False,False,İnşaatçılar,Bakı,2500.0
6483090,215000,AZN,2,60.0,8,16,True,False,False,Elmlər Akademiyası,Bakı,3583.33
6493486,155000,AZN,2,50.0,4,5,True,False,False,Nərimanov,Bakı,3100.0
6004391,248999,AZN,2,105.0,3,16,True,False,False,Qara Qarayev,Bakı,2371.42
6487476,395000,AZN,3,105.0,18,19,True,True,False,Nəriman Nərimanov,Bakı,3761.9
6455316,267780,AZN,2,90.0,3,16,True,True,True,Yeni Yasamal,Bakı,2975.33
6488241,117500,AZN,1,32.0,5,5,True,False,False,İnşaatçılar,Bakı,3671.88
5729319,179000,AZN,3,136.0,7,16,False,False,False,Xətai,Bakı,1316.18
6483321,190000,AZN,2,60.0,9,14,True,False,False,Yasamal,Bakı,3166.67
6239038,354999,AZN,4,115.0,10,16,True,False,False,Neftçilər,Bakı,3086.95
6493483,155000,AZN,2,68.0,15,20,True,False,False,İnşaatçılar,Bakı,2279.41
5777969,338000,AZN,4,155.0,6,19,True,False,False,Həzi Aslanov,Bakı,2180.65
6488706,198000,AZN,2,78.0,4,17,True,False,False,Bayıl,Bakı,2538.46
6493351,177000,AZN,3,114.0,1,5,True,False,False,Masazır,Bakı,1552.63
6398374,540000,AZN,4,190.0,10,16,True,False,False,Elmlər Akademiyası,Bakı,2842.11
6193065,244999,AZN,2,90.0,12,16,True,False,False,Qara Qarayev,Bakı,2722.21
6488647,184000,AZN,2,75.0,15,17,True,False,False,Bayıl,Bakı,2453.33
6493479,175000,AZN,2,89.0,5,16,False,False,False,Yeni Günəşli,Bakı,1966.29
5891655,251999,AZN,2,115.0,3,16,True,False,False,Neftçilər,Bakı,2191.3
6493475,240000,AZN,3,70.0,12,17,True,False,False,Qara Qarayev,Bakı,3428.57
6448882,315000,AZN,2,74.0,2,5,True,True,True,Sea Breeze,Bakı,4256.76
6485780,176000,AZN,2,60.0,12,19,True,True,False,Xətai,Bakı,2933.33
6448840,375000,AZN,2,74.0,4,5,True,True,True,Sea Breeze,Bakı,5067.57
6448858,229500,AZN,1,57.0,6,7,True,True,True,Sea Breeze,Bakı,4026.32
6242372,125000,AZN,1,37.0,3,5,True,False,False,Qara Qarayev,Bakı,3378.38
6444611,214999,AZN,3,49.0,4,7,True,True,False,Nizami,Bakı,4387.73
6493474,205000,AZN,3,85.0,3,9,True,False,False,Əhmədli,Bakı,2411.76
6414946,415000,AZN,3,148.9,13,25,True,True,False,Yasamal,Bakı,2787.11
6402399,106000,AZN,4,76.0,3,5,True,False,False,Abşeron,Xırdalan,1394.74
6493476,330000,AZN,2,112.0,8,16,True,False,False,28 May,Bakı,2946.43
6475352,148000,AZN,2,55.0,2,5,True,False,False,İnşaatçılar,Bakı,2690.91
6287559,218000,AZN,3,80.0,2,9,True,True,False,Memar Əcəmi,Bakı,2725.0
5610325,230000,AZN,3,103.0,16,17,True,False,False,Həzi Aslanov,Bakı,2233.01
6486151,204000,AZN,2,82.0,10,18,False,True,False,Həzi Aslanov,Bakı,2487.8
6415870,146000,AZN,2,43.0,6,9,True,True,False,Nərimanov,Bakı,3395.35
6481876,210000,AZN,2,70.0,14,15,True,True,False,Həzi Aslanov,Bakı,3000.0
6493471,113000,AZN,2,52.0,10,15,True,False,False,Abşeron,Xırdalan,2173.08
6425904,255000,AZN,2,81.0,9,15,True,False,False,8 Noyabr,Bakı,3148.15
6486106,86000,AZN,2,54.0,5,6,True,False,False,Abşeron,Xırdalan,1592.59
6493457,149000,AZN,3,80.0,9,9,True,False,False,Yeni Günəşli,Bakı,1862.5
6466701,145500,AZN,2,65.0,5,9,True,False,False,Həzi Aslanov,Bakı,2238.46
6300206,465000,AZN,3,146.0,10,17,False,False,False,Nəriman Nərimanov,Bakı,3184.93
6172131,338000,AZN,3,135.0,16,17,True,True,False,İnşaatçılar,Bakı,2503.7
6464737,530000,AZN,3,150.0,8,16,True,True,False,28 May,Bakı,3533.33
6463274,170000,AZN,2,55.0,18,19,True,False,False,Həzi Aslanov,Bakı,3090.91
6431218,180000,AZN,3,90.0,5,5,True,False,False,Neftçilər,Bakı,2000.0
6094565,314000,AZN,2,86.0,5,16,False,False,False,Nəriman Nərimanov,Bakı,3651.16
6454273,73000,AZN,2,80.2,18,18,False,True,True,Yasamal,Bakı,910.22
6469302,305000,AZN,3,70.0,8,17,True,False,False,28 May,Bakı,4357.14
6493466,880000,AZN,4,220.0,6,13,False,False,False,Nizami,Bakı,4000.0
6094595,329000,AZN,2,90.5,6,16,False,False,False,Nəriman Nərimanov,Bakı,3635.36
6493464,172000,AZN,3,80.0,9,9,True,False,False,Həzi Aslanov,Bakı,2150.0
6451542,135000,AZN,3,86.0,13,16,True,False,False,Abşeron,Xırdalan,1569.77
6411656,300000,AZN,2,88.0,11,18,True,False,False,Nəriman Nərimanov,Bakı,3409.09
6493461,290000,AZN,3,80.0,3,9,True,False,False,Nəriman Nərimanov,Bakı,3625.0
6237525,493000,AZN,3,148.0,21,27,True,False,False,8 Noyabr,Bakı,3331.08
6249730,534000,AZN,4,167.0,10,17,False,False,False,Nəsimi,Bakı,3197.6
6431530,220000,AZN,2,65.0,6,14,True,False,False,Nəriman Nərimanov,Bakı,3384.62
6451599,345000,AZN,3,90.0,5,16,True,False,False,28 May,Bakı,3833.33
6456906,410000,AZN,3,143.0,5,16,True,True,True,Nəsimi,Bakı,2867.13
6493454,229000,AZN,3,100.0,10,15,True,False,False,Həzi Aslanov,Bakı,2290.0
6493456,191000,AZN,3,73.0,16,17,True,False,False,Yasamal,Bakı,2616.44
6451665,180000,AZN,2,50.0,2,5,True,False,False,Nəriman Nərimanov,Bakı,3600.0
6474639,220000,AZN,5,157.0,4,9,True,False,False,Hövsan,Bakı,1401.27
6493453,119000,AZN,2,58.0,11,12,True,False,False,Abşeron,Xırdalan,2051.72
6341861,131000,AZN,2,60.0,3,9,True,True,True,Bakıxanov,Bakı,2183.33
6466901,379000,AZN,3,100.0,13,16,True,True,False,Nəriman Nərimanov,Bakı,3790.0
6447164,430000,AZN,3,159.0,3,20,True,True,False,Nəriman Nərimanov,Bakı,2704.4
6480551,165000,AZN,4,99.0,2,9,True,False,False,Hövsan,Bakı,1666.67
6422078,395000,AZN,3,146.0,5,20,True,True,False,Nəriman Nərimanov,Bakı,2705.48
6173653,228000,AZN,3,105.0,16,17,True,False,False,Həzi Aslanov,Bakı,2171.43
6493452,280000,AZN,3,120.0,9,17,True,False,False,Həzi Aslanov,Bakı,2333.33
6479615,163000,AZN,3,55.0,3,9,True,False,False,Bakıxanov,Bakı,2963.64
6346006,410000,AZN,4,180.0,12,16,True,False,False,Həzi Aslanov,Bakı,2277.78
6485240,320000,AZN,3,107.0,10,11,True,False,False,Qara Qarayev,Bakı,2990.65
6493448,210000,AZN,2,67.0,9,18,True,False,False,8 Noyabr,Bakı,3134.33
6097069,233000,AZN,3,109.0,14,17,True,True,False,Səbail,Bakı,2137.61
6400233,122000,AZN,3,65.0,6,7,True,False,False,Hövsan,Bakı,1876.92
6493445,187000,AZN,2,52.0,10,18,True,False,False,Nəsimi,Bakı,3596.15
6470025,155000,AZN,3,129.0,7,16,False,True,True,Lökbatan,Bakı,1201.55
6316749,188000,AZN,3,60.0,1,5,True,True,True,Memar Əcəmi,Bakı,3133.33
6408921,240000,AZN,3,83.0,16,16,False,False,False,Yasamal,Bakı,2891.57
6091124,510000,AZN,4,207.0,16,19,True,True,False,Xətai,Bakı,2463.77
6485252,475000,AZN,3,157.0,13,24,True,True,False,Şah İsmayıl Xətai,Bakı,3025.48
6493443,244000,AZN,2,63.0,5,17,True,False,False,8 Noyabr,Bakı,3873.02
6430951,305000,AZN,3,125.0,11,12,True,False,False,Həzi Aslanov,Bakı,2440.0
6475370,290000,AZN,3,175.0,19,19,True,False,False,Nəsimi,Bakı,1657.14
6448815,210000,AZN,1,60.0,3,6,True,True,True,Nardaran,Bakı,3500.0
6493438,345000,AZN,3,121.0,3,17,True,False,False,İnşaatçılar,Bakı,2851.24
6493436,235000,AZN,2,61.0,13,19,True,False,False,8 Noyabr,Bakı,3852.46
6493437,154000,AZN,2,50.0,1,5,True,False,False,Memar Əcəmi,Bakı,3080.0
6208406,278000,AZN,3,125.4,4,5,False,True,True,Şıxov,Bakı,2216.91
6235882,165000,AZN,3,80.0,3,5,True,False,False,Avtovağzal,Bakı,2062.5
6277467,252000,AZN,2,76.0,12,16,True,False,False,Neftçilər,Bakı,3315.79
6113495,430000,AZN,3,135.0,15,17,False,True,False,Gənclik,Bakı,3185.19
6493432,232000,AZN,3,105.0,17,21,False,False,False,Həzi Aslanov,Bakı,2209.52
5690431,387000,AZN,3,100.0,13,20,True,False,False,Nəsimi,Bakı,3870.0
6447665,255000,AZN,4,110.0,1,9,True,False,False,Azadlıq Prospekti,Bakı,2318.18
6368774,232000,AZN,3,104.0,17,20,False,False,False,Həzi Aslanov,Bakı,2230.77
6168763,229000,AZN,3,98.3,5,16,True,False,False,Günəşli,Bakı,2329.6
6493431,279000,AZN,3,79.0,6,16,True,False,False,Yasamal,Bakı,3531.65
5935537,225000,AZN,2,60.0,13,18,True,False,False,Koroğlu,Bakı,3750.0
6493430,179000,AZN,2,73.0,12,15,True,False,False,Xətai,Bakı,2452.05
6097835,293900,AZN,3,48.0,3,3,True,True,True,Sahil,Bakı,6122.92
6420707,472000,AZN,3,134.8,9,18,False,False,False,Elmlər Akademiyası,Bakı,3501.48
6132576,580000,AZN,4,202.0,14,16,True,False,False,Elmlər Akademiyası,Bakı,2871.29
6410313,285000,AZN,3,91.0,5,15,True,False,False,Həzi Aslanov,Bakı,3131.87
6429674,265000,AZN,3,106.0,8,16,True,True,False,Həzi Aslanov,Bakı,2500.0
6419384,917600,AZN,4,248.0,13,18,False,True,True,Nəsimi,Bakı,3700.0
6468030,179000,AZN,2,50.0,6,20,True,False,False,20 Yanvar,Bakı,3580.0
6236793,156000,AZN,2,62.0,5,6,True,False,False,Köhnə Günəşli,Bakı,2516.13
5874999,280000,AZN,2,85.0,8,17,True,False,False,Nəriman Nərimanov,Bakı,3294.12
6165004,248000,AZN,3,115.0,4,15,True,False,False,Əhmədli,Bakı,2156.52
6288542,465000,AZN,4,180.0,14,18,True,True,False,Elmlər Akademiyası,Bakı,2583.33
6470786,180000,AZN,3,85.0,6,9,True,True,False,Həzi Aslanov,Bakı,2117.65
6493421,200000,AZN,3,75.0,5,9,True,False,False,Yeni Günəşli,Bakı,2666.67
6413357,160000,AZN,3,64.0,3,6,True,False,False,Həzi Aslanov,Bakı,2500.0
6489072,199000,AZN,3,88.0,14,14,True,False,False,Həzi Aslanov,Bakı,2261.36
6493423,395000,AZN,3,141.0,13,19,False,False,False,28 May,Bakı,2801.42
6293559,300000,AZN,3,70.0,3,5,True,False,False,Sahil,Bakı,4285.71
6201180,210000,AZN,4,90.0,5,5,True,False,False,Nəsimi,Bakı,2333.33
5508932,597000,AZN,3,125.0,8,17,True,False,False,Nəriman Nərimanov,Bakı,4776.0
6423395,420000,AZN,3,162.0,7,10,True,True,False,8 Noyabr,Bakı,2592.59
6238329,160000,AZN,2,65.0,2,9,True,False,False,Həzi Aslanov,Bakı,2461.54
6405232,188000,AZN,2,51.0,12,16,True,False,False,İnşaatçılar,Bakı,3686.27
6265455,220000,AZN,2,79.0,14,17,False,False,False,28 May,Bakı,2784.81
6375872,357000,AZN,3,140.0,12,16,True,False,False,Həzi Aslanov,Bakı,2550.0
6432289,440000,AZN,4,185.0,9,16,True,True,False,Elmlər Akademiyası,Bakı,2378.38
6335996,185000,AZN,2,52.0,11,16,True,False,False,İnşaatçılar,Bakı,3557.69
6256738,79000,AZN,2,50.0,2,8,True,False,False,Masazır,Bakı,1580.0
6463968,215000,AZN,3,90.0,10,16,True,False,False,Əhmədli,Bakı,2388.89
6487648,189000,AZN,2,75.0,12,16,True,True,False,Həzi Aslanov,Bakı,2520.0
6407760,305000,AZN,3,148.0,3,18,False,False,False,Azadlıq Prospekti,Bakı,2060.81
6318892,115000,AZN,2,40.0,1,5,True,False,False,Elmlər Akademiyası,Bakı,2875.0
5648975,125000,AZN,2,80.0,17,17,True,False,False,Əhmədli,Bakı,1562.5
6493418,155000,AZN,2,65.0,7,18,True,False,False,Əhmədli,Bakı,2384.62
6194521,820000,AZN,4,250.0,5,16,True,False,False,28 May,Bakı,3280.0
6450139,320000,AZN,3,112.0,13,18,True,True,False,Şah İsmayıl Xətai,Bakı,2857.14
6493416,470000,AZN,3,127.0,12,17,False,False,False,Nəriman Nərimanov,Bakı,3700.79
6493414,155000,AZN,2,68.0,15,19,True,False,False,Yeni Yasamal,Bakı,2279.41
6127418,850000,AZN,4,200.0,7,20,True,True,False,Şah İsmayıl Xətai,Bakı,4250.0
6429077,112500,AZN,2,56.0,12,13,True,False,False,Abşeron,Xırdalan,2008.93
6075834,245000,AZN,2,65.0,16,18,True,False,False,İçəri Şəhər,Bakı,3769.23
6339104,868000,AZN,3,140.0,5,8,False,False,False,Ağ şəhər,Bakı,6200.0
6156777,200000,AZN,2,60.0,2,3,True,False,False,İçəri Şəhər,Bakı,3333.33
6493409,135000,AZN,2,39.0,2,5,True,False,False,Memar Əcəmi,Bakı,3461.54
6274720,410000,AZN,3,126.0,14,20,True,False,False,Şah İsmayıl Xətai,Bakı,3253.97
4716912,550000,AZN,6,320.0,12,17,True,False,False,Xalqlar Dostluğu,Bakı,1718.75
6468589,364000,AZN,3,135.0,12,16,True,False,False,Nəsimi,Bakı,2696.3
6493405,225000,AZN,3,100.0,4,5,True,False,False,Gənclik,Bakı,2250.0
6466414,184000,AZN,3,83.7,2,5,True,True,False,Qaraçuxur,Bakı,2198.33
6409075,225000,AZN,3,82.0,11,16,True,True,False,Neftçilər,Bakı,2743.9
6466160,109000,AZN,2,63.7,4,5,False,True,False,Qaraçuxur,Bakı,1711.15
6493403,169000,AZN,3,80.0,1,9,True,False,False,Xalqlar Dostluğu,Bakı,2112.5
6392143,250000,AZN,3,85.0,12,15,True,False,False,Memar Əcəmi,Bakı,2941.18
6487372,175000,AZN,3,80.0,8,9,True,True,True,Qara Qarayev,Bakı,2187.5
6445880,395000,AZN,3,122.0,10,18,True,True,False,Gənclik,Bakı,3237.7
6493399,335000,AZN,3,127.0,17,17,True,False,False,İnşaatçılar,Bakı,2637.8
6484405,228000,AZN,2,66.0,2,12,False,False,False,Nəsimi,Bakı,3454.55
6466460,140000,AZN,2,63.7,3,5,True,True,False,Qaraçuxur,Bakı,2197.8
6387453,157000,AZN,2,55.0,4,5,True,True,True,20 Yanvar,Bakı,2854.55
6493392,290000,AZN,3,80.0,6,9,True,False,False,Səbail,Bakı,3625.0
6493397,285000,AZN,3,120.0,12,13,True,False,False,Yeni Yasamal,Bakı,2375.0
6493396,430000,AZN,4,125.0,13,14,True,False,False,8 Noyabr,Bakı,3440.0
6493393,230000,AZN,2,62.0,3,4,True,False,False,Nəsimi,Bakı,3709.68
6471829,870000,AZN,4,200.0,2,4,True,False,False,Sahil,Bakı,4350.0
6493390,172000,AZN,2,65.0,3,5,True,False,False,Qara Qarayev,Bakı,2646.15
6026271,330000,AZN,3,98.0,18,20,True,True,False,8-ci mikrorayon,Bakı,3367.35
4962060,360000,AZN,3,120.0,18,18,False,False,False,Şah İsmayıl Xətai,Bakı,3000.0
6178877,88000,AZN,1,35.3,7,16,False,True,False,Sea Breeze,Bakı,2492.92
6378975,145000,AZN,3,75.0,3,9,True,False,False,Xətai,Bakı,1933.33
6478397,378000,AZN,3,93.0,13,17,True,False,False,Şah İsmayıl Xətai,Bakı,4064.52
6493384,198000,AZN,2,55.0,6,16,True,False,False,Yasamal,Bakı,3600.0
6492777,125000,AZN,2,68.4,4,4,True,True,False,Qaraçuxur,Bakı,1827.49
6474295,345000,AZN,3,148.0,10,17,True,True,False,Həzi Aslanov,Bakı,2331.08
6476468,157000,AZN,3,62.0,16,19,True,True,False,Həzi Aslanov,Bakı,2532.26
6493381,155000,AZN,3,85.0,9,9,True,False,False,Həzi Aslanov,Bakı,1823.53
6493382,164000,AZN,3,70.0,5,5,True,False,False,Memar Əcəmi,Bakı,2342.86
5963655,610000,AZN,4,192.8,9,20,True,False,False,Nərimanov,Bakı,3163.9
6487365,132999,AZN,2,45.0,4,9,True,True,False,Həzi Aslanov,Bakı,2955.53
6471175,413000,AZN,4,153.0,2,17,False,False,False,Nəsimi,Bakı,2699.35
6471591,168000,AZN,2,60.0,4,9,True,False,False,9-cu mikrorayon,Bakı,2800.0
6364486,480000,AZN,3,150.0,10,16,True,True,False,Nərimanov,Bakı,3200.0
6473673,235000,AZN,4,120.0,3,9,True,True,True,20 Yanvar,Bakı,1958.33
6493377,780000,AZN,4,186.0,9,15,True,False,False,28 May,Bakı,4193.55
6461655,336700,AZN,2,91.0,5,20,False,False,False,Nəriman Nərimanov,Bakı,3700.0
6493376,159000,AZN,2,50.0,14,14,True,False,False,8-ci kilometr,Bakı,3180.0
6452406,259999,AZN,3,80.0,5,5,True,False,False,28 May,Bakı,3249.99
6043264,300000,AZN,3,133.0,9,17,True,False,False,20 Yanvar,Bakı,2255.64
6450396,250000,AZN,3,110.0,15,17,True,False,False,Xətai,Bakı,2272.73
5249066,198000,AZN,3,80.0,5,16,True,True,False,Həzi Aslanov,Bakı,2475.0
6021608,230000,AZN,2,82.0,10,16,True,False,False,Əhmədli,Bakı,2804.88
6428398,112000,AZN,2,60.0,2,9,True,False,False,Nərimanov,Bakı,1866.67
5974453,405000,AZN,3,151.0,12,17,True,False,False,8 Noyabr,Bakı,2682.12
6190790,350000,AZN,3,100.0,7,15,True,False,False,20 Yanvar,Bakı,3500.0
6490428,322000,AZN,2,100.0,14,27,True,True,False,Yasamal,Bakı,3220.0
6431399,260000,AZN,3,78.0,5,5,True,False,False,28 May,Bakı,3333.33
6493371,777000,AZN,4,229.0,14,16,False,False,False,Nizami,Bakı,3393.01
6488938,135000,AZN,2,40.0,4,9,True,False,False,Həzi Aslanov,Bakı,3375.0
6493366,830000,AZN,4,247.0,8,14,False,False,False,Nizami,Bakı,3360.32
6437297,270000,AZN,3,90.0,14,20,True,True,True,Şah İsmayıl Xətai,Bakı,3000.0
6162381,602000,AZN,3,140.0,2,7,False,False,False,Ağ şəhər,Bakı,4300.0
6452438,173000,AZN,2,60.0,3,5,True,False,False,Gənclik,Bakı,2883.33
6347234,348000,AZN,3,140.0,11,16,True,True,False,28 May,Bakı,2485.71
6493358,155000,AZN,2,45.0,8,10,True,False,False,Gənclik,Bakı,3444.44
6384495,139000,AZN,2,40.0,4,17,True,True,False,Qara Qarayev,Bakı,3475.0
6385807,538000,AZN,4,148.0,5,15,True,False,False,Nəriman Nərimanov,Bakı,3635.14
6473254,159000,AZN,2,60.0,4,16,True,True,True,Yeni Günəşli,Bakı,2650.0
6271359,195000,AZN,3,75.0,13,17,True,False,False,8-ci mikrorayon,Bakı,2600.0
6431951,239000,AZN,2,95.0,4,20,True,False,False,Həzi Aslanov,Bakı,2515.79
6458146,230000,AZN,3,90.0,2,9,True,False,False,Nəsimi,Bakı,2555.56
6443950,399000,AZN,2,90.0,3,17,True,False,False,Elmlər Akademiyası,Bakı,4433.33
6326921,215000,AZN,3,96.0,1,20,True,False,False,Əhmədli,Bakı,2239.58
6493298,650000,AZN,6,200.0,3,4,True,False,False,Sahil,Bakı,3250.0
6391061,465000,AZN,4,135.0,16,17,True,False,False,Nəsimi,Bakı,3444.44
5858342,99000,AZN,2,83.0,9,16,False,False,False,Lökbatan,Bakı,1192.77
6429497,235000,AZN,2,65.0,3,6,True,False,False,Elmlər Akademiyası,Bakı,3615.38
6052652,255000,AZN,2,75.0,7,12,True,False,False,Bakıxanov,Bakı,3400.0
6198486,210000,AZN,4,80.0,5,5,True,True,False,Nərimanov,Bakı,2625.0
6493349,220000,AZN,4,105.0,4,5,True,False,False,Əhmədli,Bakı,2095.24
6467029,79500,AZN,1,30.0,4,4,True,True,True,Buzovna,Bakı,2650.0
6482021,275000,AZN,3,90.0,4,5,True,True,False,Nəriman Nərimanov,Bakı,3055.56
6038298,320000,AZN,3,126.0,7,17,True,False,False,20 Yanvar,Bakı,2539.68
6413848,333000,AZN,3,115.0,4,20,True,False,False,20 Yanvar,Bakı,2895.65
6388758,225000,AZN,2,80.0,7,16,True,False,False,Memar Əcəmi,Bakı,2812.5
6061576,365000,AZN,3,140.0,10,14,True,False,False,Xalqlar Dostluğu,Bakı,2607.14
6481653,167000,AZN,3,60.0,8,11,True,False,False,Yeni Yasamal,Bakı,2783.33
6452988,219000,AZN,3,95.0,8,18,True,False,False,Həzi Aslanov,Bakı,2305.26
6493344,225000,AZN,2,55.0,8,17,True,False,False,Dərnəgül,Bakı,4090.91
6391604,345000,AZN,5,130.0,7,9,True,False,False,Azadlıq Prospekti,Bakı,2653.85
6274290,950000,AZN,3,232.0,19,20,True,False,False,Elmlər Akademiyası,Bakı,4094.83
5825941,279000,AZN,2,77.0,15,18,True,True,True,Bayıl,Bakı,3623.38
6273356,950000,AZN,3,232.0,18,20,True,False,False,Elmlər Akademiyası,Bakı,4094.83
6469663,260000,AZN,3,74.0,11,15,True,False,False,Gənclik,Bakı,3513.51
6437488,120000,AZN,2,47.0,6,9,True,False,False,8-ci kilometr,Bakı,2553.19
6143889,226000,AZN,3,88.0,8,17,False,False,False,Nərimanov,Bakı,2568.18
6481456,173500,AZN,4,100.0,1,9,True,True,True,Əhmədli,Bakı,1735.0
6283577,230000,AZN,2,55.0,10,13,True,True,False,Şah İsmayıl Xətai,Bakı,4181.82
6493337,160000,AZN,2,65.0,19,20,True,False,False,Əhmədli,Bakı,2461.54
6325164,469000,AZN,3,134.0,8,18,False,False,False,Yasamal,Bakı,3500.0
6392222,233000,AZN,2,60.0,3,6,True,True,True,Elmlər Akademiyası,Bakı,3883.33
6493333,209500,AZN,2,58.27,6,16,True,False,False,Elmlər Akademiyası,Bakı,3595.33
6380201,235000,AZN,2,75.0,14,19,True,False,False,8 Noyabr,Bakı,3133.33
6455993,259000,AZN,3,100.0,17,19,True,False,False,Nəsimi,Bakı,2590.0
6493332,270000,AZN,2,75.7,9,20,True,False,False,Nəriman Nərimanov,Bakı,3566.71
6493328,225000,AZN,3,88.0,4,16,True,False,False,Xalqlar Dostluğu,Bakı,2556.82
6493329,115000,AZN,2,55.0,1,4,True,False,False,Həzi Aslanov,Bakı,2090.91
6428728,300000,AZN,3,96.0,15,17,True,True,True,20 Yanvar,Bakı,3125.0
6493326,255000,AZN,4,95.0,11,16,True,False,False,Həzi Aslanov,Bakı,2684.21
6493327,149000,AZN,2,40.0,3,5,True,False,False,Neftçilər,Bakı,3725.0
6279881,130000,AZN,3,75.0,2,5,True,False,False,Binə,Bakı,1733.33
6242969,720000,AZN,3,141.0,3,6,True,False,False,Ağ şəhər,Bakı,5106.38
6493323,153000,AZN,3,92.0,1,9,True,False,False,Masazır,Bakı,1663.04
6469992,343000,AZN,3,126.0,2,16,True,True,False,Badamdar,Bakı,2722.22
6430017,156500,AZN,2,65.0,12,14,True,True,True,Xalqlar Dostluğu,Bakı,2407.69
6484760,368000,AZN,4,181.2,5,16,False,False,False,Nəriman Nərimanov,Bakı,2030.91
6351359,130000,AZN,2,55.0,5,5,,False,False,Memar Əcəmi,Bakı,2363.64
6177651,345000,AZN,2,68.0,4,17,True,False,False,Elmlər Akademiyası,Bakı,5073.53
6480699,136000,AZN,2,40.0,5,5,True,False,False,İçəri Şəhər,Bakı,3400.0
6493321,148000,AZN,3,55.0,3,5,True,False,False,Həzi Aslanov,Bakı,2690.91
6493320,220000,AZN,3,73.0,9,11,True,False,False,7-ci mikrorayon,Bakı,3013.7
6460654,313000,AZN,3,131.0,10,17,True,True,True,Nəsimi,Bakı,2389.31
6446266,235000,AZN,3,63.0,3,16,True,True,False,Nəsimi,Bakı,3730.16
6480773,163000,AZN,3,60.0,3,4,True,False,False,Gənclik,Bakı,2716.67
6493318,279000,AZN,2,90.0,6,18,True,False,False,Nərimanov,Bakı,3100.0
6493315,225000,AZN,3,72.0,2,5,True,False,False,Nizami,Bakı,3125.0
6493313,615000,AZN,5,201.0,8,17,True,False,False,Nərimanov,Bakı,3059.7
6382437,119900,AZN,3,70.0,1,9,True,False,False,Hövsan,Bakı,1712.86
6406482,230000,AZN,3,84.4,12,16,True,False,False,Neftçilər,Bakı,2725.12
6166331,220000,AZN,3,85.0,3,5,True,False,False,Nəsimi,Bakı,2588.24
6493310,102000,AZN,1,32.0,5,5,True,False,False,Neftçilər,Bakı,3187.5
6349070,239000,AZN,2,94.0,10,16,True,True,True,20 Yanvar,Bakı,2542.55
6466770,165000,AZN,2,55.0,4,5,True,False,False,Nəriman Nərimanov,Bakı,3000.0
6493309,232000,AZN,3,104.2,17,21,False,False,False,Həzi Aslanov,Bakı,2226.49
6407337,420000,AZN,4,158.0,6,11,True,True,False,İnşaatçılar,Bakı,2658.23
6411679,330000,AZN,3,130.0,12,14,True,True,False,Badamdar,Bakı,2538.46
6493308,175000,AZN,3,75.0,8,9,True,False,False,Koroğlu,Bakı,2333.33
6493307,172000,AZN,2,83.0,14,17,True,False,False,Köhnə Günəşli,Bakı,2072.29
6493306,148000,AZN,2,40.0,2,17,True,False,False,Qara Qarayev,Bakı,3700.0
6330852,223958,AZN,1,37.6,5,28,True,True,True,Nardaran,Bakı,5956.33
6415821,151500,AZN,3,74.0,2,9,True,False,False,Massiv V,Bakı,2047.3
6493304,145000,AZN,3,50.0,1,9,True,False,False,Əhmədli,Bakı,2900.0
6426360,280000,AZN,2,69.0,3,5,False,True,True,Sea Breeze,Bakı,4057.97
6448464,700000,AZN,5,290.0,15,17,True,False,False,İçəri Şəhər,Bakı,2413.79
4861702,235000,AZN,3,131.0,2,5,False,False,False,Badamdar,Bakı,1793.89
6493300,160000,AZN,2,49.0,4,16,False,False,False,Qara Qarayev,Bakı,3265.31
6414857,160000,AZN,2,61.0,13,16,True,True,False,Qara Qarayev,Bakı,2622.95
6307917,245000,AZN,3,105.0,4,17,True,False,False,Həzi Aslanov,Bakı,2333.33
6465893,128000,AZN,1,30.0,4,28,True,True,True,Sea Breeze,Bakı,4266.67
6493297,230000,AZN,3,84.0,2,4,True,False,False,28 May,Bakı,2738.1
6487338,525000,AZN,3,168.0,11,17,True,True,False,Nəsimi,Bakı,3125.0
6493299,460000,AZN,3,132.0,11,14,True,False,False,8 Noyabr,Bakı,3484.85
6372083,258000,AZN,2,86.0,4,12,True,False,False,Elmlər Akademiyası,Bakı,3000.0
6480494,370000,AZN,3,110.0,11,17,True,True,False,Elmlər Akademiyası,Bakı,3363.64
6325836,756000,AZN,4,168.0,6,7,False,False,False,Ağ şəhər,Bakı,4500.0
6232439,289000,AZN,3,115.0,8,20,True,False,False,20 Yanvar,Bakı,2513.04
6468715,275000,AZN,3,140.0,17,18,False,True,False,8 Noyabr,Bakı,1964.29
6493296,198000,AZN,2,55.05,13,16,True,False,False,Yasamal,Bakı,3596.73
6401816,508000,AZN,3,137.0,9,12,True,True,False,Nəriman Nərimanov,Bakı,3708.03
6226751,399000,AZN,3,140.0,6,20,True,True,False,8 Noyabr,Bakı,2850.0
6266173,118000,AZN,3,52.0,1,2,True,True,False,20-ci sahə,Bakı,2269.23
6421122,325000,AZN,2,97.0,4,17,False,False,False,Nəsimi,Bakı,3350.52
6037374,338000,AZN,3,110.0,9,17,True,False,False,Koroğlu,Bakı,3072.73
6479711,219000,AZN,3,95.0,8,16,True,True,False,Həzi Aslanov,Bakı,2305.26
6493285,218000,AZN,3,90.0,10,16,True,True,False,Həzi Aslanov,Bakı,2422.22
6493287,125000,AZN,2,40.0,3,9,True,False,False,Əhmədli,Bakı,3125.0
6182300,390000,AZN,3,134.0,2,18,True,False,False,Badamdar,Bakı,2910.45
6345593,94000,AZN,1,55.0,10,16,False,True,True,Binəqədi,Bakı,1709.09
5946618,80500,AZN,2,57.0,5,6,True,True,False,Masazır,Bakı,1412.28
6407818,375000,AZN,2,105.0,4,16,True,False,False,28 May,Bakı,3571.43
6493282,308000,AZN,3,94.0,18,19,True,False,False,Qara Qarayev,Bakı,3276.6
6305573,220000,AZN,3,75.0,7,9,True,True,False,Bakıxanov,Bakı,2933.33
6467821,282000,AZN,3,140.0,13,17,True,False,False,9-cu mikrorayon,Bakı,2014.29
6493283,164000,AZN,3,67.0,10,15,True,False,False,İnşaatçılar,Bakı,2447.76
6217000,339000,AZN,4,185.0,7,7,True,False,False,7-ci mikrorayon,Bakı,1832.43
6417041,145000,AZN,1,36.0,2,17,True,True,True,Qara Qarayev,Bakı,4027.78
6492403,120000,AZN,3,66.0,8,9,True,True,True,Masazır,Bakı,1818.18
6493280,229000,AZN,3,61.0,4,9,True,False,False,Gənclik,Bakı,3754.1
6222423,313000,AZN,2,98.0,5,17,True,False,False,8 Noyabr,Bakı,3193.88
6347322,560000,AZN,4,210.0,12,17,True,True,False,Nəsimi,Bakı,2666.67
6271823,485000,AZN,3,100.0,11,14,True,False,False,Elmlər Akademiyası,Bakı,4850.0
6493279,130000,AZN,2,40.0,2,9,True,False,False,Nəriman Nərimanov,Bakı,3250.0
6430813,570000,AZN,3,140.0,10,18,True,False,False,28 May,Bakı,4071.43
6493278,288888,AZN,3,111.0,1,9,True,False,False,Yasamal,Bakı,2602.59
6427435,430000,AZN,3,136.0,7,17,True,False,False,İnşaatçılar,Bakı,3161.76
6341781,325000,AZN,2,91.0,5,17,True,False,False,28 May,Bakı,3571.43
6360827,183000,AZN,2,65.0,4,9,True,True,False,Xalqlar Dostluğu,Bakı,2815.38
6493271,125000,AZN,3,55.0,2,3,True,False,False,Əmircan,Bakı,2272.73
5952928,250000,AZN,3,85.0,8,16,True,False,False,Əhmədli,Bakı,2941.18
6045224,350000,AZN,3,120.0,3,17,True,False,False,Şah İsmayıl Xətai,Bakı,2916.67
6286894,598000,AZN,3,135.0,3,7,False,True,True,Ağ şəhər,Bakı,4429.63
6454701,580000,AZN,5,190.0,2,3,True,False,False,28 May,Bakı,3052.63
6325981,555000,AZN,3,108.0,3,7,True,False,False,Ağ şəhər,Bakı,5138.89
6244754,485000,AZN,3,125.0,14,23,True,False,False,Elmlər Akademiyası,Bakı,3880.0
6438822,160000,AZN,2,51.0,6,9,True,True,False,Əhmədli,Bakı,3137.25
5845422,430000,AZN,3,100.0,3,16,False,True,False,Elmlər Akademiyası,Bakı,4300.0
6301335,660000,AZN,4,250.0,15,21,True,False,False,28 May,Bakı,2640.0
6375852,219000,AZN,4,194.9,5,14,False,False,False,Abşeron,Sumqayıt,1123.65
6400574,419000,AZN,3,133.0,5,18,True,False,False,Nizami,Bakı,3150.38
6481266,315000,AZN,4,110.0,4,18,True,True,True,Səbail,Bakı,2863.64
6409974,468000,AZN,4,170.0,3,17,True,False,False,Nəriman Nərimanov,Bakı,2752.94
6470041,73000,AZN,2,35.0,5,5,True,False,False,8-ci mikrorayon,Bakı,2085.71
6311526,109900,AZN,2,54.0,12,16,True,False,False,Həzi Aslanov,Bakı,2035.19
6467280,145000,AZN,3,67.0,7,9,True,True,True,Hövsan,Bakı,2164.18
6454387,157000,AZN,3,50.0,2,5,True,False,False,Elmlər Akademiyası,Bakı,3140.0
6172787,142000,AZN,2,75.0,18,20,True,True,False,Bakıxanov,Bakı,1893.33
6034487,291312,AZN,2,61.2,25,27,False,True,True,Nardaran,Bakı,4760.0
6493257,310000,AZN,3,135.0,2,5,True,False,False,Qara Qarayev,Bakı,2296.3
6492771,218000,AZN,3,90.0,10,16,True,True,True,Həzi Aslanov,Bakı,2422.22
6491794,420000,AZN,3,120.0,5,16,True,False,False,Nərimanov,Bakı,3500.0
6469729,125000,AZN,3,55.0,9,9,True,False,False,Koroğlu,Bakı,2272.73
6461768,218000,AZN,2,56.0,2,17,True,True,False,Nizami,Bakı,3892.86
6259269,299000,AZN,3,130.0,9,17,True,True,False,20 Yanvar,Bakı,2300.0
5881771,257000,AZN,2,76.0,6,16,True,True,False,20 Yanvar,Bakı,3381.58
6480252,136000,AZN,2,35.0,5,5,True,False,False,İçəri Şəhər,Bakı,3885.71
6216777,145000,AZN,2,50.0,4,16,True,True,False,Avtovağzal,Bakı,2900.0
6481636,212000,AZN,2,67.0,15,19,True,True,False,8 Noyabr,Bakı,3164.18
6442626,535000,AZN,3,150.0,6,14,True,False,False,Nərimanov,Bakı,3566.67
6401815,200000,AZN,2,55.0,5,5,True,False,False,Elmlər Akademiyası,Bakı,3636.36
6479683,280000,AZN,3,123.0,3,15,False,True,False,İnşaatçılar,Bakı,2276.42
5851921,229500,AZN,3,95.0,8,9,True,True,False,Nəsimi,Bakı,2415.79
6403356,158000,AZN,3,100.0,6,9,True,False,False,Yasamal,Bakı,1580.0
5870639,330000,AZN,3,93.0,14,19,True,True,True,İnşaatçılar,Bakı,3548.39
6493250,275000,AZN,2,50.0,4,7,False,False,False,Ağ şəhər,Bakı,5500.0
6265546,297000,AZN,3,100.5,5,9,True,True,False,Elmlər Akademiyası,Bakı,2955.22
6493244,169000,AZN,3,80.0,3,5,True,False,False,Memar Əcəmi,Bakı,2112.5
6459348,138000,AZN,3,100.0,14,14,True,False,False,Yeni Yasamal,Bakı,1380.0
6493248,242000,AZN,3,80.0,11,15,True,False,False,Həzi Aslanov,Bakı,3025.0
6473567,178000,AZN,2,60.0,3,10,True,False,False,Xalqlar Dostluğu,Bakı,2966.67
3760528,247500,AZN,1,55.0,15,16,True,True,True,Nəsimi,Bakı,4500.0
6409854,475000,AZN,4,172.0,3,14,True,False,False,Nərimanov,Bakı,2761.63
6493243,220000,AZN,3,90.0,6,9,True,False,False,Memar Əcəmi,Bakı,2444.44
6414627,84000,AZN,2,77.0,2,5,True,True,False,Masazır,Bakı,1090.91
6493239,159000,AZN,2,50.0,14,14,True,False,False,Xalqlar Dostluğu,Bakı,3180.0
5805433,431340,AZN,3,102.7,11,16,True,True,True,Nəsimi,Bakı,4200.0
6324433,60000,AZN,1,42.0,3,3,True,False,False,Məmmədli,Bakı,1428.57
6487241,115000,AZN,2,45.0,1,4,True,True,True,Xətai,Bakı,2555.56
6206479,225000,AZN,3,90.0,5,5,True,False,False,28 May,Bakı,2500.0
6414652,300000,AZN,3,130.0,11,18,True,True,False,Nəriman Nərimanov,Bakı,2307.69
6324308,175000,AZN,3,115.0,2,10,True,False,False,Məmmədli,Bakı,1521.74
6117224,167000,AZN,1,56.0,7,16,True,True,False,Neftçilər,Bakı,2982.14
6493238,163000,AZN,3,90.0,1,9,True,False,False,Köhnə Günəşli,Bakı,1811.11
6493235,140000,AZN,2,65.0,8,9,True,False,False,Xətai,Bakı,2153.85
6451369,175000,AZN,3,80.0,9,9,True,False,False,Həzi Aslanov,Bakı,2187.5
6281127,122500,AZN,3,95.0,6,14,False,True,False,Abşeron,Sumqayıt,1289.47
6245558,165000,AZN,3,115.0,8,11,True,False,False,Məmmədli,Bakı,1434.78
6407366,259000,AZN,3,115.0,6,17,True,True,False,Əhmədli,Bakı,2252.17
6493233,285000,AZN,3,136.0,16,18,True,False,False,Yeni Yasamal,Bakı,2095.59
6102920,298000,AZN,4,103.0,4,5,True,True,True,Nəriman Nərimanov,Bakı,2893.2
6304815,268000,AZN,2,84.0,8,15,True,True,True,Nəriman Nərimanov,Bakı,3190.48
6493231,192000,AZN,3,80.0,3,5,True,False,False,Qara Qarayev,Bakı,2400.0
6461851,165000,AZN,3,102.0,8,12,True,True,True,Abşeron,Xırdalan,1617.65
6491387,197000,AZN,2,55.0,5,18,True,False,False,20 Yanvar,Bakı,3581.82
6260486,197000,AZN,2,60.0,6,6,True,True,False,28 May,Bakı,3283.33
6366621,650000,AZN,4,195.0,4,14,False,False,False,Nəsimi,Bakı,3333.33
6493223,202000,AZN,3,75.0,2,9,True,False,False,Neftçilər,Bakı,2693.33
6034177,250512,AZN,2,73.7,1,14,False,True,True,Nardaran,Bakı,3399.08
6434384,160000,AZN,2,47.0,7,12,True,False,False,Bakıxanov,Bakı,3404.26
6493226,920000,AZN,4,165.0,3,7,True,False,False,Ağ şəhər,Bakı,5575.76
6480214,240000,AZN,2,65.0,8,9,True,True,False,8 Noyabr,Bakı,3692.31
6483103,88000,AZN,3,70.0,2,8,True,True,False,Masazır,Bakı,1257.14
6020278,340000,AZN,3,147.0,12,12,True,False,False,Bakıxanov,Bakı,2312.93
6323014,132500,AZN,2,77.8,9,16,False,True,True,Lökbatan,Bakı,1703.08
6088266,230000,AZN,3,85.0,5,9,True,False,False,Nərimanov,Bakı,2705.88
6493219,129000,AZN,1,45.0,6,9,True,False,False,Azadlıq Prospekti,Bakı,2866.67
6493214,186000,AZN,3,50.0,3,4,True,False,False,Gənclik,Bakı,3720.0
6475590,700000,AZN,5,300.0,12,18,True,True,True,İçəri Şəhər,Bakı,2333.33
6339379,226000,AZN,2,82.0,7,14,True,True,True,Dərnəgül,Bakı,2756.1
6493213,230000,AZN,3,75.0,6,9,True,False,False,Gənclik,Bakı,3066.67
6493212,165000,AZN,2,50.0,1,5,True,False,False,Nəriman Nərimanov,Bakı,3300.0
6377218,130000,AZN,2,45.0,2,9,True,True,False,Xətai,Bakı,2888.89
6180328,185000,AZN,2,94.0,4,8,True,True,True,Bülbülə,Bakı,1968.09
6493211,210000,AZN,3,80.0,5,5,True,False,False,Gənclik,Bakı,2625.0
6493210,385000,AZN,3,110.0,3,5,True,False,False,Şah İsmayıl Xətai,Bakı,3500.0
6493209,245000,AZN,3,85.0,3,16,True,False,False,Həzi Aslanov,Bakı,2882.35
6491513,220000,AZN,3,80.0,4,5,True,False,False,Elmlər Akademiyası,Bakı,2750.0
6154503,330000,AZN,4,180.0,19,20,True,False,False,İnşaatçılar,Bakı,1833.33
6478382,198000,AZN,2,90.0,10,16,False,True,True,Biləcəri,Bakı,2200.0
6374043,830000,AZN,4,220.0,9,16,False,False,False,Nizami,Bakı,3772.73
6139910,277000,AZN,4,110.0,9,16,True,False,False,Həzi Aslanov,Bakı,2518.18
5906152,1140000,AZN,2,98.0,18,33,False,True,True,Nəsimi,Bakı,11632.65
6482978,189000,AZN,3,86.5,13,18,True,False,False,Azadlıq Prospekti,Bakı,2184.97
6478425,198000,AZN,3,81.0,7,14,True,False,False,Həzi Aslanov,Bakı,2444.44
6493201,163000,AZN,3,50.0,3,4,True,False,False,Gənclik,Bakı,3260.0
6409420,450000,AZN,4,175.0,4,12,True,False,False,Nəsimi,Bakı,2571.43
6455679,195000,AZN,3,90.0,1,9,True,True,False,Yasamal,Bakı,2166.67
6205257,116000,AZN,2,41.0,3,5,True,False,False,Əhmədli,Bakı,2829.27
6493202,170000,AZN,2,45.0,8,10,True,False,False,Gənclik,Bakı,3777.78
6466583,178000,AZN,2,50.0,5,20,True,False,False,20 Yanvar,Bakı,3560.0
6213729,207000,AZN,4,110.0,3,9,True,False,False,Əhmədli,Bakı,1881.82
6378221,475000,AZN,3,134.0,9,16,False,False,False,Elmlər Akademiyası,Bakı,3544.78
6484292,225000,AZN,3,83.0,7,13,True,True,False,Neftçilər,Bakı,2710.84
6386737,137000,AZN,1,45.0,1,9,True,False,False,Azadlıq Prospekti,Bakı,3044.44
6431998,285940,AZN,1,58.0,7,7,False,True,True,Nardaran,Bakı,4930.0
6419883,160000,AZN,2,48.0,3,9,True,False,False,Gənclik,Bakı,3333.33
6202649,255000,AZN,3,105.0,5,17,True,False,False,Xətai,Bakı,2428.57
6486101,470000,AZN,4,185.0,8,16,True,False,False,Elmlər Akademiyası,Bakı,2540.54
5949119,315000,AZN,3,80.0,4,6,True,False,False,Sahil,Bakı,3937.5
6493198,490000,AZN,5,278.0,15,21,False,False,False,Nəsimi,Bakı,1762.59
6493124,125000,AZN,2,45.0,3,9,True,True,False,Əhmədli,Bakı,2777.78
6477025,190000,AZN,3,70.0,4,5,True,False,False,Nərimanov,Bakı,2714.29
6422940,297000,AZN,4,120.0,5,9,True,False,False,Elmlər Akademiyası,Bakı,2475.0
6433052,340000,AZN,4,155.0,3,5,True,False,False,Bayıl,Bakı,2193.55
6477099,253000,AZN,2,83.0,14,16,True,False,False,Dərnəgül,Bakı,3048.19
6437536,295000,AZN,3,115.0,12,17,True,False,False,Yeni Yasamal,Bakı,2565.22
6243580,525000,AZN,4,205.0,8,12,True,False,False,Gənclik,Bakı,2560.98
6465211,179000,AZN,3,65.0,2,9,True,True,False,Xalqlar Dostluğu,Bakı,2753.85
6493196,137000,AZN,2,50.0,1,5,True,False,False,Memar Əcəmi,Bakı,2740.0
6208849,212000,AZN,2,92.0,7,20,False,False,False,Xətai,Bakı,2304.35
6112326,244000,AZN,3,85.0,11,14,True,False,False,Nəsimi,Bakı,2870.59
5962832,365000,AZN,3,135.0,15,16,True,False,False,Nəsimi,Bakı,2703.7
6428826,228000,AZN,3,70.0,4,9,True,False,False,Gənclik,Bakı,3257.14
6133209,655000,AZN,3,148.0,6,20,True,True,True,Elmlər Akademiyası,Bakı,4425.68
6469124,350000,AZN,3,107.0,19,20,True,True,True,Nərimanov,Bakı,3271.03
6486452,340000,AZN,3,90.0,4,16,True,False,False,Gənclik,Bakı,3777.78
6476055,1100000,AZN,4,205.0,7,21,True,True,True,Nəsimi,Bakı,5365.85
6461355,205000,AZN,2,65.0,7,9,True,False,False,Gənclik,Bakı,3153.85
5951405,378000,AZN,2,96.0,4,14,True,True,True,Bayıl,Bakı,3937.5
6221954,300000,AZN,2,118.0,4,12,True,False,False,28 May,Bakı,2542.37
6080380,350000,AZN,2,95.0,8,16,True,False,False,Şah İsmayıl Xətai,Bakı,3684.21
6124599,255000,AZN,2,65.0,7,16,True,False,False,Nəsimi,Bakı,3923.08
6486688,137000,AZN,2,50.0,1,9,True,False,False,Azadlıq Prospekti,Bakı,2740.0
6492080,245000,AZN,3,85.0,3,16,True,False,False,Həzi Aslanov,Bakı,2882.35
6461808,168000,AZN,3,70.0,1,9,True,True,False,Həzi Aslanov,Bakı,2400.0
6492362,750000,AZN,4,150.0,2,8,True,False,False,Ağ şəhər,Bakı,5000.0
6481383,236000,AZN,3,90.0,3,5,True,True,True,Nəriman Nərimanov,Bakı,2622.22
6383735,620000,AZN,8,300.0,12,13,True,False,False,Gənclik,Bakı,2066.67
6352245,250000,AZN,3,121.5,5,12,False,False,False,M.Ə.Rəsulzadə,Bakı,2057.61
5369655,267000,AZN,3,95.0,5,17,True,False,False,Neftçilər,Bakı,2810.53
6380877,459000,AZN,3,171.0,7,17,False,False,False,Şah İsmayıl Xətai,Bakı,2684.21
6294556,850000,AZN,3,190.0,7,20,True,False,False,Ağ şəhər,Bakı,4473.68
6462349,265000,AZN,3,142.8,16,16,False,False,False,Şah İsmayıl Xətai,Bakı,1855.74
6405256,123000,AZN,2,62.0,3,9,True,False,False,Abşeron,Xırdalan,1983.87
6481061,370000,AZN,3,136.0,14,17,True,False,False,Nəriman Nərimanov,Bakı,2720.59
5670536,547613,AZN,2,85.9,2,13,True,True,True,Nardaran,Bakı,6375.01
6493188,260000,AZN,2,95.0,13,16,True,False,False,Qara Qarayev,Bakı,2736.84
6446442,280000,AZN,3,69.0,3,18,True,True,True,Bakmil,Bakı,4057.97
6329252,462000,AZN,3,140.0,16,17,False,False,False,Gənclik,Bakı,3300.0
6469138,280000,AZN,2,65.0,3,16,True,True,False,Şah İsmayıl Xətai,Bakı,4307.69
6493187,300000,AZN,3,118.0,4,16,True,False,False,Nəriman Nərimanov,Bakı,2542.37
6357477,355000,AZN,3,115.0,4,14,True,False,False,Azadlıq Prospekti,Bakı,3086.96
6446413,290000,AZN,3,69.0,10,18,True,True,True,Bakmil,Bakı,4202.9
6368839,228000,AZN,2,60.0,15,18,True,True,True,Nərimanov,Bakı,3800.0
5941226,256000,AZN,2,92.0,9,16,True,False,False,İnşaatçılar,Bakı,2782.61
6215232,240000,AZN,3,82.0,8,12,True,False,False,Neftçilər,Bakı,2926.83
6492483,237000,AZN,3,70.0,6,9,True,False,False,Gənclik,Bakı,3385.71
6464378,168000,AZN,1,56.8,7,9,False,True,False,Nardaran,Bakı,2957.75
6458281,365000,AZN,3,100.0,4,17,True,True,False,Nəriman Nərimanov,Bakı,3650.0
6477795,205000,AZN,2,75.0,15,17,True,False,False,Həzi Aslanov,Bakı,2733.33
6223078,310000,AZN,3,144.0,5,18,False,True,True,28 May,Bakı,2152.78
6421165,389000,AZN,4,165.0,13,18,True,False,False,İnşaatçılar,Bakı,2357.58
6493181,147000,AZN,2,79.0,6,16,False,False,False,Binəqədi,Bakı,1860.76
6493178,325000,AZN,2,96.0,4,12,False,False,False,Nəsimi,Bakı,3385.42
6463495,188000,AZN,2,62.0,5,16,True,False,False,Memar Əcəmi,Bakı,3032.26
6493180,230000,AZN,3,90.0,1,9,True,False,False,Gənclik,Bakı,2555.56
6484504,315000,AZN,2,83.0,11,17,True,False,False,28 May,Bakı,3795.18
6178373,419000,AZN,3,125.0,4,16,False,False,False,Nəsimi,Bakı,3352.0
6338685,225000,AZN,3,88.0,12,17,True,False,False,Həzi Aslanov,Bakı,2556.82
6473615,117000,AZN,2,60.0,3,15,False,True,True,İnşaatçılar,Bakı,1950.0
6377822,167000,AZN,2,58.0,10,18,True,False,False,Memar Əcəmi,Bakı,2879.31
6438955,520000,AZN,4,166.0,6,16,False,False,False,Nəriman Nərimanov,Bakı,3132.53
6467803,268000,AZN,2,66.0,5,16,True,True,False,Gənclik,Bakı,4060.61
6493175,114000,AZN,2,51.0,12,14,False,False,False,Bakıxanov,Bakı,2235.29
6491931,245000,AZN,3,74.0,6,9,True,False,False,Nəsimi,Bakı,3310.81
6462156,115000,AZN,2,60.0,5,5,True,False,False,Xətai,Bakı,1916.67
6378466,1400000,AZN,5,210.0,7,8,True,False,False,Ağ şəhər,Bakı,6666.67
6461780,308000,AZN,3,94.0,5,16,True,True,False,Nəriman Nərimanov,Bakı,3276.6
6493172,355000,AZN,3,110.0,14,15,True,False,False,Nizami,Bakı,3227.27
6493173,154000,AZN,3,84.0,10,11,True,False,False,Məmmədli,Bakı,1833.33
6478193,462000,AZN,3,130.0,10,17,True,True,False,Gənclik,Bakı,3553.85
6278648,490000,AZN,3,130.0,12,18,True,True,False,Gənclik,Bakı,3769.23
6424108,285000,AZN,3,100.0,8,19,True,False,False,28 May,Bakı,2850.0
6455162,237000,AZN,3,80.0,4,5,True,False,False,Elmlər Akademiyası,Bakı,2962.5
6493171,132000,AZN,2,44.0,5,5,True,False,False,28 May,Bakı,3000.0
6493170,230000,AZN,2,62.0,13,19,True,False,False,8 Noyabr,Bakı,3709.68
6358394,360000,AZN,3,123.0,9,16,True,True,False,Şah İsmayıl Xətai,Bakı,2926.83
6128538,168000,AZN,2,60.0,3,5,True,True,False,Dərnəgül,Bakı,2800.0
6491655,400000,AZN,3,156.0,3,16,True,True,True,8 Noyabr,Bakı,2564.1
6451781,184000,AZN,3,70.0,2,5,True,True,False,İnşaatçılar,Bakı,2628.57
6390816,200000,AZN,2,124.0,17,17,True,True,False,Şah İsmayıl Xətai,Bakı,1612.9
6432955,130000,AZN,2,35.0,2,2,True,True,True,28 May,Bakı,3714.29
6326853,168000,AZN,2,70.0,4,9,True,False,False,Nəsimi,Bakı,2400.0
6493168,232000,AZN,3,104.0,17,21,False,False,False,Həzi Aslanov,Bakı,2230.77
5663441,219555,AZN,1,41.0,2,8,False,True,True,Nardaran,Bakı,5355.0
6493167,274500,AZN,3,118.0,10,17,True,False,False,Həzi Aslanov,Bakı,2326.27
6490174,289000,AZN,3,134.0,8,16,True,True,False,Memar Əcəmi,Bakı,2156.72
6455124,216000,AZN,3,80.0,5,14,True,True,False,Biləcəri,Bakı,2700.0
6486197,205000,AZN,2,53.0,14,20,True,False,False,20 Yanvar,Bakı,3867.92
5516597,557878,AZN,4,210.5,6,17,False,True,True,Koroğlu,Bakı,2650.25
6439536,249000,AZN,2,53.0,9,16,True,False,False,Nəriman Nərimanov,Bakı,4698.11
6439854,171000,AZN,2,50.0,14,20,True,False,False,20 Yanvar,Bakı,3420.0
6469532,208000,AZN,2,50.0,15,16,True,False,False,Yasamal,Bakı,4160.0
5519918,197315,AZN,1,58.9,14,17,False,True,True,Koroğlu,Bakı,3350.0
6404200,339000,AZN,3,110.0,3,19,True,False,False,Xətai,Bakı,3081.82
6479626,250000,AZN,3,80.0,2,7,True,False,False,Nizami,Bakı,3125.0
6328577,555000,AZN,3,108.0,3,7,True,False,False,Ağ şəhər,Bakı,5138.89
6479816,435000,AZN,3,106.0,16,18,True,True,False,Bakmil,Bakı,4103.77
6490882,165000,AZN,2,48.0,4,5,True,True,False,20 Yanvar,Bakı,3437.5
6395744,235000,AZN,2,80.0,16,18,True,True,False,Azadlıq Prospekti,Bakı,2937.5
6493070,265000,AZN,3,112.0,15,16,True,False,False,Bakıxanov,Bakı,2366.07
5597148,400000,AZN,4,160.0,7,16,True,True,False,Şah İsmayıl Xətai,Bakı,2500.0
6463849,380000,AZN,3,160.0,3,17,True,True,True,Şah İsmayıl Xətai,Bakı,2375.0
5720273,495000,AZN,4,187.0,18,20,False,True,False,Elmlər Akademiyası,Bakı,2647.06
6365032,355000,AZN,3,135.0,12,18,True,True,False,Nərimanov,Bakı,2629.63
6361205,224000,AZN,2,65.0,6,20,False,False,False,Şah İsmayıl Xətai,Bakı,3446.15
6454658,225000,AZN,3,98.0,11,17,True,False,False,Həzi Aslanov,Bakı,2295.92
6488267,188000,AZN,3,85.0,9,9,True,True,True,Həzi Aslanov,Bakı,2211.76
6441717,455000,AZN,3,147.0,5,27,True,False,False,8 Noyabr,Bakı,3095.24
6289931,175000,AZN,3,90.0,9,9,True,False,False,Xətai,Bakı,1944.44
6264233,135900,AZN,2,72.0,5,9,True,False,False,Yeni Günəşli,Bakı,1887.5
6480948,330876,AZN,3,127.0,3,12,False,True,False,Şah İsmayıl Xətai,Bakı,2605.32
6473549,190000,AZN,3,75.0,3,18,True,False,False,Nəsimi,Bakı,2533.33
6456434,555000,AZN,4,130.0,10,18,True,False,False,Nəriman Nərimanov,Bakı,4269.23
6467855,110900,AZN,2,44.0,11,15,True,False,False,Yeni Günəşli,Bakı,2520.45
6480585,595000,AZN,4,220.0,11,13,True,True,True,Nəsimi,Bakı,2704.55
6216837,428782,AZN,3,145.0,14,17,False,True,True,Koroğlu,Bakı,2957.12
6493160,210000,AZN,2,76.7,15,16,False,False,False,Qara Qarayev,Bakı,2737.94
6454132,172000,AZN,3,80.0,4,9,True,False,False,Həzi Aslanov,Bakı,2150.0
6416018,245000,AZN,4,110.0,8,9,True,False,False,8-ci kilometr,Bakı,2227.27
6382743,99999,AZN,3,76.0,1,5,True,False,False,Hövsan,Bakı,1315.78
6051201,250000,AZN,3,100.0,7,11,True,False,False,Xalqlar Dostluğu,Bakı,2500.0
6174312,134900,AZN,2,65.0,8,15,True,False,False,Abşeron,Xırdalan,2075.38
6493157,143000,AZN,3,48.0,3,5,True,False,False,Həzi Aslanov,Bakı,2979.17
6240370,137500,AZN,2,68.0,5,10,True,False,False,Massiv D,Bakı,2022.06
6452196,279000,AZN,2,80.0,5,9,True,False,False,8 Noyabr,Bakı,3487.5
5919639,540000,AZN,4,186.0,8,16,True,False,False,Elmlər Akademiyası,Bakı,2903.23
6451784,239000,AZN,2,84.0,6,17,True,False,False,Həzi Aslanov,Bakı,2845.24
6308119,632000,AZN,3,146.8,3,8,False,True,False,Ağ şəhər,Bakı,4305.18
6222065,205000,AZN,3,90.0,8,9,True,False,False,Yeni Yasamal,Bakı,2277.78
6149176,146400,AZN,3,107.0,9,9,True,False,False,Yeni Günəşli,Bakı,1368.22
6493044,150000,AZN,2,53.0,3,19,True,False,False,Əhmədli,Bakı,2830.19
6148617,259000,AZN,3,70.0,3,5,True,False,False,Elmlər Akademiyası,Bakı,3700.0
6243847,250000,AZN,2,59.0,5,16,True,False,False,Nəriman Nərimanov,Bakı,4237.29
6493155,215000,AZN,3,90.0,6,9,True,False,False,Nəsimi,Bakı,2388.89
6104587,620000,AZN,4,102.0,2,3,True,True,False,Səbail,Bakı,6078.43
6493156,272000,AZN,2,57.0,3,4,True,False,False,Sabunçu,Bakı,4771.93
6481749,250000,AZN,3,85.0,2,9,True,True,False,Xalqlar Dostluğu,Bakı,2941.18
6412401,189000,AZN,2,60.0,3,5,True,False,False,Əhmədli,Bakı,3150.0
6478931,128000,AZN,3,70.0,1,9,True,False,False,Massiv D,Bakı,1828.57
6379036,720000,AZN,5,260.0,13,17,True,False,False,Şah İsmayıl Xətai,Bakı,2769.23
6223416,224900,AZN,3,125.0,5,11,True,False,False,Abşeron,Xırdalan,1799.2
6467870,153000,AZN,2,55.0,3,5,True,False,False,Memar Əcəmi,Bakı,2781.82
6493079,184000,AZN,2,60.0,2,9,True,False,False,Həzi Aslanov,Bakı,3066.67
6474399,288000,AZN,2,66.0,6,17,True,False,False,Nəriman Nərimanov,Bakı,4363.64
6434982,375000,AZN,3,136.0,10,17,True,False,False,Nəsimi,Bakı,2757.35
6467851,183500,AZN,2,60.0,9,18,True,False,False,Memar Əcəmi,Bakı,3058.33
6409325,204000,AZN,2,82.0,10,18,False,True,False,Əhmədli,Bakı,2487.8
6451485,155000,AZN,2,55.0,10,18,True,False,False,Həzi Aslanov,Bakı,2818.18
6398968,118000,AZN,3,52.0,8,12,True,False,False,Abşeron,Xırdalan,2269.23
6486499,185000,AZN,2,48.0,4,4,True,False,False,Gənclik,Bakı,3854.17
6493053,175000,AZN,3,60.0,8,9,True,False,False,Həzi Aslanov,Bakı,2916.67
6213147,578930,AZN,4,210.0,13,17,False,True,True,Koroğlu,Bakı,2756.81
6420452,508000,AZN,4,205.0,8,16,True,False,False,28 May,Bakı,2478.05
6079464,142000,AZN,2,50.0,4,5,True,False,False,Memar Əcəmi,Bakı,2840.0
5925279,190000,AZN,3,70.0,1,3,True,False,False,Nəsimi,Bakı,2714.29
4851534,410000,AZN,3,148.0,17,27,True,False,False,8 Noyabr,Bakı,2770.27
5657189,229322,AZN,1,52.9,3,4,False,True,True,Nardaran,Bakı,4335.01
6435085,157000,AZN,2,45.0,2,5,True,True,False,Elmlər Akademiyası,Bakı,3488.89
5311095,355000,AZN,3,120.0,12,20,True,False,False,Nəsimi,Bakı,2958.33
6410048,245000,AZN,2,65.0,12,17,True,False,False,Nizami,Bakı,3769.23
6493152,180000,AZN,2,78.0,13,17,True,False,False,İnşaatçılar,Bakı,2307.69
6436911,229731,AZN,1,39.1,3,28,True,True,True,Nardaran,Bakı,5875.47
6209573,439000,AZN,3,135.0,12,16,True,False,False,Nəsimi,Bakı,3251.85
6403414,380000,AZN,3,135.0,2,18,True,False,False,Elmlər Akademiyası,Bakı,2814.81
6493150,380000,AZN,3,101.0,6,9,True,False,False,Nəriman Nərimanov,Bakı,3762.38
6468989,460000,AZN,3,132.0,10,16,False,False,False,28 May,Bakı,3484.85
6319813,595000,AZN,4,165.0,12,18,True,True,False,Şah İsmayıl Xətai,Bakı,3606.06
5517040,406980,AZN,3,145.3,4,17,False,True,True,Koroğlu,Bakı,2800.96
6471621,800000,AZN,4,195.0,6,16,True,True,False,28 May,Bakı,4102.56
6443686,146000,AZN,2,40.0,4,5,True,False,False,Nəriman Nərimanov,Bakı,3650.0
4387445,656180,AZN,4,187.48,14,16,False,True,True,28 May,Bakı,3500.0
4387394,381045,AZN,3,108.87,13,16,False,True,True,28 May,Bakı,3500.0
4387430,472150,AZN,3,134.9,13,16,False,True,True,28 May,Bakı,3500.0
4984526,388480,AZN,3,121.4,14,18,False,True,True,28 May,Bakı,3200.0
5730631,521400,AZN,3,173.8,5,17,False,True,True,28 May,Bakı,3000.0
5880278,708000,AZN,4,236.0,7,16,False,True,True,28 May,Bakı,3000.0
6440836,105000,AZN,2,68.0,3,7,True,False,False,Masazır,Bakı,1544.12
6466029,117000,AZN,3,67.0,5,12,True,False,False,Masazır,Bakı,1746.27
5811971,360000,AZN,4,134.0,4,16,True,False,False,Qara Qarayev,Bakı,2686.57
6493147,168000,AZN,2,55.0,4,4,True,False,False,Nərimanov,Bakı,3054.55
6212855,568404,AZN,4,210.0,9,17,False,True,True,Koroğlu,Bakı,2706.69
6257074,171000,AZN,2,60.0,3,5,True,False,False,Nəriman Nərimanov,Bakı,2850.0
6393662,117000,AZN,2,55.0,3,16,False,True,False,Zığ,Bakı,2127.27
6409867,335000,AZN,2,72.0,14,22,True,True,False,Şah İsmayıl Xətai,Bakı,4652.78
6493146,370000,AZN,3,115.0,9,12,False,False,False,Nəsimi,Bakı,3217.39
5989983,395000,AZN,3,160.0,5,18,True,False,False,Nəriman Nərimanov,Bakı,2468.75
6212874,578930,AZN,4,210.0,10,17,False,True,True,Koroğlu,Bakı,2756.81
6375388,308000,AZN,3,102.0,15,18,True,False,False,Səbail,Bakı,3019.61
6404461,320000,AZN,2,109.0,14,27,False,False,False,8 Noyabr,Bakı,2935.78
6429653,236000,AZN,3,90.0,3,5,True,False,False,Nəriman Nərimanov,Bakı,2622.22
6493145,218000,AZN,3,90.0,10,16,True,False,False,Xətai,Bakı,2422.22
6141116,580000,AZN,3,165.0,9,16,True,True,False,28 May,Bakı,3515.15
6301898,233000,AZN,2,65.0,7,9,True,False,False,Nərimanov,Bakı,3584.62
6480283,595000,AZN,4,220.0,11,13,True,True,False,Gənclik,Bakı,2704.55
6400677,287000,AZN,2,106.0,6,17,False,True,False,Qara Qarayev,Bakı,2707.55
6407700,360000,AZN,3,110.0,14,16,True,False,False,İnşaatçılar,Bakı,3272.73
6234346,295000,AZN,3,105.0,5,6,True,True,False,Sahil,Bakı,2809.52
6493143,218000,AZN,3,90.0,10,16,True,False,False,Xətai,Bakı,2422.22
6398731,365000,AZN,3,130.0,13,17,True,False,False,Elmlər Akademiyası,Bakı,2807.69
6425529,162000,AZN,2,60.0,16,18,True,True,True,Memar Əcəmi,Bakı,2700.0
6467966,155000,AZN,2,55.0,5,6,True,False,False,Gənclik,Bakı,2818.18
5589000,585000,AZN,3,154.0,8,16,False,False,False,Nizami,Bakı,3798.7
6325857,163000,AZN,3,60.0,3,4,True,False,False,Gənclik,Bakı,2716.67
6493139,101000,AZN,2,42.0,5,9,True,False,False,Hövsan,Bakı,2404.76
5724754,205264,AZN,1,47.4,1,13,True,True,True,Nardaran,Bakı,4330.46
6493141,390000,AZN,2,90.0,8,16,True,False,False,Şah İsmayıl Xətai,Bakı,4333.33
6123720,226000,AZN,3,70.0,4,9,True,False,False,Gənclik,Bakı,3228.57
6326582,172000,AZN,2,50.0,4,5,True,False,False,İnşaatçılar,Bakı,3440.0
6257321,400000,AZN,3,107.0,22,24,True,False,False,Şah İsmayıl Xətai,Bakı,3738.32
6326117,187000,AZN,2,50.0,5,5,True,False,False,Elmlər Akademiyası,Bakı,3740.0
6423492,285000,AZN,3,100.0,2,6,True,False,False,Nizami,Bakı,2850.0
6234031,354984,AZN,3,127.0,4,17,False,True,True,Koroğlu,Bakı,2795.15
6432068,50000,AZN,2,46.0,7,7,True,False,False,Abşeron,Xırdalan,1086.96
6468108,217000,AZN,2,60.0,5,9,True,False,False,Gənclik,Bakı,3616.67
6313255,218000,AZN,2,57.0,14,15,True,False,False,Nərimanov,Bakı,3824.56
4360693,331040,AZN,3,103.45,11,14,False,True,True,Nərimanov,Bakı,3200.0
3740516,331040,AZN,2,103.45,10,14,False,True,True,Nərimanov,Bakı,3200.0
3740353,379254,AZN,3,122.34,6,14,False,True,True,Nərimanov,Bakı,3100.0
4207198,261361,AZN,2,84.31,7,14,False,True,True,Nərimanov,Bakı,3100.0
4360738,379254,AZN,4,122.34,7,14,False,True,True,Nəriman Nərimanov,Bakı,3100.0
3740381,661440,AZN,5,206.65,12,14,False,True,True,Nərimanov,Bakı,3200.77
3740327,282596,AZN,2,91.16,7,14,False,True,True,Nərimanov,Bakı,3100.0
3740372,397760,AZN,3,124.3,12,15,False,True,True,Nərimanov,Bakı,3200.0
6477935,598000,AZN,4,290.0,17,17,True,True,True,İnşaatçılar,Bakı,2062.07
6493135,118000,AZN,2,56.0,1,7,True,False,False,Hövsan,Bakı,2107.14
6398909,449000,AZN,4,140.0,14,17,True,True,False,Qara Qarayev,Bakı,3207.14
6409936,520000,AZN,3,158.0,14,18,True,False,False,Elmlər Akademiyası,Bakı,3291.14
6466472,167000,AZN,2,60.0,4,5,True,False,False,Nəriman Nərimanov,Bakı,2783.33
6472784,325000,AZN,3,110.0,11,14,False,False,False,Azadlıq Prospekti,Bakı,2954.55
6139670,428782,AZN,3,145.3,15,17,False,True,True,Koroğlu,Bakı,2951.01
6035015,210000,AZN,2,70.0,6,9,True,False,False,Gənclik,Bakı,3000.0
6443154,288000,AZN,3,110.0,7,20,True,False,False,Həzi Aslanov,Bakı,2618.18
6493132,280000,AZN,3,125.0,4,14,True,False,False,Bakıxanov,Bakı,2240.0
6453388,190000,AZN,3,80.0,2,5,True,False,False,Elmlər Akademiyası,Bakı,2375.0
6311426,175000,AZN,2,60.0,8,9,True,False,False,Həzi Aslanov,Bakı,2916.67
6306587,300000,AZN,2,101.6,15,17,False,True,False,28 May,Bakı,2952.76
6493127,210000,AZN,2,58.3,13,17,True,False,False,Yeni Yasamal,Bakı,3602.06
6429648,184000,AZN,2,65.0,2,9,True,False,False,Həzi Aslanov,Bakı,2830.77
6177693,245000,AZN,3,80.0,9,16,True,False,False,20 Yanvar,Bakı,3062.5
6403940,370000,AZN,2,65.0,16,20,True,True,False,Ağ şəhər,Bakı,5692.31
6355763,78500,AZN,2,45.0,2,5,True,False,False,Abşeron,Xırdalan,1744.44
6479990,275000,AZN,3,90.0,10,19,True,False,False,Həzi Aslanov,Bakı,3055.56
6478579,467000,AZN,2,92.0,8,18,True,False,False,Elmlər Akademiyası,Bakı,5076.09
6165024,155000,AZN,3,75.0,1,9,True,False,False,Həzi Aslanov,Bakı,2066.67
6422849,600000,AZN,3,157.0,18,20,False,True,False,Ağ şəhər,Bakı,3821.66
5994687,85500,AZN,3,71.0,5,5,True,True,False,Abşeron,Xırdalan,1204.23
6493122,418000,AZN,3,107.0,9,27,True,False,False,8 Noyabr,Bakı,3906.54
6459009,165000,AZN,2,54.0,3,20,True,False,False,Həzi Aslanov,Bakı,3055.56
6469898,210000,AZN,2,58.0,10,15,True,False,False,İnşaatçılar,Bakı,3620.69
6487424,235000,AZN,3,70.0,6,9,True,False,False,Gənclik,Bakı,3357.14
6487324,390000,AZN,2,75.0,2,7,True,True,False,Ağ şəhər,Bakı,5200.0
6324883,408600,AZN,3,136.2,7,17,False,False,False,Şah İsmayıl Xətai,Bakı,3000.0
6493121,270000,AZN,2,86.0,9,19,True,False,False,Nəriman Nərimanov,Bakı,3139.53
6465527,135500,AZN,3,75.0,8,9,True,True,False,Hövsan,Bakı,1806.67
6476011,165000,AZN,1,45.0,5,10,True,True,True,Gənclik,Bakı,3666.67
6474419,267000,AZN,3,88.0,4,9,True,False,False,İçəri Şəhər,Bakı,3034.09
6226680,200000,AZN,2,65.0,19,20,False,True,False,Şah İsmayıl Xətai,Bakı,3076.92
6212827,568404,AZN,4,210.0,8,17,False,True,True,Koroğlu,Bakı,2706.69
5321923,207000,AZN,3,75.0,9,9,True,True,True,Elmlər Akademiyası,Bakı,2760.0
6219782,220000,AZN,2,57.0,3,9,True,True,False,Gənclik,Bakı,3859.65
6184705,129000,AZN,3,85.0,5,11,True,False,False,Masazır,Bakı,1517.65
6443390,225000,AZN,3,75.0,3,19,True,False,False,Nəriman Nərimanov,Bakı,3000.0
6493119,201000,AZN,1,58.0,5,14,True,False,False,Elmlər Akademiyası,Bakı,3465.52
6387416,166000,AZN,2,64.0,3,5,True,False,False,Elmlər Akademiyası,Bakı,2593.75
6425709,182000,AZN,3,85.0,3,9,True,False,False,Əhmədli,Bakı,2141.18
6473991,148000,AZN,2,60.0,2,5,True,False,False,20 Yanvar,Bakı,2466.67
6493116,170000,AZN,3,81.0,12,16,True,False,False,Abşeron,Xırdalan,2098.77
6164778,78000,AZN,2,44.0,3,6,True,False,False,Masazır,Bakı,1772.73
5443920,308448,AZN,2,100.8,6,14,False,True,True,Sea Breeze,Bakı,3060.0
6472084,289000,AZN,3,160.0,5,15,True,False,False,Yasamal,Bakı,1806.25
6462450,85500,AZN,2,53.0,4,6,True,False,False,Abşeron,Xırdalan,1613.21
6478467,297000,AZN,3,115.0,15,17,True,False,False,Neftçilər,Bakı,2582.61
6481073,234500,AZN,2,75.0,6,9,True,False,False,Yasamal,Bakı,3126.67
6298714,145000,AZN,2,60.0,4,5,False,False,False,Elmlər Akademiyası,Bakı,2416.67
6405063,530000,AZN,4,170.0,4,14,True,False,False,28 May,Bakı,3117.65
6483284,197000,AZN,2,58.0,12,18,True,False,False,20 Yanvar,Bakı,3396.55
6257333,750000,AZN,3,165.0,18,20,True,False,False,Şah İsmayıl Xətai,Bakı,4545.45
6321457,425000,AZN,3,140.0,13,17,True,False,False,Nəsimi,Bakı,3035.71
6451497,344640,AZN,3,107.7,9,14,False,True,True,Azadlıq Prospekti,Bakı,3200.0
6404525,94000,AZN,2,70.0,7,11,True,False,False,Abşeron,Xırdalan,1342.86
6398944,289000,AZN,3,88.0,12,16,True,True,True,Həzi Aslanov,Bakı,3284.09
6482353,85000,AZN,2,50.0,1,5,True,False,False,Masazır,Bakı,1700.0
6404325,755000,AZN,4,185.0,5,20,True,False,False,Elmlər Akademiyası,Bakı,4081.08
6493111,270000,AZN,3,80.0,3,5,True,False,False,Elmlər Akademiyası,Bakı,3375.0
6467899,328000,AZN,2,65.0,5,18,True,False,False,Elmlər Akademiyası,Bakı,5046.15
5448314,999000,AZN,5,185.0,6,7,False,True,False,Ağ şəhər,Bakı,5400.0
6479126,264000,AZN,5,120.0,4,9,True,False,False,Xalqlar Dostluğu,Bakı,2200.0
6493112,185000,AZN,2,80.0,4,5,True,False,False,Nəsimi,Bakı,2312.5
6049090,205000,AZN,1,54.0,1,5,False,True,True,Sea Breeze,Bakı,3796.3
6416563,165000,AZN,2,58.0,6,6,True,False,False,Nizami,Bakı,2844.83
6439317,134500,AZN,1,58.2,2,9,False,True,False,Nardaran,Bakı,2311.0
6433348,260000,AZN,2,90.0,16,17,True,True,True,Xətai,Bakı,2888.89
6478716,395000,AZN,3,90.0,7,16,True,False,False,Nərimanov,Bakı,4388.89
6040853,215000,AZN,3,90.0,8,18,True,True,False,Həzi Aslanov,Bakı,2388.89
6307191,140000,AZN,2,35.0,5,5,True,False,False,28 May,Bakı,4000.0
6493108,210000,AZN,3,80.0,6,12,True,False,False,Elmlər Akademiyası,Bakı,2625.0
6208739,165000,AZN,2,60.0,2,2,True,False,False,28 May,Bakı,2750.0
6485538,555000,AZN,3,110.0,3,7,True,True,False,Ağ şəhər,Bakı,5045.45
6368530,169000,AZN,3,90.0,4,7,True,False,False,8-ci kilometr,Bakı,1877.78
6493106,248000,AZN,3,75.0,12,20,True,False,False,20 Yanvar,Bakı,3306.67
6463756,188000,AZN,2,65.0,15,17,True,False,False,Azadlıq Prospekti,Bakı,2892.31
6369420,132000,AZN,2,45.0,5,5,True,False,False,28 May,Bakı,2933.33
5443739,290955,AZN,2,81.5,9,24,False,True,True,Sea Breeze,Bakı,3570.0
6478503,195000,AZN,3,115.0,12,16,False,False,False,Yeni Günəşli,Bakı,1695.65
6444787,110000,AZN,2,40.0,3,5,True,False,False,Dərnəgül,Bakı,2750.0
6493101,575000,AZN,4,164.0,11,17,True,False,False,Gənclik,Bakı,3506.1
6397720,165000,AZN,2,50.0,6,10,True,False,False,Gənclik,Bakı,3300.0
6441767,380000,AZN,3,150.0,17,20,True,False,False,Azadlıq Prospekti,Bakı,2533.33
6210228,180000,AZN,4,120.0,1,6,True,False,False,Masazır,Bakı,1500.0
6417516,429000,AZN,3,110.0,16,20,True,True,True,Nəriman Nərimanov,Bakı,3900.0
6408970,480000,AZN,3,167.0,12,22,True,False,False,28 May,Bakı,2874.25
6486765,212000,AZN,2,98.0,7,16,True,False,False,Nəsimi,Bakı,2163.27
5449001,860000,AZN,5,325.0,16,17,False,False,False,Nəriman Nərimanov,Bakı,2646.15
6493098,136000,AZN,2,40.0,5,5,True,False,False,Xalqlar Dostluğu,Bakı,3400.0
6467466,275000,AZN,3,113.0,8,14,True,False,False,Avtovağzal,Bakı,2433.63
6344552,175000,AZN,2,60.0,2,4,True,False,False,Nərimanov,Bakı,2916.67
6114806,640000,AZN,4,128.0,11,20,True,False,False,Şah İsmayıl Xətai,Bakı,5000.0
6455298,589000,AZN,4,205.0,13,22,True,False,False,Nizami,Bakı,2873.17
6396568,530000,AZN,4,148.0,4,16,True,False,False,Nəriman Nərimanov,Bakı,3581.08
6410432,205000,AZN,3,75.0,5,9,True,False,False,Xalqlar Dostluğu,Bakı,2733.33
6392449,285000,AZN,2,76.0,15,17,False,False,False,Elmlər Akademiyası,Bakı,3750.0
6493096,369000,AZN,3,125.0,9,15,True,False,False,Nəriman Nərimanov,Bakı,2952.0
6262374,83000,AZN,2,52.0,2,4,True,False,False,Masazır,Bakı,1596.15
6481008,219000,AZN,3,96.0,10,17,True,True,True,Həzi Aslanov,Bakı,2281.25
6493097,289000,AZN,2,70.0,18,20,True,False,False,Nəsimi,Bakı,4128.57
6409010,377000,AZN,2,63.0,12,20,True,False,False,Ağ şəhər,Bakı,5984.13
6194816,210000,AZN,2,92.0,7,20,False,False,False,Həzi Aslanov,Bakı,2282.61
6493094,229500,AZN,3,178.0,7,15,True,False,False,Bakıxanov,Bakı,1289.33
6470034,153000,AZN,2,70.0,9,9,True,False,False,Azadlıq Prospekti,Bakı,2185.71
5870393,295200,AZN,2,72.0,9,16,False,True,False,Nizami,Bakı,4100.0
6493091,380000,AZN,3,160.0,3,17,True,False,False,Şah İsmayıl Xətai,Bakı,2375.0
6464564,1190000,AZN,4,207.0,6,21,True,True,False,Nəsimi,Bakı,5748.79
6430892,168000,AZN,2,45.0,2,6,True,True,False,Şıxov,Bakı,3733.33
6267006,375000,AZN,2,68.0,10,20,True,True,True,Şah İsmayıl Xətai,Bakı,5514.71
6458235,317000,AZN,3,130.0,11,18,True,True,True,İnşaatçılar,Bakı,2438.46
6465301,85000,AZN,2,57.0,5,6,True,False,False,Masazır,Bakı,1491.23
6407502,140000,AZN,1,30.0,2,5,True,False,False,Şah İsmayıl Xətai,Bakı,4666.67
6329886,690000,AZN,4,191.0,14,15,False,False,False,Nizami,Bakı,3612.57
6387378,300000,AZN,2,117.0,4,11,True,False,False,28 May,Bakı,2564.1
6493087,380000,AZN,3,75.0,4,5,True,False,False,İçəri Şəhər,Bakı,5066.67
6409129,1700000,AZN,6,396.0,7,20,True,False,False,Nizami,Bakı,4292.93
6140696,153000,AZN,2,55.0,5,5,True,False,False,Bakıxanov,Bakı,2781.82
5866788,112000,AZN,1,40.0,5,5,True,False,False,Bakıxanov,Bakı,2800.0
6492997,252000,AZN,2,100.7,13,16,True,False,False,Yasamal,Bakı,2502.48
6493086,218000,AZN,3,90.0,10,16,True,False,False,Həzi Aslanov,Bakı,2422.22
6311700,150000,AZN,2,40.0,3,5,True,False,False,Nəriman Nərimanov,Bakı,3750.0
6436491,450000,AZN,4,200.0,8,17,True,False,False,Azadlıq Prospekti,Bakı,2250.0
6461805,779000,AZN,4,231.0,9,15,False,False,False,28 May,Bakı,3372.29
6436474,200000,AZN,3,90.0,9,9,True,False,False,Nəsimi,Bakı,2222.22
6408929,420000,AZN,4,170.7,11,16,True,False,False,20 Yanvar,Bakı,2460.46
6493043,310000,AZN,3,92.0,5,17,False,False,False,Gənclik,Bakı,3369.57
6474297,280000,AZN,2,95.0,13,16,False,False,False,Nəsimi,Bakı,2947.37
6286487,130000,AZN,3,86.0,3,6,True,False,False,Masazır,Bakı,1511.63
6421178,150000,AZN,3,106.0,1,3,True,False,False,Həzi Aslanov,Bakı,1415.09
6384483,120000,AZN,2,50.0,1,9,True,False,False,Həzi Aslanov,Bakı,2400.0
6493020,290000,AZN,3,69.0,16,18,True,False,False,Bakmil,Bakı,4202.9
5516616,259080,AZN,1,50.8,3,9,False,True,True,Sea Breeze,Bakı,5100.0
6416848,284000,AZN,3,137.0,20,22,False,False,False,Bakıxanov,Bakı,2072.99
6432124,255000,AZN,3,104.0,3,16,True,False,False,İnşaatçılar,Bakı,2451.92
6486518,136000,AZN,2,51.0,9,17,True,False,False,Yeni Günəşli,Bakı,2666.67
6493081,265000,AZN,3,85.0,8,9,True,False,False,İnşaatçılar,Bakı,3117.65
6493078,325000,AZN,3,126.0,7,17,False,False,False,Koroğlu,Bakı,2579.37
6400768,365000,AZN,4,115.0,3,12,True,False,False,Xalqlar Dostluğu,Bakı,3173.91
6289892,330000,AZN,2,67.0,11,20,True,True,False,Şah İsmayıl Xətai,Bakı,4925.37
6150628,239000,AZN,3,124.0,6,16,True,False,False,Həzi Aslanov,Bakı,1927.42
6493074,469000,AZN,3,132.0,7,14,True,False,False,Nizami,Bakı,3553.03
6250524,529000,AZN,3,120.0,2,7,True,True,False,Şah İsmayıl Xətai,Bakı,4408.33
5135811,235000,AZN,3,83.0,13,16,True,False,False,Həzi Aslanov,Bakı,2831.33
6355103,820000,AZN,5,267.0,9,15,False,False,False,Nizami,Bakı,3071.16
6443391,99000,AZN,2,83.2,9,16,False,False,False,Lökbatan,Bakı,1189.9
6493073,190000,AZN,3,65.0,4,5,True,False,False,Neftçilər,Bakı,2923.08
6493072,148000,AZN,2,65.0,9,9,True,False,False,Əhmədli,Bakı,2276.92
6483063,123000,AZN,2,30.0,4,5,True,True,True,Memar Əcəmi,Bakı,4100.0
6449777,161690,AZN,3,87.4,2,9,False,True,False,Biləcəri,Bakı,1850.0
6376079,310000,AZN,2,100.0,18,20,True,True,False,Nizami,Bakı,3100.0
6473067,175000,AZN,3,75.0,8,9,True,False,False,Yeni Günəşli,Bakı,2333.33
6260582,280000,AZN,3,135.0,12,13,False,False,False,Əhmədli,Bakı,2074.07
6238702,160000,AZN,2,55.0,2,9,True,False,False,Həzi Aslanov,Bakı,2909.09
6237124,225000,AZN,2,80.0,12,13,True,False,False,Əhmədli,Bakı,2812.5
5681033,450000,AZN,4,140.0,7,17,True,False,False,Qara Qarayev,Bakı,3214.29
6445677,259000,AZN,2,90.0,13,17,False,False,False,Qara Qarayev,Bakı,2877.78
6425800,125000,AZN,3,66.0,2,5,True,True,False,Biləcəri,Bakı,1893.94
6461199,165000,AZN,2,61.0,15,17,True,False,False,Yeni Günəşli,Bakı,2704.92
6307548,345000,AZN,3,125.0,13,17,True,False,False,Qara Qarayev,Bakı,2760.0
6489342,136000,AZN,2,33.0,3,5,True,False,False,Elmlər Akademiyası,Bakı,4121.21
6487093,178000,AZN,2,53.0,6,7,True,False,False,Qara Qarayev,Bakı,3358.49
6484753,129000,AZN,2,56.0,7,14,False,True,False,Qaraçuxur,Bakı,2303.57
6361666,388000,AZN,3,172.6,13,17,False,False,False,Koroğlu,Bakı,2247.97
6454703,215000,AZN,3,70.0,2,5,True,True,False,Qara Qarayev,Bakı,3071.43
5320315,290000,AZN,3,158.0,3,6,True,False,False,Şıxov,Bakı,1835.44
6192087,165000,AZN,3,70.0,3,17,True,False,False,Yeni Günəşli,Bakı,2357.14
6452043,235000,AZN,3,70.0,4,5,True,False,False,İnşaatçılar,Bakı,3357.14
5819019,85000,AZN,3,75.0,9,9,True,True,False,Masazır,Bakı,1133.33
6429622,250000,AZN,3,80.0,4,5,True,True,False,Qara Qarayev,Bakı,3125.0
6205093,275000,AZN,3,100.0,16,16,True,False,False,Nəriman Nərimanov,Bakı,2750.0
6486861,136600,AZN,2,42.0,1,5,True,False,False,Memar Əcəmi,Bakı,3252.38
6464734,185000,AZN,2,56.0,6,16,True,True,False,Qara Qarayev,Bakı,3303.57
6468862,215000,AZN,2,71.0,10,17,True,True,False,Qara Qarayev,Bakı,3028.17
6396917,132000,AZN,2,68.0,7,11,True,True,False,Yeni Günəşli,Bakı,1941.18
6493058,369999,AZN,3,105.0,9,16,True,False,False,Nəsimi,Bakı,3523.8
6237861,138500,AZN,2,55.0,7,9,True,False,False,Yeni Günəşli,Bakı,2518.18
6480974,142000,AZN,2,58.0,3,5,True,False,False,Memar Əcəmi,Bakı,2448.28
5514453,639520,AZN,2,129.8,5,5,False,True,True,Sea Breeze,Bakı,4926.96
6488238,117000,AZN,1,35.0,5,5,True,False,False,İnşaatçılar,Bakı,3342.86
6493056,165000,AZN,1,79.0,4,17,True,False,False,Əhmədli,Bakı,2088.61
6455579,290000,AZN,4,120.0,1,3,True,True,True,Buzovna,Bakı,2416.67
6355153,555000,AZN,4,130.0,10,17,True,False,False,Nəriman Nərimanov,Bakı,4269.23
6403258,175000,AZN,4,100.0,6,9,True,True,False,Köhnə Günəşli,Bakı,1750.0
6440404,187000,AZN,2,66.0,5,9,True,False,False,Yasamal,Bakı,2833.33
5761111,128000,AZN,3,61.0,5,5,True,True,False,Biləcəri,Bakı,2098.36
6438162,138500,AZN,2,60.0,7,10,True,False,False,Yeni Günəşli,Bakı,2308.33
6110699,199900,AZN,3,114.0,3,9,False,False,False,Binəqədi,Bakı,1753.51
6475106,72000,AZN,2,40.0,5,7,True,False,False,Yeni Günəşli,Bakı,1800.0
6493048,235000,AZN,2,59.0,13,17,True,False,False,Azadlıq Prospekti,Bakı,3983.05
6386893,178000,AZN,3,76.0,2,11,True,False,False,Yeni Günəşli,Bakı,2342.11
6493046,169000,AZN,3,85.0,9,9,True,False,False,Xətai,Bakı,1988.24
5717428,344640,AZN,3,107.7,8,14,False,True,True,Azadlıq Prospekti,Bakı,3200.0
6147822,333870,AZN,3,107.7,5,13,False,True,True,Azadlıq Prospekti,Bakı,3100.0
6263086,240000,AZN,2,79.0,15,17,True,False,False,Bayıl,Bakı,3037.97
6148461,341000,AZN,3,110.0,3,13,False,True,True,Azadlıq Prospekti,Bakı,3100.0
6479168,155000,AZN,2,63.0,9,9,True,False,False,Yasamal,Bakı,2460.32
6202455,341000,AZN,3,110.0,6,14,False,True,True,Azadlıq Prospekti,Bakı,3100.0
6409163,375000,AZN,2,105.0,4,16,True,False,False,28 May,Bakı,3571.43
6369900,159900,AZN,3,86.0,13,16,True,False,False,Abşeron,Xırdalan,1859.3
6426070,540000,AZN,3,159.0,12,16,True,True,True,8 Noyabr,Bakı,3396.23
6460614,146000,AZN,3,80.0,9,9,True,False,False,Həzi Aslanov,Bakı,1825.0
6474539,180000,AZN,2,65.0,6,17,True,False,False,Memar Əcəmi,Bakı,2769.23
6448959,275000,AZN,3,85.0,2,5,True,False,False,Yasamal,Bakı,3235.29
6404027,194000,AZN,2,58.0,7,20,True,True,False,20 Yanvar,Bakı,3344.83
6493031,235000,AZN,3,63.0,3,16,True,True,False,Nəsimi,Bakı,3730.16
6493039,660000,AZN,5,225.0,7,16,True,False,False,28 May,Bakı,2933.33
6284568,440000,AZN,3,135.0,3,10,True,False,False,Elmlər Akademiyası,Bakı,3259.26
6224198,218000,AZN,2,79.0,2,17,True,False,False,Qara Qarayev,Bakı,2759.49
6440878,97000,AZN,2,60.0,4,5,True,True,False,Həzi Aslanov,Bakı,1616.67
6414561,378000,AZN,3,93.0,13,19,True,False,False,Şah İsmayıl Xətai,Bakı,4064.52
6492258,268000,AZN,2,90.0,16,17,True,True,False,Həzi Aslanov,Bakı,2977.78
6165556,820000,AZN,6,323.0,15,17,False,False,False,Nəriman Nərimanov,Bakı,2538.7
6493032,350000,AZN,3,125.0,6,7,True,False,False,Badamdar,Bakı,2800.0
6473861,235000,AZN,3,65.0,4,5,True,False,False,Yasamal,Bakı,3615.38
6165063,375000,AZN,3,100.0,2,18,True,False,False,28 May,Bakı,3750.0
6415063,235000,AZN,3,80.0,7,9,True,False,False,Gənclik,Bakı,2937.5
5987017,460000,AZN,3,91.0,15,20,True,False,False,Şah İsmayıl Xətai,Bakı,5054.95
6361418,237000,AZN,3,90.0,7,9,True,True,False,Nəsimi,Bakı,2633.33
6493030,135900,AZN,1,36.0,11,16,False,False,False,Qara Qarayev,Bakı,3775.0
6390291,495000,AZN,4,185.0,6,12,False,False,False,Elmlər Akademiyası,Bakı,2675.68
6470048,112500,AZN,2,40.0,5,5,True,False,False,Memar Əcəmi,Bakı,2812.5
6493029,289000,AZN,2,75.0,10,20,True,False,False,Nəsimi,Bakı,3853.33
6484103,160000,AZN,2,60.0,8,9,True,True,False,Həzi Aslanov,Bakı,2666.67
6392298,490000,AZN,3,130.0,7,18,True,True,True,Gənclik,Bakı,3769.23
6483615,179000,AZN,2,55.0,4,12,True,False,False,Azadlıq Prospekti,Bakı,3254.55
5820345,177000,AZN,2,60.0,8,18,True,False,False,Azadlıq Prospekti,Bakı,2950.0
6461875,300000,AZN,2,101.0,3,18,True,True,False,Nəsimi,Bakı,2970.3
6245810,360000,AZN,3,126.0,19,21,True,False,False,Nizami,Bakı,2857.14
5713844,218000,AZN,2,110.0,8,17,True,False,False,Memar Əcəmi,Bakı,1981.82
6466080,235000,AZN,2,68.0,12,16,True,False,False,Azadlıq Prospekti,Bakı,3455.88
5950438,168000,AZN,2,55.0,7,17,True,False,False,Azadlıq Prospekti,Bakı,3054.55
5915031,228000,AZN,3,103.0,5,17,True,False,False,Memar Əcəmi,Bakı,2213.59
5858099,310000,AZN,3,119.0,2,14,True,False,False,Neftçilər,Bakı,2605.04
6472808,245000,AZN,2,70.0,8,17,True,False,False,Azadlıq Prospekti,Bakı,3500.0
6300765,280000,AZN,3,100.0,10,19,True,False,False,Azadlıq Prospekti,Bakı,2800.0
6057121,203500,AZN,2,67.0,4,17,False,False,False,Azadlıq Prospekti,Bakı,3037.31
5555359,165000,AZN,2,120.0,4,18,False,False,False,8-ci kilometr,Bakı,1375.0
6424648,364594,AZN,1,64.0,7,28,True,True,True,Nardaran,Bakı,5696.78
6422398,215000,AZN,4,100.0,4,5,True,False,False,Azadlıq Prospekti,Bakı,2150.0
6324570,700000,AZN,4,202.0,6,19,True,False,False,Şah İsmayıl Xətai,Bakı,3465.35
6257444,224000,AZN,2,90.0,5,17,True,False,False,Azadlıq Prospekti,Bakı,2488.89
5820242,187000,AZN,2,70.0,8,19,True,False,False,Azadlıq Prospekti,Bakı,2671.43
6320282,299000,AZN,3,136.0,10,17,True,False,False,Nəsimi,Bakı,2198.53
6432146,370000,AZN,2,61.0,4,12,True,True,False,Nizami,Bakı,6065.57
6442180,255000,AZN,2,85.0,14,19,True,False,False,8 Noyabr,Bakı,3000.0
6493024,355000,AZN,3,130.0,16,18,True,False,False,Memar Əcəmi,Bakı,2730.77
6470385,269000,AZN,3,69.0,10,18,True,True,False,Nəriman Nərimanov,Bakı,3898.55
5692535,580000,AZN,4,177.0,4,20,True,False,False,28 May,Bakı,3276.84
6245627,275000,AZN,4,105.0,2,9,True,True,False,Azadlıq Prospekti,Bakı,2619.05
6213509,234000,AZN,2,82.0,16,17,True,False,False,Azadlıq Prospekti,Bakı,2853.66
6493022,192000,AZN,3,80.0,6,9,True,False,False,Xətai,Bakı,2400.0
6493019,255000,AZN,2,49.0,5,20,True,False,False,Nəsimi,Bakı,5204.08
6257429,260000,AZN,3,95.0,14,19,True,False,False,20 Yanvar,Bakı,2736.84
6437791,205000,AZN,2,70.0,5,17,True,False,False,Azadlıq Prospekti,Bakı,2928.57
6426873,190000,AZN,3,80.0,4,5,True,False,False,Qara Qarayev,Bakı,2375.0
6401607,285000,AZN,3,80.0,14,18,True,True,False,28 May,Bakı,3562.5
6410076,845000,AZN,4,181.0,8,17,True,True,True,Elmlər Akademiyası,Bakı,4668.51
6492936,290000,AZN,2,100.0,5,18,True,True,False,Nəsimi,Bakı,2900.0
6428990,270000,AZN,3,100.0,10,17,True,False,False,Azadlıq Prospekti,Bakı,2700.0
6390086,385000,AZN,3,137.0,13,16,True,False,False,Şah İsmayıl Xətai,Bakı,2810.22
5986768,380000,AZN,3,118.0,15,16,True,False,False,Gənclik,Bakı,3220.34
6190494,200000,AZN,2,65.0,15,17,True,False,False,Azadlıq Prospekti,Bakı,3076.92
5802201,250000,AZN,2,82.7,16,16,False,True,False,Şah İsmayıl Xətai,Bakı,3022.97
6202352,252000,AZN,3,85.0,14,16,True,False,False,Azadlıq Prospekti,Bakı,2964.71
6082899,322000,AZN,3,100.0,12,18,True,True,True,Elmlər Akademiyası,Bakı,3220.0
6321026,230000,AZN,2,64.0,8,16,True,False,False,Azadlıq Prospekti,Bakı,3593.75
6328083,164000,AZN,3,67.0,10,15,True,False,False,Yeni Yasamal,Bakı,2447.76
6409909,213000,AZN,3,90.0,5,9,True,False,False,Nəsimi,Bakı,2366.67
6360367,235000,AZN,2,63.0,12,16,True,False,False,Azadlıq Prospekti,Bakı,3730.16
6241776,230000,AZN,2,72.0,6,17,True,False,False,Azadlıq Prospekti,Bakı,3194.44
6464314,208000,AZN,2,64.0,12,24,True,True,False,Şah İsmayıl Xətai,Bakı,3250.0
6445134,130000,AZN,2,60.0,2,9,False,True,True,Köhnə Günəşli,Bakı,2166.67
6045786,248000,AZN,2,82.0,5,18,True,False,False,Azadlıq Prospekti,Bakı,3024.39
6491079,100000,AZN,2,50.0,5,9,True,False,False,Həzi Aslanov,Bakı,2000.0
6379628,275000,AZN,3,100.0,3,19,True,False,False,Azadlıq Prospekti,Bakı,2750.0
6493017,425000,AZN,3,130.0,12,14,True,False,False,Qara Qarayev,Bakı,3269.23
5404076,355000,AZN,3,110.0,14,15,True,True,True,Nizami,Bakı,3227.27
5994399,193500,AZN,2,65.0,14,18,True,False,False,Azadlıq Prospekti,Bakı,2976.92
6144722,235000,AZN,3,82.0,3,16,True,False,False,Azadlıq Prospekti,Bakı,2865.85
6489645,210000,AZN,3,73.0,17,20,True,True,False,Nəsimi,Bakı,2876.71
6447610,185000,AZN,2,35.0,2,5,True,False,False,28 May,Bakı,5285.71
6463148,146000,AZN,4,81.7,5,5,True,True,True,Buzovna,Bakı,1787.03
6367799,418000,AZN,3,137.0,10,16,True,False,False,Şah İsmayıl Xətai,Bakı,3051.09
6414489,160000,AZN,3,65.0,9,9,True,False,False,Neftçilər,Bakı,2461.54
6395302,214000,AZN,3,68.0,5,17,True,False,False,Azadlıq Prospekti,Bakı,3147.06
6481111,255000,AZN,2,78.0,10,22,True,True,True,Nəsimi,Bakı,3269.23
6217073,235000,AZN,2,85.0,16,17,True,False,False,Azadlıq Prospekti,Bakı,2764.71
6414716,429000,AZN,3,106.0,13,20,True,True,True,Nəriman Nərimanov,Bakı,4047.17
6448375,244000,AZN,2,65.0,11,17,True,False,False,Nizami,Bakı,3753.85
5818931,287000,AZN,3,100.0,5,17,True,False,False,Azadlıq Prospekti,Bakı,2870.0
6284632,214000,AZN,2,70.0,10,14,True,False,False,Azadlıq Prospekti,Bakı,3057.14
6346730,338000,AZN,4,178.2,10,17,False,False,False,Xətai,Bakı,1896.75
6251331,316000,AZN,3,145.0,16,18,True,False,False,Əhmədli,Bakı,2179.31
6263590,480000,AZN,3,141.0,10,17,True,False,False,8 Noyabr,Bakı,3404.26
6493008,222000,AZN,3,70.0,2,5,True,False,False,İnşaatçılar,Bakı,3171.43
6456732,285000,AZN,3,120.0,13,16,True,False,False,Neftçilər,Bakı,2375.0
6237804,139000,AZN,3,65.0,17,17,False,False,False,Azadlıq Prospekti,Bakı,2138.46
6325673,230000,AZN,3,85.0,6,14,True,False,False,Bakıxanov,Bakı,2705.88
6493009,300000,AZN,2,90.0,16,17,True,False,False,Nəriman Nərimanov,Bakı,3333.33
6478210,248000,AZN,2,55.0,11,16,True,False,False,Şah İsmayıl Xətai,Bakı,4509.09
5900325,205000,AZN,2,60.0,13,17,True,False,False,Azadlıq Prospekti,Bakı,3416.67
6414868,157000,AZN,3,80.0,1,5,True,False,False,8-ci kilometr,Bakı,1962.5
6151934,259000,AZN,3,90.0,10,16,True,False,False,Neftçilər,Bakı,2877.78
6481801,267000,AZN,3,95.0,7,16,True,False,False,Neftçilər,Bakı,2810.53
6493007,189000,AZN,3,85.0,3,5,True,False,False,Bakıxanov,Bakı,2223.53
6318995,476339,AZN,4,134.1,3,11,False,True,True,Nardaran,Bakı,3552.12
6487019,148000,AZN,3,50.0,3,5,True,False,False,Həzi Aslanov,Bakı,2960.0
6155593,245000,AZN,3,78.0,9,14,True,False,False,Azadlıq Prospekti,Bakı,3141.03
6469603,460000,AZN,3,165.0,10,18,True,False,False,8 Noyabr,Bakı,2787.88
6463504,340000,AZN,3,120.0,5,14,True,False,False,28 May,Bakı,2833.33
6000068,400000,AZN,3,162.0,7,11,True,False,False,Nərimanov,Bakı,2469.14
6230988,189000,AZN,3,74.0,4,17,True,True,True,Nəsimi,Bakı,2554.05
6299982,355000,AZN,3,110.0,14,15,True,True,False,Nizami,Bakı,3227.27
5979143,355000,AZN,4,165.0,17,18,False,False,False,Nəsimi,Bakı,2151.52
6493004,129500,AZN,2,38.0,2,5,True,False,False,Memar Əcəmi,Bakı,3407.89
6486777,376000,AZN,3,146.0,11,16,True,True,False,Nəsimi,Bakı,2575.34
6348436,275000,AZN,2,92.0,3,16,True,True,False,Nərimanov,Bakı,2989.13
6426845,190000,AZN,4,85.0,2,5,True,False,False,Azadlıq Prospekti,Bakı,2235.29
6354769,990000,AZN,3,190.0,16,22,True,False,False,28 May,Bakı,5210.53
6493001,115000,AZN,2,45.0,1,4,True,False,False,Həzi Aslanov,Bakı,2555.56
6493000,194000,AZN,2,55.0,13,15,True,False,False,Neftçilər,Bakı,3527.27
6188450,195000,AZN,2,70.0,6,9,True,False,False,Azadlıq Prospekti,Bakı,2785.71
6188453,195000,AZN,2,70.0,6,9,True,False,False,Gənclik,Bakı,2785.71
6484358,116900,AZN,1,32.0,5,9,True,False,False,Nəriman Nərimanov,Bakı,3653.12
6245847,155000,AZN,1,55.0,2,17,True,False,False,Dərnəgül,Bakı,2818.18
6466628,248000,AZN,3,65.0,3,5,True,False,False,Gənclik,Bakı,3815.38
6491623,158000,AZN,2,55.0,2,5,True,False,False,Memar Əcəmi,Bakı,2872.73
6465804,370000,AZN,4,147.0,16,18,True,False,False,8-ci mikrorayon,Bakı,2517.01
6469720,395000,AZN,3,105.0,18,19,True,False,False,Bakmil,Bakı,3761.9
6472354,369000,AZN,4,161.0,8,20,True,False,False,Nəriman Nərimanov,Bakı,2291.93
6209056,287500,AZN,3,101.0,10,12,False,False,False,Qara Qarayev,Bakı,2846.53
6474500,256000,AZN,3,90.0,2,10,True,False,False,Gənclik,Bakı,2844.44
6382780,245000,AZN,2,95.0,3,20,True,False,False,Həzi Aslanov,Bakı,2578.95
6059886,450000,AZN,4,184.0,14,16,False,True,True,Nəriman Nərimanov,Bakı,2445.65
6488756,385000,AZN,3,140.0,7,13,True,False,False,Gənclik,Bakı,2750.0
6490456,268000,AZN,3,80.0,6,9,True,False,False,Nərimanov,Bakı,3350.0
6492990,146000,AZN,3,55.0,1,9,True,False,False,Həzi Aslanov,Bakı,2654.55
6492988,431000,AZN,2,90.0,4,8,False,False,False,Ağ şəhər,Bakı,4788.89
6087504,450000,AZN,4,135.5,14,18,True,False,False,Qara Qarayev,Bakı,3321.03
6284165,105000,AZN,2,58.0,5,5,True,False,False,Əmircan,Bakı,1810.34
6478118,185000,AZN,2,44.0,4,16,True,False,False,Nəriman Nərimanov,Bakı,4204.55
5888681,495000,AZN,3,175.0,9,10,True,False,False,Nizami,Bakı,2828.57
6491228,124500,AZN,1,34.0,4,5,True,True,False,Memar Əcəmi,Bakı,3661.76
6451646,430000,AZN,3,150.0,7,17,True,False,False,İnşaatçılar,Bakı,2866.67
6461679,248000,AZN,3,107.0,8,12,True,False,False,Xətai,Bakı,2317.76
6453631,120000,AZN,2,40.0,4,5,True,False,False,Qara Qarayev,Bakı,3000.0
6178030,207000,AZN,4,97.0,9,9,True,False,False,Əhmədli,Bakı,2134.02
6090336,165000,AZN,3,60.0,5,9,True,True,False,Neftçilər,Bakı,2750.0
6390777,325000,AZN,3,147.0,10,17,False,True,True,8-ci mikrorayon,Bakı,2210.88
6492983,155000,AZN,3,82.0,1,5,True,False,False,Badamdar,Bakı,1890.24
6489958,535000,AZN,3,175.0,8,17,True,True,False,Gənclik,Bakı,3057.14
3949190,2000000,AZN,4,210.0,8,30,True,False,False,Nəsimi,Bakı,9523.81
5828904,570000,AZN,4,178.0,20,27,False,False,False,8 Noyabr,Bakı,3202.25
6451146,254000,AZN,4,110.0,4,9,True,False,False,İnşaatçılar,Bakı,2309.09
6489166,366460,AZN,4,146.0,12,12,False,False,False,Yeni Yasamal,Bakı,2510.0
6079859,405000,AZN,3,115.0,11,17,True,True,False,Nəsimi,Bakı,3521.74
6183494,180000,AZN,3,75.0,3,9,True,False,False,Həzi Aslanov,Bakı,2400.0
6407714,183000,AZN,3,140.5,14,14,False,True,False,Sabunçu,Bakı,1302.49
6239268,455000,AZN,4,165.0,8,16,True,True,False,20 Yanvar,Bakı,2757.58
6492979,150000,AZN,3,75.0,5,9,True,False,False,Yeni Günəşli,Bakı,2000.0
6492978,290000,AZN,3,98.0,6,16,True,False,False,Həzi Aslanov,Bakı,2959.18
6444300,510000,AZN,4,170.0,8,15,True,True,False,Nəsimi,Bakı,3000.0
6370173,335000,AZN,3,96.0,18,19,True,False,False,Qara Qarayev,Bakı,3489.58
6040303,380000,AZN,4,172.0,4,17,True,False,False,Nəsimi,Bakı,2209.3
6492977,162900,AZN,2,60.0,14,17,True,False,False,İnşaatçılar,Bakı,2715.0
6443849,344500,AZN,3,116.0,3,7,True,False,False,Memar Əcəmi,Bakı,2969.83
6304579,740000,AZN,5,245.0,19,22,True,False,False,Nizami,Bakı,3020.41
6386805,113000,AZN,1,40.0,1,5,True,False,False,Neftçilər,Bakı,2825.0
6445207,183000,AZN,2,70.0,13,18,True,True,False,Həzi Aslanov,Bakı,2614.29
6406612,145000,AZN,3,70.0,2,5,True,False,False,Azadlıq Prospekti,Bakı,2071.43
6386679,175000,AZN,2,56.0,9,16,True,False,False,Neftçilər,Bakı,3125.0
6455865,127000,AZN,2,50.0,5,5,True,True,False,Badamdar,Bakı,2540.0
6470373,158500,AZN,3,90.0,9,11,True,True,False,Masazır,Bakı,1761.11
6492941,200000,AZN,3,70.0,1,5,True,False,False,Sahil,Bakı,2857.14
6318276,875000,AZN,4,175.0,17,18,False,True,False,Nizami,Bakı,5000.0
6075666,232000,AZN,4,140.0,13,13,True,False,False,Həzi Aslanov,Bakı,1657.14
6317273,451200,AZN,2,94.0,17,18,False,True,False,Nizami,Bakı,4800.0
6406285,303000,AZN,3,86.3,9,16,True,True,True,Qara Qarayev,Bakı,3511.01
6345571,247000,AZN,2,68.0,17,18,True,False,False,Şah İsmayıl Xətai,Bakı,3632.35
6308258,419895,AZN,2,90.3,1,10,True,True,False,Nərimanov,Bakı,4650.0
6435033,180000,AZN,3,80.0,2,5,True,False,False,7-ci mikrorayon,Bakı,2250.0
6473691,325000,AZN,3,130.0,6,15,False,False,False,Gənclik,Bakı,2500.0
6283509,1200000,AZN,4,240.0,18,22,True,True,False,Elmlər Akademiyası,Bakı,5000.0
6300234,92000,AZN,1,22.0,2,2,True,False,False,28 May,Bakı,4181.82
6284691,135000,AZN,3,59.0,5,5,True,False,False,7-ci mikrorayon,Bakı,2288.14
5560882,450000,AZN,4,200.0,8,8,True,False,False,Nəsimi,Bakı,2250.0
6492969,289000,AZN,2,70.0,10,18,True,False,False,Nərimanov,Bakı,4128.57
6476625,185000,AZN,3,70.0,5,7,True,True,False,Həzi Aslanov,Bakı,2642.86
6492971,310000,AZN,3,135.0,2,5,True,False,False,Qara Qarayev,Bakı,2296.3
6474307,645000,AZN,6,400.0,5,6,False,False,False,Nəsimi,Bakı,1612.5
6486957,465000,AZN,3,140.0,4,16,True,True,True,Şah İsmayıl Xətai,Bakı,3321.43
6259483,169500,AZN,3,57.0,3,5,True,False,False,7-ci mikrorayon,Bakı,2973.68
6319815,172000,AZN,2,73.0,14,18,True,False,False,Əhmədli,Bakı,2356.16
6473575,330000,AZN,3,130.0,12,16,False,False,False,Nəriman Nərimanov,Bakı,2538.46
6145691,265000,AZN,3,110.0,19,19,True,False,False,Şah İsmayıl Xətai,Bakı,2409.09
6474739,225000,AZN,3,84.0,3,19,True,False,False,Nəriman Nərimanov,Bakı,2678.57
5634889,365000,AZN,4,130.0,4,17,True,False,False,Nərimanov,Bakı,2807.69
6268628,119000,AZN,5,128.0,12,19,True,False,False,Bakıxanov,Bakı,929.69
6429308,286000,AZN,3,81.0,5,16,True,False,False,Elmlər Akademiyası,Bakı,3530.86
6383069,369500,AZN,3,86.6,2,6,True,True,True,Sea Breeze,Bakı,4266.74
5504945,459306,AZN,2,94.8,4,7,True,True,True,Sea Breeze,Bakı,4845.0
6473792,83000,AZN,2,45.0,2,11,True,False,False,Abşeron,Xırdalan,1844.44
5056392,300000,AZN,1,75.0,4,4,True,True,True,Sea Breeze,Bakı,4000.0
6369636,112000,AZN,1,37.0,5,5,True,False,False,Memar Əcəmi,Bakı,3027.03
6478798,183232,AZN,3,111.5,12,16,False,True,False,Azadlıq Prospekti,Bakı,1643.34
6470959,216000,AZN,3,100.0,9,18,True,True,False,Əhmədli,Bakı,2160.0
6454440,450000,AZN,3,90.0,10,10,True,True,True,Sahil,Bakı,5000.0
6492962,340000,AZN,3,140.0,4,13,True,False,False,Badamdar,Bakı,2428.57
5826492,216000,AZN,2,55.0,9,14,True,True,False,Nəsimi,Bakı,3927.27
6492491,325000,AZN,2,130.0,4,19,True,False,False,28 May,Bakı,2500.0
6488075,104000,AZN,1,25.0,3,6,True,False,False,Elmlər Akademiyası,Bakı,4160.0
6408122,110000,AZN,3,84.0,4,6,True,False,False,Masazır,Bakı,1309.52
6461033,96000,AZN,3,65.0,4,5,True,True,False,Masazır,Bakı,1476.92
6334086,108000,AZN,2,62.0,9,9,True,False,False,Hövsan,Bakı,1741.94
6294662,259000,AZN,3,90.0,9,17,,False,False,Neftçilər,Bakı,2877.78
6492508,160000,AZN,2,53.0,1,5,True,False,False,Nəriman Nərimanov,Bakı,3018.87
6483438,245000,AZN,3,85.0,1,6,True,True,False,Həzi Aslanov,Bakı,2882.35
6492530,252000,AZN,2,80.0,4,16,True,False,False,Elmlər Akademiyası,Bakı,3150.0
5994002,80500,AZN,2,57.0,5,6,True,False,False,Masazır,Bakı,1412.28
6120923,140000,AZN,2,70.0,7,10,True,False,False,Yeni Günəşli,Bakı,2000.0
6458630,120000,AZN,2,35.0,1,5,True,True,True,Memar Əcəmi,Bakı,3428.57
6286803,445000,AZN,3,140.0,10,17,True,False,False,Nəsimi,Bakı,3178.57
6467381,410000,AZN,3,135.0,8,16,True,False,False,Elmlər Akademiyası,Bakı,3037.04
6404756,220000,AZN,3,126.3,17,18,True,True,True,Nizami,Bakı,1741.88
6484180,355000,AZN,5,150.0,3,4,True,True,True,Səbail,Bakı,2366.67
6492958,270000,AZN,2,75.0,5,16,False,False,False,Nəriman Nərimanov,Bakı,3600.0
6491706,138000,AZN,3,67.0,7,9,True,True,False,Massiv D,Bakı,2059.7
5557514,481200,AZN,4,147.0,8,16,True,True,False,Azadlıq Prospekti,Bakı,3273.47
6325914,110000,AZN,2,74.0,3,3,False,False,False,Buzovna,Bakı,1486.49
6488958,320000,AZN,4,110.0,3,9,True,False,False,Nərimanov,Bakı,2909.09
6371505,179000,AZN,2,50.0,6,20,True,True,False,20 Yanvar,Bakı,3580.0
6492952,179585,AZN,2,52.0,14,14,True,False,False,Yasamal,Bakı,3453.56
6484720,140000,AZN,1,33.0,2,5,True,False,False,Nərimanov,Bakı,4242.42
6432019,205000,AZN,2,55.0,3,17,True,False,False,Nəsimi,Bakı,3727.27
5827932,233400,AZN,2,77.8,20,20,True,True,True,20 Yanvar,Bakı,3000.0
6465534,262150,AZN,3,74.9,2,20,True,True,True,20 Yanvar,Bakı,3500.0
6422485,400000,AZN,3,167.0,7,12,True,False,False,Nəsimi,Bakı,2395.21
6412250,198000,AZN,2,46.0,5,17,True,True,True,Koroğlu,Bakı,4304.35
5504127,416500,AZN,2,98.0,4,5,False,True,True,Sea Breeze,Bakı,4250.0
6488632,450000,AZN,4,202.0,7,12,True,False,False,Gənclik,Bakı,2227.72
6074617,749000,AZN,4,210.0,14,17,True,False,False,28 May,Bakı,3566.67
6164169,720000,AZN,4,240.0,6,22,True,False,False,28 May,Bakı,3000.0
6243561,750000,AZN,3,148.0,7,15,True,False,False,Nizami,Bakı,5067.57
6262521,166000,AZN,2,69.2,8,15,True,True,False,Yeni Günəşli,Bakı,2398.84
6442333,155000,AZN,2,45.0,13,17,True,True,True,Avtovağzal,Bakı,3444.44
6492950,258738,AZN,2,89.3,7,16,False,False,False,Yeni Yasamal,Bakı,2897.4
5766897,490000,AZN,3,133.0,4,18,False,False,False,28 May,Bakı,3684.21
6391494,140000,AZN,1,57.0,2,9,False,True,True,Sea Breeze,Bakı,2456.14
6207711,305000,AZN,2,70.0,4,18,True,False,False,Şah İsmayıl Xətai,Bakı,4357.14
6383317,149500,AZN,2,58.5,10,15,True,True,False,Yeni Günəşli,Bakı,2555.56
6485458,310000,AZN,2,85.0,15,18,True,True,False,Gənclik,Bakı,3647.06
6456560,147000,AZN,2,50.0,2,5,True,False,False,20 Yanvar,Bakı,2940.0
6413535,450000,AZN,2,102.0,2,7,True,False,False,Sea Breeze,Bakı,4411.76
5010781,279000,AZN,1,47.0,3,6,True,True,True,Sea Breeze,Bakı,5936.17
6287810,48000,AZN,1,36.0,2,5,False,True,False,Masazır,Bakı,1333.33
6433070,155000,AZN,1,42.0,7,14,False,False,False,Sea Breeze,Bakı,3690.48
6316024,310000,AZN,4,98.0,16,18,True,True,False,20 Yanvar,Bakı,3163.27
6339832,225000,AZN,3,90.0,6,9,True,False,False,Memar Əcəmi,Bakı,2500.0
6486558,152000,AZN,2,50.0,2,5,True,False,False,Memar Əcəmi,Bakı,3040.0
5826462,195000,AZN,2,55.0,6,13,True,True,False,Nəsimi,Bakı,3545.45
5437280,305000,AZN,4,150.0,8,22,True,False,False,Yasamal,Bakı,2033.33
6049365,414000,AZN,2,102.0,4,5,False,True,True,Sea Breeze,Bakı,4058.82
6433460,170000,AZN,1,43.0,11,14,True,False,False,Sea Breeze,Bakı,3953.49
5857180,275000,AZN,3,120.0,3,9,True,True,True,Elmlər Akademiyası,Bakı,2291.67
6469128,460000,AZN,3,145.0,4,16,True,True,False,Gənclik,Bakı,3172.41
6412501,765000,AZN,3,139.0,4,4,True,True,True,Sea Breeze,Bakı,5503.6
6492946,355000,AZN,2,76.0,18,24,True,False,False,Şah İsmayıl Xətai,Bakı,4671.05
6412505,409000,AZN,2,78.0,2,8,True,True,True,Sea Breeze,Bakı,5243.59
6105413,172000,AZN,4,97.0,6,9,True,False,False,Həzi Aslanov,Bakı,1773.2
6442463,850000,AZN,3,165.0,13,20,True,True,False,Ağ şəhər,Bakı,5151.52
6412495,299000,AZN,1,57.0,4,4,True,True,True,Sea Breeze,Bakı,5245.61
4738728,156123,AZN,3,83.0,2,9,True,True,False,Lökbatan,Bakı,1881.0
6181711,245000,AZN,2,95.0,3,21,True,False,False,Həzi Aslanov,Bakı,2578.95
6428807,370000,AZN,3,108.0,12,15,True,False,False,28 May,Bakı,3425.93
6246330,480000,AZN,3,147.0,11,17,True,False,False,Elmlər Akademiyası,Bakı,3265.31
6492943,140000,AZN,2,48.0,7,9,True,False,False,Binəqədi,Bakı,2916.67
6141479,265000,AZN,3,120.0,17,20,True,False,False,Yasamal,Bakı,2208.33
4158518,556450,AZN,4,179.5,3,16,False,True,True,8 Noyabr,Bakı,3100.0
4090254,414062,AZN,3,129.8,6,16,False,True,True,8 Noyabr,Bakı,3190.0
6484011,253000,AZN,4,127.0,1,10,True,True,False,Həzi Aslanov,Bakı,1992.13
6486914,148000,AZN,3,48.0,3,5,True,True,True,Həzi Aslanov,Bakı,3083.33
4223527,414700,AZN,3,130.0,6,16,False,True,True,8 Noyabr,Bakı,3190.0
3916315,292011,AZN,3,89.3,7,16,False,True,True,8 Noyabr,Bakı,3270.0
6229752,380000,AZN,4,165.0,10,11,True,False,False,Nəriman Nərimanov,Bakı,2303.03
3916248,298701,AZN,3,89.7,9,16,False,True,True,8 Noyabr,Bakı,3330.0
4114907,449800,AZN,3,130.0,15,16,False,True,True,8 Noyabr,Bakı,3460.0
4170452,168165,AZN,2,50.5,9,16,False,True,True,8 Noyabr,Bakı,3330.0
4114924,271590,AZN,3,82.3,8,16,False,True,True,8 Noyabr,Bakı,3300.0
4090316,572605,AZN,4,179.5,6,16,False,True,True,8 Noyabr,Bakı,3190.0
6288278,211000,AZN,5,110.0,1,9,True,True,False,Xalqlar Dostluğu,Bakı,1918.18
5936841,233000,AZN,2,98.0,9,9,False,True,True,Nardaran,Bakı,2377.55
5869316,232000,AZN,2,76.0,2,7,False,True,True,Nardaran,Bakı,3052.63
6222157,234000,AZN,3,100.0,5,17,True,False,False,Avtovağzal,Bakı,2340.0
6160228,545000,AZN,5,240.0,8,9,True,False,False,Nərimanov,Bakı,2270.83
4223502,417956,AZN,3,129.8,7,16,False,True,True,8 Noyabr,Bakı,3220.0
4057824,163620,AZN,2,50.5,6,16,False,True,True,8 Noyabr,Bakı,3240.0
6479800,228000,AZN,3,85.0,2,9,True,False,False,Memar Əcəmi,Bakı,2682.35
4530269,536928,AZN,3,150.4,4,7,False,True,True,Nardaran,Bakı,3570.0
4127590,296010,AZN,3,89.7,8,16,False,True,True,8 Noyabr,Bakı,3300.0
4076305,169680,AZN,2,50.5,10,16,False,True,True,8 Noyabr,Bakı,3360.0
4170473,276528,AZN,3,82.3,10,16,False,True,True,8 Noyabr,Bakı,3360.0
4158487,165135,AZN,2,50.5,7,16,False,True,True,8 Noyabr,Bakı,3270.0
6377757,365000,AZN,3,126.0,11,14,True,True,False,Nəsimi,Bakı,2896.83
6492934,145500,AZN,2,55.0,5,9,True,False,False,Əhmədli,Bakı,2645.45
4672911,165500,AZN,1,48.0,3,7,False,True,True,Nardaran,Bakı,3447.92
6163744,195000,AZN,2,58.0,17,18,True,False,False,İnşaatçılar,Bakı,3362.07
6295052,272000,AZN,1,54.0,3,5,True,True,True,Sea Breeze,Bakı,5037.04
6490468,90000,AZN,1,34.0,2,4,True,False,False,Elmlər Akademiyası,Bakı,2647.06
4212393,174000,AZN,1,58.0,2,7,False,True,True,Nardaran,Bakı,3000.0
6243776,398000,AZN,3,127.0,10,14,True,False,False,Qara Qarayev,Bakı,3133.86
6463362,220000,AZN,4,90.0,4,5,True,False,False,8-ci mikrorayon,Bakı,2444.44
6348395,162000,AZN,3,70.0,5,5,True,False,False,Binəqədi,Bakı,2314.29
6492931,130000,AZN,2,34.0,5,5,True,False,False,Memar Əcəmi,Bakı,3823.53
6465686,209000,AZN,2,60.0,5,12,True,False,False,Memar Əcəmi,Bakı,3483.33
6461867,320000,AZN,3,130.0,16,17,True,False,False,20 Yanvar,Bakı,2461.54
6492926,104000,AZN,2,65.0,4,10,False,False,False,Saray,Bakı,1600.0
6492928,129000,AZN,2,56.0,1,9,True,False,False,Əhmədli,Bakı,2303.57
5314655,540000,AZN,3,132.2,9,16,True,True,False,28 May,Bakı,4084.72
6474902,259000,AZN,2,58.0,4,17,True,False,False,Gənclik,Bakı,4465.52
5919335,143000,AZN,2,67.0,9,12,False,False,False,Həzi Aslanov,Bakı,2134.33
6486897,139000,AZN,2,65.0,9,9,True,False,False,Həzi Aslanov,Bakı,2138.46
6486107,175000,AZN,2,70.0,4,5,True,False,False,Nərimanov,Bakı,2500.0
6441037,468000,AZN,3,118.0,2,16,True,False,False,Nəsimi,Bakı,3966.1
6488979,170000,AZN,2,55.0,4,5,True,False,False,Nəriman Nərimanov,Bakı,3090.91
6326598,350000,AZN,3,117.0,5,17,True,False,False,Qara Qarayev,Bakı,2991.45
6486152,235000,AZN,3,80.0,6,9,True,False,False,Nərimanov,Bakı,2937.5
6463447,310000,AZN,2,85.0,15,20,True,False,False,Nərimanov,Bakı,3647.06
6469533,199000,AZN,2,51.0,3,5,True,False,False,Nərimanov,Bakı,3901.96
6466738,245000,AZN,2,55.0,10,14,True,False,False,28 May,Bakı,4454.55
6486968,145000,AZN,3,90.0,9,9,True,False,False,Köhnə Günəşli,Bakı,1611.11
6489856,250000,AZN,3,90.0,7,14,True,False,False,Abşeron,Sumqayıt,2777.78
6370744,345000,AZN,5,120.0,6,9,True,False,False,Azadlıq Prospekti,Bakı,2875.0
6323481,555000,AZN,3,107.7,3,7,True,True,True,Ağ şəhər,Bakı,5153.2
6309603,200000,AZN,3,75.0,5,5,True,False,False,Nəriman Nərimanov,Bakı,2666.67
5965117,295000,AZN,3,98.0,3,17,True,False,False,Qara Qarayev,Bakı,3010.2
6468926,295000,AZN,2,84.3,8,16,True,False,False,Nəriman Nərimanov,Bakı,3499.41
6244250,215000,AZN,3,64.0,15,17,True,False,False,Qara Qarayev,Bakı,3359.38
6424169,118500,AZN,1,42.0,1,5,True,True,True,Binəqədi,Bakı,2821.43
6436398,268000,AZN,2,75.0,8,19,True,True,False,20 Yanvar,Bakı,3573.33
6077989,215000,AZN,3,75.0,4,10,True,False,False,Qara Qarayev,Bakı,2866.67
6454272,297000,AZN,3,105.0,5,9,True,False,False,Elmlər Akademiyası,Bakı,2828.57
6492924,310000,AZN,3,120.0,12,18,True,False,False,Səbail,Bakı,2583.33
4435565,279000,AZN,1,57.0,2,4,True,True,True,Nardaran,Bakı,4894.74
6455355,197000,AZN,2,70.0,8,9,True,False,False,Azadlıq Prospekti,Bakı,2814.29
6492923,880000,AZN,4,187.0,6,7,True,False,False,Ağ şəhər,Bakı,4705.88
6455296,145000,AZN,1,70.0,2,5,True,False,False,Azadlıq Prospekti,Bakı,2071.43
5066956,705500,AZN,3,138.0,7,8,True,True,True,Sea Breeze,Bakı,5112.32
6213961,350000,AZN,3,155.0,10,19,True,False,False,20 Yanvar,Bakı,2258.06
6463801,165000,AZN,3,60.0,3,4,True,False,False,Biləcəri,Bakı,2750.0
6486065,164000,AZN,2,65.0,8,9,True,True,False,Xalqlar Dostluğu,Bakı,2523.08
6448616,360000,AZN,3,107.0,11,18,False,False,False,Bakmil,Bakı,3364.49
6470283,115000,AZN,2,60.0,5,16,True,False,False,Binəqədi,Bakı,1916.67
4513499,548505,AZN,1,71.7,7,7,True,True,True,Nardaran,Bakı,7650.0
6444738,288000,AZN,3,110.0,7,19,True,False,False,Həzi Aslanov,Bakı,2618.18
6417838,167000,AZN,3,80.0,1,9,True,False,False,Əhmədli,Bakı,2087.5
6486220,157000,AZN,2,55.0,4,14,True,False,False,Xalqlar Dostluğu,Bakı,2854.55
6480173,228000,AZN,2,60.0,15,18,True,False,False,Azadlıq Prospekti,Bakı,3800.0
6328173,385000,AZN,3,122.0,14,17,True,False,False,Elmlər Akademiyası,Bakı,3155.74
6487131,102000,AZN,2,52.3,3,14,False,True,False,Zığ,Bakı,1950.29
6475283,218000,AZN,3,96.0,10,17,True,False,False,Həzi Aslanov,Bakı,2270.83
6458189,134000,AZN,2,50.0,13,13,True,False,False,İnşaatçılar,Bakı,2680.0
6454174,259000,AZN,3,121.0,6,19,True,False,False,İnşaatçılar,Bakı,2140.5
6475894,365000,AZN,4,153.0,8,19,True,True,True,Nəriman Nərimanov,Bakı,2385.62
6397841,175000,AZN,4,85.0,9,9,True,False,False,Əhmədli,Bakı,2058.82
6197945,350000,AZN,3,95.0,4,5,True,False,False,Elmlər Akademiyası,Bakı,3684.21
6423857,208000,AZN,3,105.0,16,17,True,False,False,Yeni Yasamal,Bakı,1980.95
6458654,379000,AZN,3,100.0,13,16,True,False,False,Nəriman Nərimanov,Bakı,3790.0
6464217,644000,AZN,4,127.0,10,20,True,True,True,Şah İsmayıl Xətai,Bakı,5070.87
6468135,137000,AZN,3,74.0,14,16,True,True,True,Yasamal,Bakı,1851.35
6444730,430000,AZN,3,161.0,3,20,True,False,False,Nəriman Nərimanov,Bakı,2670.81
6492177,348000,AZN,4,146.0,8,19,True,False,False,Həzi Aslanov,Bakı,2383.56
6407160,230000,AZN,3,80.0,2,5,True,False,False,Elmlər Akademiyası,Bakı,2875.0
6488738,239000,AZN,2,69.0,12,13,True,False,False,Elmlər Akademiyası,Bakı,3463.77
6255305,375000,AZN,3,136.0,10,17,True,True,True,8 Noyabr,Bakı,2757.35
4738960,314250,AZN,1,75.0,3,16,False,True,True,Nizami,Bakı,4190.0
6252246,955500,AZN,3,195.0,16,16,False,True,True,Nizami,Bakı,4900.0
6288837,95000,AZN,1,30.0,1,6,True,True,False,Bayıl,Bakı,3166.67
6029528,353460,AZN,2,86.0,3,16,False,True,True,Nizami,Bakı,4110.0
6395524,758500,AZN,4,185.0,15,21,False,True,True,Ağ şəhər,Bakı,4100.0
6336460,430000,AZN,3,160.0,4,18,True,False,False,Elmlər Akademiyası,Bakı,2687.5
4738972,505440,AZN,2,117.0,10,16,False,True,True,Nizami,Bakı,4320.0
6492919,550000,AZN,3,80.0,3,6,True,False,False,İçəri Şəhər,Bakı,6875.0
6029578,487890,AZN,2,117.0,4,16,False,True,True,Nizami,Bakı,4170.0
6302113,558000,AZN,3,110.0,5,17,True,False,False,28 May,Bakı,5072.73
6041364,1013460,AZN,5,254.0,4,16,False,True,True,Nizami,Bakı,3990.0
6357151,555000,AZN,4,130.0,10,15,True,False,False,Nəriman Nərimanov,Bakı,4269.23
6354515,580000,AZN,3,170.0,4,20,False,True,True,Şah İsmayıl Xətai,Bakı,3411.76
6322741,325000,AZN,3,79.0,9,14,True,False,False,Gənclik,Bakı,4113.92
6041162,1023700,AZN,4,290.0,3,16,False,True,True,Nizami,Bakı,3530.0
6375755,335000,AZN,2,86.0,5,17,True,False,False,Nəsimi,Bakı,3895.35
6250444,1125650,AZN,5,235.0,15,16,False,True,True,Nizami,Bakı,4790.0
6474269,240000,AZN,2,70.0,12,17,False,False,False,Nəsimi,Bakı,3428.57
6331278,265000,AZN,3,100.0,15,19,True,False,False,8 Noyabr,Bakı,2650.0
6478230,450000,AZN,3,136.0,11,16,True,False,False,Gənclik,Bakı,3308.82
6041094,768570,AZN,4,187.0,4,16,False,True,True,Nizami,Bakı,4110.0
6492916,125000,AZN,2,40.0,3,5,True,False,False,20 Yanvar,Bakı,3125.0
6250487,615450,AZN,3,165.0,3,16,False,True,True,Nizami,Bakı,3730.0
6474248,230000,AZN,2,70.0,13,18,False,False,False,Nəsimi,Bakı,3285.71
5146201,632940,AZN,3,154.0,4,16,False,True,True,Nizami,Bakı,4110.0
6330489,365000,AZN,3,115.0,14,14,True,False,False,Nəsimi,Bakı,3173.91
6419157,144000,AZN,3,65.0,7,9,True,False,False,Hövsan,Bakı,2215.38
6468125,268000,AZN,2,66.0,5,16,True,False,False,Gənclik,Bakı,4060.61
6492911,349000,AZN,3,125.0,17,19,True,False,False,Xalqlar Dostluğu,Bakı,2792.0
5798925,574000,AZN,3,117.0,6,7,False,True,True,Ağ şəhər,Bakı,4905.98
6470178,135000,AZN,2,45.0,4,9,True,True,True,Əhmədli,Bakı,3000.0
6492909,257000,AZN,3,125.0,8,12,True,False,False,Memar Əcəmi,Bakı,2056.0
6029618,491400,AZN,2,117.0,5,16,False,True,True,Nizami,Bakı,4200.0
6484743,395000,AZN,3,140.0,5,16,True,False,False,Nəriman Nərimanov,Bakı,2821.43
6090824,135983,AZN,1,42.1,6,14,False,False,False,Nardaran,Bakı,3230.0
6489610,458000,AZN,3,118.0,8,17,True,False,False,Gənclik,Bakı,3881.36
5646958,790000,AZN,4,225.0,10,19,False,True,True,Nərimanov,Bakı,3511.11
6241737,158000,AZN,2,50.0,5,5,False,False,False,Yasamal,Bakı,3160.0
4744384,648740,AZN,3,163.0,6,16,False,True,True,Nizami,Bakı,3980.0
6479812,4020000,AZN,12,772.0,14,20,True,True,True,Şah İsmayıl Xətai,Bakı,5207.25
4744383,665040,AZN,3,163.0,10,16,False,True,True,Nizami,Bakı,4080.0
6474065,180000,AZN,5,120.0,3,5,True,False,False,Avtovağzal,Bakı,1500.0
6476843,365000,AZN,3,136.0,14,17,True,False,False,Nəsimi,Bakı,2683.82
5909581,230000,AZN,3,100.0,7,9,True,False,False,Neftçilər,Bakı,2300.0
4893906,513630,AZN,2,117.0,13,16,False,True,True,Nizami,Bakı,4390.0
6488282,210000,AZN,2,55.0,3,5,True,False,False,Elmlər Akademiyası,Bakı,3818.18
6091346,245000,AZN,2,71.6,6,14,False,False,False,Nardaran,Bakı,3421.79
6396685,157000,AZN,2,55.0,4,14,True,False,False,Xalqlar Dostluğu,Bakı,2854.55
6492906,275000,AZN,5,130.0,6,9,True,False,False,8-ci mikrorayon,Bakı,2115.38
6308554,199000,AZN,3,85.0,2,9,True,True,False,Bakıxanov,Bakı,2341.18
4738969,908600,AZN,4,220.0,10,16,False,True,True,Nizami,Bakı,4130.0
4738965,968820,AZN,4,241.0,3,16,False,True,True,Nizami,Bakı,4020.0
6091390,168245,AZN,1,43.7,6,14,False,False,False,Nardaran,Bakı,3850.0
6458634,469000,AZN,3,142.0,7,24,True,True,True,8 Noyabr,Bakı,3302.82
6489333,490000,AZN,4,165.0,9,11,True,False,False,Elmlər Akademiyası,Bakı,2969.7
6492905,150000,AZN,3,100.0,1,5,True,False,False,Abşeron,Xırdalan,1500.0
6446030,199000,AZN,2,45.0,3,5,True,False,False,Nəsimi,Bakı,4422.22
6304183,220000,AZN,2,70.0,3,14,False,False,False,Qara Qarayev,Bakı,3142.86
6155181,190000,AZN,3,65.0,4,5,True,False,False,Qara Qarayev,Bakı,2923.08
6492903,218000,AZN,3,90.0,10,16,True,False,False,Xətai,Bakı,2422.22
6487631,139000,AZN,1,40.0,4,4,True,False,False,Qara Qarayev,Bakı,3475.0
6442812,250000,AZN,2,65.0,7,16,True,True,False,Nəsimi,Bakı,3846.15
6091316,134315,AZN,1,41.2,10,14,False,True,True,Nardaran,Bakı,3260.07
6461138,290000,AZN,3,100.0,13,17,True,False,False,Qara Qarayev,Bakı,2900.0
6371777,119500,AZN,2,52.0,5,6,True,False,False,Abşeron,Xırdalan,2298.08
4948468,314900,AZN,4,127.0,12,15,False,False,False,Qara Qarayev,Bakı,2479.53
6481863,185000,AZN,2,45.0,4,16,True,False,False,Gənclik,Bakı,4111.11
6298584,103000,AZN,3,70.0,5,9,True,False,False,Masazır,Bakı,1471.43
6490926,1250000,AZN,4,205.0,4,20,False,True,False,Xətai,Bakı,6097.56
6372142,184000,AZN,5,105.0,6,9,True,False,False,Həzi Aslanov,Bakı,1752.38
5946115,199000,AZN,2,45.0,3,5,True,True,True,Nərimanov,Bakı,4422.22
6417657,135000,AZN,3,105.0,17,17,False,False,False,Əhmədli,Bakı,1285.71
6063404,174900,AZN,2,92.0,21,22,False,False,False,Yasamal,Bakı,1901.09
6026791,259000,AZN,2,105.0,7,14,True,True,False,8-ci kilometr,Bakı,2466.67
6417797,113000,AZN,1,45.0,3,5,True,False,False,Əhmədli,Bakı,2511.11
6400585,230000,AZN,4,110.0,2,9,True,False,False,Əhmədli,Bakı,2090.91
6447758,165000,AZN,3,86.0,12,16,False,True,False,Abşeron,Bakı,1918.6
5883564,126000,AZN,2,40.0,4,5,True,False,False,Bakıxanov,Bakı,3150.0
6414117,162000,AZN,2,60.0,3,9,True,False,False,Əhmədli,Bakı,2700.0
6284402,210000,AZN,3,60.0,10,17,True,True,True,Nəsimi,Bakı,3500.0
6490276,189000,AZN,3,80.0,2,5,True,False,False,20 Yanvar,Bakı,2362.5
6482458,190000,AZN,3,70.0,2,5,True,False,False,Memar Əcəmi,Bakı,2714.29
6226210,315000,AZN,3,130.0,7,23,True,True,False,Elmlər Akademiyası,Bakı,2423.08
6451707,560000,AZN,5,240.0,2,14,True,False,False,Nizami,Bakı,2333.33
6208362,320000,AZN,4,180.0,10,11,True,False,False,20 Yanvar,Bakı,1777.78
6064294,310000,AZN,4,110.0,16,18,True,True,True,7-ci mikrorayon,Bakı,2818.18
6299077,189000,AZN,3,85.0,6,9,True,False,False,Əhmədli,Bakı,2223.53
6383921,95000,AZN,2,60.0,1,6,True,False,False,Masazır,Bakı,1583.33
6273855,355000,AZN,3,113.0,4,14,True,True,True,Azadlıq Prospekti,Bakı,3141.59
6491117,520000,AZN,3,175.0,14,22,False,False,False,Nizami,Bakı,2971.43
6445609,275000,AZN,2,70.0,14,18,True,True,False,Yasamal,Bakı,3928.57
6143452,640000,AZN,3,120.0,12,17,True,False,False,Elmlər Akademiyası,Bakı,5333.33
5501175,286671,AZN,2,80.3,1,8,False,True,True,Sea Breeze,Bakı,3570.0
6374569,86000,AZN,3,60.0,1,6,True,False,False,Masazır,Bakı,1433.33
6492898,290000,AZN,3,138.0,10,18,True,False,False,Nəriman Nərimanov,Bakı,2101.45
5988281,280000,AZN,2,112.0,12,17,True,True,True,Nəsimi,Bakı,2500.0
6492895,218000,AZN,2,79.0,2,17,True,False,False,Qara Qarayev,Bakı,2759.49
6457642,159000,AZN,2,65.0,8,12,True,False,False,İnşaatçılar,Bakı,2446.15
6244171,190000,AZN,3,65.0,4,5,True,False,False,Neftçilər,Bakı,2923.08
6491559,79500,AZN,2,44.0,2,6,True,False,False,Masazır,Bakı,1806.82
5997450,199500,AZN,3,55.0,4,5,True,False,False,Nərimanov,Bakı,3627.27
6405600,274000,AZN,3,120.6,4,18,True,False,False,Həzi Aslanov,Bakı,2271.97
6325228,220000,AZN,2,105.0,6,22,True,False,False,Yasamal,Bakı,2095.24
6394202,187000,AZN,2,60.0,4,9,True,False,False,Əhmədli,Bakı,3116.67
6402204,167000,AZN,3,60.0,8,12,True,True,False,İnşaatçılar,Bakı,2783.33
6405771,530000,AZN,4,170.0,4,14,True,False,False,28 May,Bakı,3117.65
6489194,86500,AZN,2,75.0,5,6,True,False,False,Masazır,Bakı,1153.33
6476139,118000,AZN,2,40.0,8,9,True,False,False,Xalqlar Dostluğu,Bakı,2950.0
6277385,525000,AZN,4,178.0,12,17,True,False,False,Nizami,Bakı,2949.44
6291402,178000,AZN,2,60.0,10,15,True,False,False,Qara Qarayev,Bakı,2966.67
6409329,95000,AZN,2,68.0,2,13,True,False,False,Masazır,Bakı,1397.06
6324245,390000,AZN,3,138.0,5,16,True,False,False,Nəsimi,Bakı,2826.09
6360377,240000,AZN,3,80.0,6,9,True,False,False,Qara Qarayev,Bakı,3000.0
5999298,69000,AZN,1,72.4,2,10,False,True,True,Abşeron,Xırdalan,953.04
6492890,300000,AZN,3,125.0,6,20,True,False,False,İnşaatçılar,Bakı,2400.0
6346343,228000,AZN,3,105.0,7,12,True,False,False,Həzi Aslanov,Bakı,2171.43
6453556,79000,AZN,1,35.3,4,16,False,False,False,Sea Breeze,Bakı,2237.96
6316898,249000,AZN,3,131.0,6,16,True,True,True,Yeni Yasamal,Bakı,1900.76
6371364,233000,AZN,2,67.0,5,14,True,False,False,Nərimanov,Bakı,3477.61
6222651,365000,AZN,3,116.0,14,14,True,True,True,Nəsimi,Bakı,3146.55
6290252,356000,AZN,3,120.0,4,14,True,False,False,Şah İsmayıl Xətai,Bakı,2966.67
6492882,180000,AZN,2,49.0,1,5,True,False,False,Sahil,Bakı,3673.47
6483929,178000,AZN,2,60.0,3,5,True,True,True,Elmlər Akademiyası,Bakı,2966.67
6448433,87000,AZN,2,45.0,5,16,True,False,False,Həzi Aslanov,Bakı,1933.33
6202351,195000,AZN,5,125.0,9,9,True,False,False,Xətai,Bakı,1560.0
6238695,325000,AZN,3,79.0,8,12,True,True,True,Nəsimi,Bakı,4113.92
6490726,225000,AZN,3,75.0,3,5,True,False,False,Nəriman Nərimanov,Bakı,3000.0
6492887,303000,AZN,3,110.0,4,10,False,False,False,Nəriman Nərimanov,Bakı,2754.55
6177519,210000,AZN,2,68.0,9,18,True,False,False,8 Noyabr,Bakı,3088.24
6415574,235000,AZN,3,90.0,3,5,True,False,False,Qara Qarayev,Bakı,2611.11
6481174,230000,AZN,3,85.0,4,5,True,False,False,Nəsimi,Bakı,2705.88
6458560,395000,AZN,3,95.0,12,16,True,False,False,Nəriman Nərimanov,Bakı,4157.89
6459557,140000,AZN,3,80.0,2,5,True,False,False,Zığ,Bakı,1750.0
6184232,126000,AZN,1,30.0,3,5,True,False,False,Memar Əcəmi,Bakı,4200.0
6492886,190000,AZN,2,65.0,5,5,True,False,False,Gənclik,Bakı,2923.08
6481372,162000,AZN,2,50.0,2,5,True,False,False,Memar Əcəmi,Bakı,3240.0
6485279,920000,AZN,4,300.0,6,16,False,False,False,28 May,Bakı,3066.67
6468256,195000,AZN,2,77.0,2,10,True,False,False,20 Yanvar,Bakı,2532.47
6460659,169900,AZN,2,51.0,17,19,True,False,False,Xətai,Bakı,3331.37
6491383,145000,AZN,2,50.0,3,5,True,False,False,Memar Əcəmi,Bakı,2900.0
6489567,135000,AZN,3,55.0,2,5,True,False,False,Memar Əcəmi,Bakı,2454.55
6465107,127000,AZN,2,40.0,3,5,True,False,False,Həzi Aslanov,Bakı,3175.0
6413363,242010,AZN,3,79.0,12,15,True,False,False,Həzi Aslanov,Bakı,3063.42
6478116,200000,AZN,2,60.0,4,5,True,False,False,Nərimanov,Bakı,3333.33
6206645,168000,AZN,3,90.0,9,9,True,False,False,Əhmədli,Bakı,1866.67
5674326,65000,AZN,3,57.0,6,6,True,False,False,Masazır,Bakı,1140.35
6389768,213000,AZN,2,65.0,6,9,True,False,False,Azadlıq Prospekti,Bakı,3276.92
5552128,414766,AZN,2,110.9,4,7,False,True,True,Sea Breeze,Bakı,3740.0
6127070,165000,AZN,2,58.5,12,13,True,False,False,Əhmədli,Bakı,2820.51
6246015,40000,AZN,1,40.0,5,5,False,False,False,Masazır,Bakı,1000.0
4215261,360000,AZN,2,102.0,12,18,True,False,False,Şah İsmayıl Xətai,Bakı,3529.41
6442722,318000,AZN,3,113.0,10,17,False,False,False,28 May,Bakı,2814.16
6065364,84500,AZN,2,50.0,7,11,True,False,False,Abşeron,Xırdalan,1690.0
6016703,375000,AZN,3,120.0,8,20,False,False,False,Nizami,Bakı,3125.0
5957171,380000,AZN,3,120.0,6,12,False,False,False,Nərimanov,Bakı,3166.67
5462626,106000,AZN,3,122.0,5,8,False,False,False,Masazır,Bakı,868.85
6448235,333000,AZN,2,67.1,12,20,False,False,False,Şah İsmayıl Xətai,Bakı,4962.74
6427347,320000,AZN,4,141.0,15,18,True,False,False,Əhmədli,Bakı,2269.5
6467273,175000,AZN,2,57.0,3,5,True,True,True,Elmlər Akademiyası,Bakı,3070.18
6452541,297000,AZN,4,120.0,5,9,True,False,False,Elmlər Akademiyası,Bakı,2475.0
6429268,155000,AZN,2,44.0,6,12,True,False,False,Həzi Aslanov,Bakı,3522.73
5797083,380000,AZN,3,120.0,15,17,True,False,False,Nəsimi,Bakı,3166.67
6481391,72000,AZN,2,44.0,2,6,True,False,False,Masazır,Bakı,1636.36
6483032,570000,AZN,3,140.0,9,17,True,False,False,28 May,Bakı,4071.43
6132632,155000,AZN,2,65.0,10,10,True,False,False,Əhmədli,Bakı,2384.62
6492879,400000,AZN,4,150.0,9,16,True,False,False,8 Noyabr,Bakı,2666.67
6431979,257499,AZN,1,56.1,2,7,False,True,True,Nardaran,Bakı,4590.0
6402985,265000,AZN,3,127.0,18,18,True,False,False,Nərimanov,Bakı,2086.61
6465646,445000,AZN,4,165.0,5,16,True,False,False,Nəriman Nərimanov,Bakı,2696.97
6473969,169500,AZN,2,65.0,6,9,True,False,False,Əhmədli,Bakı,2607.69
6139051,148000,AZN,2,77.0,5,16,False,False,False,Xətai,Bakı,1922.08
6261203,387000,AZN,3,100.0,14,19,True,True,False,Nəsimi,Bakı,3870.0
6477349,145000,AZN,1,63.0,3,15,False,True,False,Azadlıq Prospekti,Bakı,2301.59
6485627,239000,AZN,3,85.0,2,4,True,False,False,28 May,Bakı,2811.76
6467906,174000,AZN,2,60.0,1,9,True,False,False,Xalqlar Dostluğu,Bakı,2900.0
6100231,148000,AZN,3,75.0,9,9,True,False,False,Həzi Aslanov,Bakı,1973.33
6129360,210000,AZN,3,85.0,1,5,,True,False,Bayıl,Bakı,2470.59
6457751,227000,AZN,3,90.0,7,9,True,False,False,Xalqlar Dostluğu,Bakı,2522.22
6474855,420000,AZN,3,162.0,7,10,True,True,False,Nəsimi,Bakı,2592.59
6455965,179000,AZN,3,60.0,2,9,True,False,False,Xalqlar Dostluğu,Bakı,2983.33
6161736,123000,AZN,3,70.0,8,10,True,False,False,Masazır,Bakı,1757.14
6321321,610000,AZN,4,211.0,10,18,True,False,False,Şah İsmayıl Xətai,Bakı,2891.0
6229269,143000,AZN,3,75.0,9,9,True,False,False,Suraxanı,Bakı,1906.67
5052465,345000,AZN,3,100.5,10,16,True,False,False,Şah İsmayıl Xətai,Bakı,3432.84
5754834,168000,AZN,2,56.0,8,16,True,False,False,Həzi Aslanov,Bakı,3000.0
6443448,255000,AZN,3,80.0,3,4,True,True,True,Yasamal,Bakı,3187.5
6490348,162000,AZN,2,55.0,2,5,True,False,False,Xalqlar Dostluğu,Bakı,2945.45
3466697,909500,AZN,5,267.5,7,15,False,True,True,Nizami,Bakı,3400.0
6478604,160000,AZN,3,90.0,8,9,True,False,False,Yeni Günəşli,Bakı,1777.78
6321554,435000,AZN,3,125.0,16,16,True,False,False,Şah İsmayıl Xətai,Bakı,3480.0
6492638,142000,AZN,2,50.0,1,5,True,True,True,Memar Əcəmi,Bakı,2840.0
6035652,495000,AZN,3,155.0,17,18,True,True,False,Elmlər Akademiyası,Bakı,3193.55
6062179,339000,AZN,3,123.0,16,17,True,False,False,Əhmədli,Bakı,2756.1
5044313,456000,AZN,2,114.0,2,15,True,True,True,Nizami,Bakı,4000.0
6441925,67000,AZN,2,54.0,6,6,True,False,False,Masazır,Bakı,1240.74
6483038,248000,AZN,3,110.0,8,12,True,False,False,Xətai,Bakı,2254.55
6484923,212000,AZN,2,75.0,18,20,True,False,False,Nəriman Nərimanov,Bakı,2826.67
5598659,470000,AZN,3,150.0,14,18,True,False,False,Şah İsmayıl Xətai,Bakı,3133.33
6446687,497000,AZN,3,150.0,7,20,True,True,False,Gənclik,Bakı,3313.33
5047008,783360,AZN,4,230.4,5,15,False,True,True,Nizami,Bakı,3400.0
5047084,909500,AZN,5,267.5,7,15,False,True,True,Nəsimi,Bakı,3400.0
5466118,970000,AZN,4,200.0,5,17,True,False,False,Nizami,Bakı,4850.0
6428341,232000,AZN,4,140.0,13,13,True,False,False,Həzi Aslanov,Bakı,1657.14
6405777,105000,AZN,2,35.0,2,5,False,True,False,Bakıxanov,Bakı,3000.0
6018860,274000,AZN,3,122.0,4,17,True,False,False,Həzi Aslanov,Bakı,2245.9
6447210,368000,AZN,3,135.0,12,18,True,True,True,Nəriman Nərimanov,Bakı,2725.93
6492873,170000,AZN,2,60.0,12,17,True,False,False,İnşaatçılar,Bakı,2833.33
6446269,1190000,AZN,4,215.0,7,17,True,False,False,28 May,Bakı,5534.88
6431312,285000,AZN,3,110.0,7,20,True,False,False,Həzi Aslanov,Bakı,2590.91
5788625,518000,AZN,3,133.0,4,17,False,False,False,28 May,Bakı,3894.74
6441033,175000,AZN,2,58.0,12,19,True,False,False,Xətai,Bakı,3017.24
6338526,454000,AZN,3,65.0,5,7,True,False,False,Ağ şəhər,Bakı,6984.62
5786668,416000,AZN,2,104.0,3,15,True,True,True,Nizami,Bakı,4000.0
6492864,355000,AZN,5,130.0,3,9,True,False,False,Nəsimi,Bakı,2730.77
6458821,228000,AZN,2,60.0,9,9,True,False,False,Şah İsmayıl Xətai,Bakı,3800.0
6492872,450000,AZN,3,96.0,3,7,True,False,False,Ağ şəhər,Bakı,4687.5
6146040,255000,AZN,4,110.0,2,9,True,False,False,Xalqlar Dostluğu,Bakı,2318.18
6472459,114000,AZN,3,80.0,4,6,True,True,True,Masazır,Bakı,1425.0
5786592,348000,AZN,2,87.0,2,15,True,True,True,Nizami,Bakı,4000.0
5555449,449616,AZN,2,82.7,4,4,True,True,True,Sea Breeze,Bakı,5436.71
6485383,89000,AZN,2,62.0,1,5,True,False,False,Masazır,Bakı,1435.48
6155306,235000,AZN,3,90.0,3,9,True,False,False,Əhmədli,Bakı,2611.11
5667799,305000,AZN,2,70.0,4,17,True,False,False,Elmlər Akademiyası,Bakı,4357.14
6253967,114000,AZN,3,55.0,1,5,True,False,False,7-ci mikrorayon,Bakı,2072.73
6482967,395000,AZN,3,140.0,5,18,True,False,False,Nəriman Nərimanov,Bakı,2821.43
6470240,225000,AZN,2,60.0,15,16,False,True,False,28 May,Bakı,3750.0
6488049,650000,AZN,4,195.0,5,16,False,False,False,Nizami,Bakı,3333.33
6488666,370000,AZN,3,85.0,2,5,True,False,False,28 May,Bakı,4352.94
6489055,430000,AZN,3,144.0,14,17,True,True,True,Nəriman Nərimanov,Bakı,2986.11
6247851,57500,AZN,1,29.0,8,18,True,True,False,Abşeron,Xırdalan,1982.76
5853079,1450000,AZN,5,420.0,18,18,False,False,False,Nəsimi,Bakı,3452.38
6035474,550000,AZN,4,120.0,3,4,True,False,False,Sahil,Bakı,4583.33
6487105,359000,AZN,3,100.0,12,14,True,False,False,İnşaatçılar,Bakı,3590.0
5047211,592960,AZN,3,174.4,2,15,False,True,True,Nizami,Bakı,3400.0
6487806,284500,AZN,3,91.0,12,17,True,False,False,Bayıl,Bakı,3126.37
6482492,580000,AZN,3,157.0,16,21,False,False,False,Ağ şəhər,Bakı,3694.27
6363449,56000,AZN,1,51.0,4,7,False,False,False,Masazır,Bakı,1098.04
6491839,749000,AZN,4,150.0,2,8,True,False,False,Ağ şəhər,Bakı,4993.33
6244546,185000,AZN,4,135.5,8,8,True,False,False,Abşeron,Xırdalan,1365.31
6362766,189000,AZN,2,60.0,6,9,True,False,False,Həzi Aslanov,Bakı,3150.0
6471567,156000,AZN,3,75.0,1,5,True,False,False,Memar Əcəmi,Bakı,2080.0
6303020,310000,AZN,3,135.0,2,5,True,True,True,Qara Qarayev,Bakı,2296.3
6492868,232000,AZN,3,104.0,17,20,False,False,False,Xətai,Bakı,2230.77
6457833,305000,AZN,3,110.0,7,18,True,True,False,Azadlıq Prospekti,Bakı,2772.73
6382259,383775,AZN,2,90.3,11,11,False,True,True,Nardaran,Bakı,4250.0
4078471,606060,AZN,4,163.8,15,16,False,True,True,Nizami,Bakı,3700.0
6296786,1650000,AZN,4,220.0,8,20,False,False,False,Ağ şəhər,Bakı,7500.0
6457646,259000,AZN,3,110.0,5,17,True,False,False,Yeni Yasamal,Bakı,2354.55
6178052,520000,AZN,4,200.5,6,18,True,False,False,28 May,Bakı,2593.52
6125983,280000,AZN,2,65.5,4,18,True,False,False,Nəsimi,Bakı,4274.81
5431278,1800000,AZN,4,260.5,7,15,True,False,False,Sahil,Bakı,6909.79
6492813,155000,AZN,2,92.0,13,20,False,False,False,Yeni Yasamal,Bakı,1684.78
6461521,178000,AZN,2,65.0,7,9,True,False,False,Yeni Yasamal,Bakı,2738.46
6470189,323000,AZN,2,100.0,4,6,True,False,False,Nardaran,Bakı,3230.0
6453942,190000,AZN,2,95.0,2,17,True,False,False,Yeni Yasamal,Bakı,2000.0
6470174,258000,AZN,3,110.0,8,16,True,False,False,Həzi Aslanov,Bakı,2345.45
6387728,408000,AZN,2,110.0,6,16,True,True,False,Nəsimi,Bakı,3709.09
6200632,274000,AZN,3,106.9,10,17,False,False,False,Koroğlu,Bakı,2563.14
6486790,103320,AZN,2,73.8,6,12,False,True,False,Lökbatan,Bakı,1400.0
6481860,133500,AZN,2,42.0,13,13,True,False,False,Yeni Yasamal,Bakı,3178.57
6185881,222000,AZN,3,70.0,2,5,True,True,False,İnşaatçılar,Bakı,3171.43
6492863,195000,AZN,2,65.0,2,15,True,False,False,Qara Qarayev,Bakı,3000.0
6463842,195000,AZN,2,67.0,9,9,True,False,False,Yasamal,Bakı,2910.45
6206924,621000,AZN,3,139.0,3,8,False,False,False,Ağ şəhər,Bakı,4467.63
6452537,365000,AZN,4,160.0,16,17,True,True,True,İnşaatçılar,Bakı,2281.25
6457552,270000,AZN,1,46.0,2,6,True,True,True,Nardaran,Bakı,5869.57
6207211,150000,AZN,3,65.0,11,17,True,True,False,Əhmədli,Bakı,2307.69
6363589,155000,AZN,3,82.0,1,5,True,False,False,Badamdar,Bakı,1890.24
6473124,115000,AZN,1,44.0,4,9,False,True,True,Sea Breeze,Bakı,2613.64
6343990,148000,AZN,3,62.0,2,9,True,False,False,Yeni Günəşli,Bakı,2387.1
6473127,170000,AZN,2,65.0,2,9,False,True,True,Sea Breeze,Bakı,2615.38
6477198,180000,AZN,2,80.0,12,14,True,False,False,Əhmədli,Bakı,2250.0
6483838,97500,AZN,2,70.0,3,11,True,True,False,Abşeron,Xırdalan,1392.86
6473129,120000,AZN,1,44.0,6,9,False,True,True,Sea Breeze,Bakı,2727.27
6473131,91000,AZN,1,38.0,8,14,False,True,True,Sea Breeze,Bakı,2394.74
6483844,109500,AZN,2,45.0,11,16,True,True,True,Abşeron,Xırdalan,2433.33
6464934,145000,AZN,2,50.0,6,6,True,False,False,Bayıl,Bakı,2900.0
5863380,395148,AZN,2,89.4,8,9,True,True,True,Nardaran,Bakı,4420.0
6412893,94900,AZN,2,45.0,5,13,True,True,True,Abşeron,Xırdalan,2108.89
5863392,454580,AZN,3,95.5,4,9,True,True,True,Nardaran,Bakı,4760.0
6369474,345000,AZN,3,120.0,9,14,True,False,False,İnşaatçılar,Bakı,2875.0
6481059,435000,AZN,4,162.0,2,7,True,False,False,Nizami,Bakı,2685.19
6092747,75000,AZN,2,40.0,4,6,True,True,False,Masazır,Bakı,1875.0
5860670,330000,AZN,3,135.0,21,22,True,False,False,Nizami,Bakı,2444.44
6483910,213000,AZN,2,75.0,18,20,True,False,False,Nəriman Nərimanov,Bakı,2840.0
6428368,220000,AZN,3,85.0,5,16,True,False,False,9-cu mikrorayon,Bakı,2588.24
6478621,160000,AZN,2,84.5,6,10,False,False,False,Biləcəri,Bakı,1893.49
6481046,79500,AZN,2,44.0,4,6,True,True,True,Masazır,Bakı,1806.82
6492860,220000,AZN,3,85.0,7,9,True,False,False,Memar Əcəmi,Bakı,2588.24
6432852,220000,AZN,4,87.0,17,18,True,False,False,9-cu mikrorayon,Bakı,2528.74
6483990,130500,AZN,2,40.0,4,5,True,False,False,Memar Əcəmi,Bakı,3262.5
6218270,245000,AZN,2,65.0,10,20,True,True,False,8 Noyabr,Bakı,3769.23
6483821,168000,AZN,2,55.0,2,5,True,False,False,Memar Əcəmi,Bakı,3054.55
6434796,186000,AZN,3,69.0,4,17,True,True,False,Biləcəri,Bakı,2695.65
6461419,269000,AZN,2,62.0,8,12,True,True,False,28 May,Bakı,4338.71
6409017,285000,AZN,3,91.0,5,15,True,False,False,Həzi Aslanov,Bakı,3131.87
6248502,79500,AZN,2,44.0,4,6,True,True,True,Masazır,Bakı,1806.82
6492854,135000,AZN,3,54.0,10,12,True,False,False,Qaraçuxur,Bakı,2500.0
6445498,340000,AZN,4,153.0,17,20,True,True,False,Həzi Aslanov,Bakı,2222.22
6230653,159000,AZN,2,55.0,4,5,True,False,False,Memar Əcəmi,Bakı,2890.91
6346834,385000,AZN,3,116.0,10,14,True,True,True,28 May,Bakı,3318.97
6168618,75000,AZN,2,44.0,4,6,True,True,False,Masazır,Bakı,1704.55
6492853,157000,AZN,3,112.0,4,18,True,True,True,Abşeron,Xırdalan,1401.79
5887331,52000,AZN,1,35.0,4,6,False,True,False,Masazır,Bakı,1485.71
5647358,395000,AZN,3,140.0,5,18,True,True,True,Nəriman Nərimanov,Bakı,2821.43
6486308,228000,AZN,4,104.0,5,9,True,False,False,İnşaatçılar,Bakı,2192.31
6434780,470000,AZN,3,134.5,10,14,True,True,False,Nərimanov,Bakı,3494.42
6457169,205000,AZN,3,95.0,16,16,True,False,False,Həzi Aslanov,Bakı,2157.89
6451638,155000,AZN,2,50.0,6,12,True,False,False,Həzi Aslanov,Bakı,3100.0
6337725,149000,AZN,2,45.0,3,5,True,False,False,Neftçilər,Bakı,3311.11
6418152,147000,AZN,2,65.0,1,9,True,False,False,Həzi Aslanov,Bakı,2261.54
5510236,210000,AZN,2,55.0,3,5,True,True,False,Nizami,Bakı,3818.18
6478050,289000,AZN,3,96.0,15,21,True,False,False,Həzi Aslanov,Bakı,3010.42
6375775,305000,AZN,2,68.0,4,17,True,False,False,Elmlər Akademiyası,Bakı,4485.29
6424047,210000,AZN,3,74.0,16,17,True,False,False,Həzi Aslanov,Bakı,2837.84
4329059,450000,AZN,5,200.0,3,6,True,False,False,28 May,Bakı,2250.0
6483650,162000,AZN,2,50.0,2,9,True,False,False,Azadlıq Prospekti,Bakı,3240.0
6487088,228000,AZN,3,85.0,6,14,True,False,False,Bakıxanov,Bakı,2682.35
6432851,340000,AZN,3,133.0,2,4,True,False,False,Həzi Aslanov,Bakı,2556.39
6478350,160000,AZN,2,75.0,2,20,True,False,False,Əhmədli,Bakı,2133.33
6059267,142500,AZN,2,72.3,8,10,False,True,False,Biləcəri,Bakı,1970.95
6457291,209000,AZN,3,82.0,9,9,True,False,False,Əhmədli,Bakı,2548.78
6492851,345000,AZN,3,120.0,12,16,True,False,False,İnşaatçılar,Bakı,2875.0
6483651,275000,AZN,3,132.0,7,18,False,False,False,Badamdar,Bakı,2083.33
6489892,135000,AZN,2,55.0,2,17,True,False,False,İnşaatçılar,Bakı,2454.55
6419420,350000,AZN,2,91.0,8,17,True,False,False,28 May,Bakı,3846.15
6380722,113000,AZN,1,25.0,2,2,True,False,False,Sahil,Bakı,4520.0
6490082,150000,AZN,2,65.0,2,5,True,False,False,20 Yanvar,Bakı,2307.69
6465298,325000,AZN,2,95.0,2,17,True,False,False,28 May,Bakı,3421.05
6489975,330000,AZN,4,120.0,2,9,True,False,False,Elmlər Akademiyası,Bakı,2750.0
6490438,210000,AZN,2,60.0,10,15,True,False,False,İnşaatçılar,Bakı,3500.0
6478981,430000,AZN,3,144.0,14,17,True,True,True,Nərimanov,Bakı,2986.11
6489320,150000,AZN,2,55.0,2,5,True,False,False,20 Yanvar,Bakı,2727.27
6489347,188000,AZN,2,51.0,12,19,True,False,False,20 Yanvar,Bakı,3686.27
6413037,610000,AZN,5,215.0,5,19,True,False,False,Şah İsmayıl Xətai,Bakı,2837.21
6475718,219000,AZN,3,95.0,8,17,True,False,False,Həzi Aslanov,Bakı,2305.26
6465112,167000,AZN,2,65.0,4,9,True,False,False,Xətai,Bakı,2569.23
6050578,242000,AZN,3,80.0,12,15,True,False,False,Həzi Aslanov,Bakı,3025.0
6191366,590000,AZN,4,215.0,12,18,True,True,True,Azadlıq Prospekti,Bakı,2744.19
5976817,200000,AZN,2,80.0,6,15,True,False,False,Həzi Aslanov,Bakı,2500.0
6475714,175000,AZN,2,56.0,14,17,True,False,False,Həzi Aslanov,Bakı,3125.0
6471549,167000,AZN,2,60.0,4,9,True,False,False,Əhmədli,Bakı,2783.33
6466652,184000,AZN,2,65.0,2,9,True,False,False,Həzi Aslanov,Bakı,2830.77
6394227,142500,AZN,2,60.0,5,9,True,False,False,Əhmədli,Bakı,2375.0
6492844,265000,AZN,3,70.0,3,5,True,False,False,Yasamal,Bakı,3785.71
6483307,372000,AZN,3,116.0,11,14,False,True,True,Azadlıq Prospekti,Bakı,3206.9
6115366,650000,AZN,4,220.0,9,10,True,False,False,Nizami,Bakı,2954.55
6416218,640000,AZN,5,200.3,6,18,False,False,False,Nizami,Bakı,3195.21
5931583,790000,AZN,5,295.0,19,20,False,False,False,28 May,Bakı,2677.97
6443836,232000,AZN,3,98.1,7,14,False,False,False,Bakıxanov,Bakı,2364.93
6449768,137000,AZN,2,42.0,5,5,True,False,False,Nəriman Nərimanov,Bakı,3261.9
6396753,181000,AZN,3,80.0,6,9,True,False,False,Həzi Aslanov,Bakı,2262.5
6492843,124000,AZN,2,55.0,5,5,True,False,False,Memar Əcəmi,Bakı,2254.55
6396306,218000,AZN,2,60.0,2,18,True,False,False,28 May,Bakı,3633.33
6425378,229000,AZN,3,98.0,10,15,True,True,False,Həzi Aslanov,Bakı,2336.73
6468251,100000,AZN,2,45.0,5,5,True,True,False,Biləcəri,Bakı,2222.22
6427993,256000,AZN,2,96.0,13,18,True,False,False,İnşaatçılar,Bakı,2666.67
6383180,469000,AZN,4,131.0,8,17,True,False,False,İnşaatçılar,Bakı,3580.15
6051420,330000,AZN,3,108.0,12,15,,False,False,Nəsimi,Bakı,3055.56
6492840,160000,AZN,2,62.0,5,9,True,False,False,Həzi Aslanov,Bakı,2580.65
6492838,238000,AZN,4,100.0,1,5,True,False,False,Bakıxanov,Bakı,2380.0
6421113,153500,AZN,2,60.0,9,9,True,False,False,Azadlıq Prospekti,Bakı,2558.33
6387796,280000,AZN,3,115.0,19,20,True,True,False,8 Noyabr,Bakı,2434.78
6492837,125000,AZN,2,68.0,4,4,True,False,False,Qaraçuxur,Bakı,1838.24
6336682,325000,AZN,3,100.0,5,5,True,True,True,Şah İsmayıl Xətai,Bakı,3250.0
6275991,210000,AZN,4,100.0,8,9,True,True,False,Əhmədli,Bakı,2100.0
6461388,195000,AZN,3,75.0,5,5,True,True,False,İnşaatçılar,Bakı,2600.0
6409623,455000,AZN,4,156.0,4,12,True,False,False,Bakıxanov,Bakı,2916.67
6275087,165000,AZN,3,80.0,8,9,True,True,False,Əhmədli,Bakı,2062.5
6449947,177000,AZN,4,114.0,4,9,True,True,False,Hövsan,Bakı,1552.63
6419736,332134,AZN,2,107.4,3,18,False,True,True,Badamdar,Bakı,3092.5
5613267,165000,AZN,2,77.0,12,15,True,True,False,İnşaatçılar,Bakı,2142.86
6484542,93000,AZN,2,77.0,1,6,True,True,True,Masazır,Bakı,1207.79
6467295,435000,AZN,4,190.0,12,18,True,True,True,Nəsimi,Bakı,2289.47
6492830,205000,AZN,3,83.0,2,12,True,False,False,Yasamal,Bakı,2469.88
6483891,165000,AZN,3,69.0,3,17,True,False,False,Yeni Günəşli,Bakı,2391.3
6161888,453000,AZN,3,165.0,17,17,False,False,False,Elmlər Akademiyası,Bakı,2745.45
6245444,714000,AZN,3,207.0,16,21,False,False,False,Elmlər Akademiyası,Bakı,3449.28
6020217,495000,AZN,3,93.0,3,4,True,True,True,Sea Breeze,Bakı,5322.58
6476576,154000,AZN,2,52.0,4,5,True,False,False,Memar Əcəmi,Bakı,2961.54
6476374,184000,AZN,3,85.0,3,5,True,True,True,Bakıxanov,Bakı,2164.71
6484081,780000,AZN,4,217.0,7,17,True,True,True,Gənclik,Bakı,3594.47
6438502,182000,AZN,2,65.0,1,9,True,False,False,Xalqlar Dostluğu,Bakı,2800.0
6362464,335000,AZN,2,100.0,11,19,True,False,False,Nərimanov,Bakı,3350.0
6463324,168000,AZN,2,60.0,3,9,True,False,False,Həzi Aslanov,Bakı,2800.0
6340250,495000,AZN,3,130.0,7,16,True,False,False,Gənclik,Bakı,3807.69
6258748,175000,AZN,2,60.0,2,4,True,False,False,Nərimanov,Bakı,2916.67
6312320,430000,AZN,3,162.0,16,17,True,False,False,Nərimanov,Bakı,2654.32
6301481,465000,AZN,4,141.0,16,17,True,False,False,Nəsimi,Bakı,3297.87
6360382,590000,AZN,4,210.0,13,18,True,False,False,Nəsimi,Bakı,2809.52
6321076,288000,AZN,2,70.0,18,21,True,False,False,Nəsimi,Bakı,4114.29
6249580,560000,AZN,4,175.0,4,21,True,False,False,Nəsimi,Bakı,3200.0
6362781,213900,AZN,4,136.0,11,19,True,False,False,Bakıxanov,Bakı,1572.79
6422602,650000,AZN,3,400.0,18,18,True,True,True,Nəriman Nərimanov,Bakı,1625.0
5846169,148000,AZN,2,60.0,7,9,True,True,False,Əhmədli,Bakı,2466.67
6340459,220000,AZN,3,80.0,2,5,True,False,False,Qara Qarayev,Bakı,2750.0
5388275,195000,AZN,3,69.5,3,9,True,False,False,Əhmədli,Bakı,2805.76
5153327,410000,AZN,3,135.0,9,16,True,False,False,Şah İsmayıl Xətai,Bakı,3037.04
5153320,309000,AZN,2,96.0,9,16,True,False,False,Şah İsmayıl Xətai,Bakı,3218.75
5358990,340000,AZN,3,106.0,14,18,True,False,False,Qara Qarayev,Bakı,3207.55
6425632,340000,AZN,3,133.0,2,4,True,True,False,Həzi Aslanov,Bakı,2556.39
6174030,200320,AZN,1,64.0,7,12,False,False,False,Qara Qarayev,Bakı,3130.0
6492822,175000,AZN,3,75.0,8,9,True,False,False,Qara Qarayev,Bakı,2333.33
5478597,310000,AZN,3,106.6,3,17,True,False,False,Qara Qarayev,Bakı,2908.07
6312934,138500,AZN,3,61.0,13,14,False,True,False,Bakıxanov,Bakı,2270.49
6447338,228000,AZN,2,71.0,9,17,True,False,False,Qara Qarayev,Bakı,3211.27
6492819,267000,AZN,3,95.0,7,16,True,False,False,Neftçilər,Bakı,2810.53
6489426,207000,AZN,2,60.6,5,5,True,False,False,Elmlər Akademiyası,Bakı,3415.84
6422696,152000,AZN,2,55.0,4,5,True,False,False,Memar Əcəmi,Bakı,2763.64
6209044,205000,AZN,2,70.0,14,17,True,False,False,Qara Qarayev,Bakı,2928.57
6221233,205000,AZN,2,64.0,9,16,True,False,False,Qara Qarayev,Bakı,3203.12
6429713,236300,AZN,2,51.0,8,9,True,True,False,İnşaatçılar,Bakı,4633.33
6487437,103000,AZN,2,52.3,3,16,False,False,False,Zığ,Bakı,1969.41
6302608,355000,AZN,3,120.0,15,17,True,True,False,Gənclik,Bakı,2958.33
6429178,289000,AZN,3,131.0,4,13,True,True,False,Yeni Günəşli,Bakı,2206.11
6434719,145000,AZN,2,55.0,1,5,True,False,False,Memar Əcəmi,Bakı,2636.36
6216842,310000,AZN,4,140.0,4,16,False,False,False,Səbail,Bakı,2214.29
6409731,155000,AZN,2,52.0,1,5,True,False,False,Memar Əcəmi,Bakı,2980.77
6391484,305000,AZN,3,123.0,2,16,True,False,False,Şah İsmayıl Xətai,Bakı,2479.67
6491671,175000,AZN,2,72.0,15,20,True,False,False,Əhmədli,Bakı,2430.56
6451395,228000,AZN,3,90.0,9,9,True,True,False,Bakıxanov,Bakı,2533.33
6492815,230000,AZN,2,80.0,15,17,True,False,False,Memar Əcəmi,Bakı,2875.0
6442433,186000,AZN,2,63.0,8,17,True,False,False,Nəsimi,Bakı,2952.38
6480790,192000,AZN,3,80.0,5,9,True,True,False,Həzi Aslanov,Bakı,2400.0
6297300,475000,AZN,3,130.0,16,22,True,False,False,Elmlər Akademiyası,Bakı,3653.85
6434729,205000,AZN,2,62.0,10,13,True,False,False,Memar Əcəmi,Bakı,3306.45
6487214,105000,AZN,1,35.0,4,4,True,False,False,Elmlər Akademiyası,Bakı,3000.0
6131452,290000,AZN,3,81.0,19,20,True,True,False,Elmlər Akademiyası,Bakı,3580.25
6488914,550000,AZN,3,170.0,8,16,True,True,False,Səbail,Bakı,3235.29
6392469,550000,AZN,4,225.0,4,16,True,True,False,Nəsimi,Bakı,2444.44
6475319,123000,AZN,3,75.0,8,10,True,True,False,Masazır,Bakı,1640.0
6216169,395000,AZN,2,98.0,7,15,True,True,False,Gənclik,Bakı,4030.61
6372928,208000,AZN,2,80.0,10,12,True,False,False,Yeni Yasamal,Bakı,2600.0
6070839,91000,AZN,2,78.0,11,18,False,False,False,Lökbatan,Bakı,1166.67
6211088,157000,AZN,2,52.0,3,9,True,True,True,Nərimanov,Bakı,3019.23
5963351,95000,AZN,2,79.0,10,18,False,False,False,Lökbatan,Bakı,1202.53
6492803,188000,AZN,3,70.0,3,5,True,False,False,Qara Qarayev,Bakı,2685.71
5784508,365000,AZN,3,135.0,15,16,True,True,False,Nəsimi,Bakı,2703.7
5893233,1000000,AZN,7,450.0,2,2,True,True,False,Sahil,Bakı,2222.22
6489782,285000,AZN,3,136.0,16,18,True,True,False,Yeni Yasamal,Bakı,2095.59
6464304,137000,AZN,2,60.0,2,5,True,False,False,Memar Əcəmi,Bakı,2283.33
6474155,123000,AZN,2,60.0,2,9,True,False,False,Əhmədli,Bakı,2050.0
6489778,178000,AZN,2,63.0,3,16,True,True,True,Həzi Aslanov,Bakı,2825.4
6325622,399999,AZN,2,70.0,2,7,True,False,False,Nardaran,Bakı,5714.27
6406618,105000,AZN,1,60.9,1,3,True,False,False,Bakıxanov,Bakı,1724.14
6429468,270000,AZN,3,83.0,12,14,True,True,True,Yasamal,Bakı,3253.01
6434895,415000,AZN,4,156.0,15,17,True,True,True,Binəqədi,Bakı,2660.26
6419656,410000,AZN,3,152.0,4,20,True,True,True,Badamdar,Bakı,2697.37
6464234,116000,AZN,1,45.0,6,9,True,False,False,Köhnə Günəşli,Bakı,2577.78
6413827,223000,AZN,3,85.0,4,9,True,False,False,Xalqlar Dostluğu,Bakı,2623.53
6257384,175000,AZN,2,65.0,4,9,True,False,False,Əhmədli,Bakı,2692.31
6480078,380000,AZN,4,160.0,10,16,True,False,False,8-ci mikrorayon,Bakı,2375.0
6478024,163000,AZN,2,53.0,4,5,True,False,False,Nərimanov,Bakı,3075.47
6397946,179000,AZN,2,60.0,16,20,True,True,False,Həzi Aslanov,Bakı,2983.33
6456512,265000,AZN,3,100.0,15,19,True,False,False,8 Noyabr,Bakı,2650.0
6492796,300000,AZN,3,103.3,14,16,True,False,False,Qara Qarayev,Bakı,2904.16
6454101,255000,AZN,2,110.0,17,17,True,True,True,Nəsimi,Bakı,2318.18
6486753,270000,AZN,3,71.3,10,19,True,True,False,Xətai,Bakı,3786.82
6489214,355000,AZN,2,76.0,19,24,True,False,False,Şah İsmayıl Xətai,Bakı,4671.05
5923698,136000,AZN,3,65.0,2,5,True,True,False,Avtovağzal,Bakı,2092.31
6125500,145000,AZN,3,75.0,6,10,True,True,False,Məmmədli,Bakı,1933.33
6240187,380000,AZN,3,106.0,2,3,True,False,False,Səbail,Bakı,3584.91
6491640,116000,AZN,1,36.0,7,9,True,False,False,Massiv D,Bakı,3222.22
6492795,460000,AZN,3,114.0,11,22,True,True,True,Elmlər Akademiyası,Bakı,4035.09
6409676,79500,AZN,2,87.0,13,16,False,True,True,Masazır,Bakı,913.79
5785456,435000,AZN,3,132.0,5,16,True,False,False,Şah İsmayıl Xətai,Bakı,3295.45
6409342,158000,AZN,3,64.0,3,4,True,True,False,Azadlıq Prospekti,Bakı,2468.75
6227556,415000,AZN,3,127.0,14,18,True,False,False,Nəriman Nərimanov,Bakı,3267.72
6475954,232000,AZN,3,104.0,17,21,False,False,False,Xətai,Bakı,2230.77
6448042,297000,AZN,3,135.0,8,11,True,False,False,İnşaatçılar,Bakı,2200.0
6492791,365000,AZN,3,130.0,13,17,True,False,False,Elmlər Akademiyası,Bakı,2807.69
6492790,158000,AZN,2,58.0,2,5,True,False,False,Memar Əcəmi,Bakı,2724.14
6492788,450000,AZN,2,65.0,12,21,True,False,False,28 May,Bakı,6923.08
6492786,189999,AZN,3,70.0,9,9,True,False,False,Memar Əcəmi,Bakı,2714.27
6492782,175000,AZN,3,75.0,8,9,True,False,False,Koroğlu,Bakı,2333.33
6325602,158000,AZN,4,105.0,2,9,True,False,False,Hövsan,Bakı,1504.76
6492781,75000,AZN,2,50.0,3,5,True,False,False,Masazır,Bakı,1500.0
6492780,610000,AZN,4,129.0,2,9,True,False,False,Nizami,Bakı,4728.68
6492779,555000,AZN,4,127.0,10,17,True,False,False,Nəriman Nərimanov,Bakı,4370.08
6399447,146000,AZN,2,55.0,3,5,True,True,False,Memar Əcəmi,Bakı,2654.55
6435329,178000,AZN,3,65.0,4,5,True,True,False,Memar Əcəmi,Bakı,2738.46
6306498,146000,AZN,2,55.0,3,5,True,True,False,Memar Əcəmi,Bakı,2654.55
6488493,550000,AZN,4,123.0,7,7,True,False,False,Ağ şəhər,Bakı,4471.54
6375171,256000,AZN,2,72.1,6,10,True,True,True,7-ci mikrorayon,Bakı,3550.62
6464358,137000,AZN,3,75.0,8,9,True,True,False,Hövsan,Bakı,1826.67
6237241,127500,AZN,3,71.0,1,7,True,True,False,Hövsan,Bakı,1795.77
6492760,177000,AZN,4,97.0,1,9,True,False,False,Yeni Günəşli,Bakı,1824.74
6447851,159000,AZN,2,40.0,12,13,True,True,True,Bayıl,Bakı,3975.0
6492751,450000,AZN,3,175.0,7,10,True,False,False,Elmlər Akademiyası,Bakı,2571.43
6226151,118000,AZN,2,60.0,3,7,True,True,False,Masazır,Bakı,1966.67
6492745,307000,AZN,2,75.0,13,17,True,False,False,Koroğlu,Bakı,4093.33
6415503,264000,AZN,3,125.0,4,16,True,False,False,Badamdar,Bakı,2112.0
6492740,170000,AZN,3,80.0,3,9,True,False,False,Yeni Günəşli,Bakı,2125.0
6492739,175000,AZN,3,90.0,5,5,True,False,False,Bakıxanov,Bakı,1944.44
6286399,224000,AZN,3,114.0,8,12,False,True,True,Həzi Aslanov,Bakı,1964.91
6492737,400000,AZN,3,106.0,11,15,True,False,False,Nəriman Nərimanov,Bakı,3773.58
6492734,137000,AZN,2,55.0,5,5,True,False,False,7-ci mikrorayon,Bakı,2490.91
6492733,260000,AZN,2,58.0,4,16,True,False,False,Nəriman Nərimanov,Bakı,4482.76
6370147,700000,AZN,6,302.0,7,8,True,False,False,Şah İsmayıl Xətai,Bakı,2317.88
6434241,130000,AZN,1,30.0,2,5,True,False,False,Memar Əcəmi,Bakı,4333.33
6492731,269000,AZN,3,119.0,9,18,False,False,False,Gənclik,Bakı,2260.5
6335255,75000,AZN,1,35.3,4,14,False,False,False,Sea Breeze,Bakı,2124.65
6148675,270000,AZN,3,101.0,11,19,True,False,False,Nəriman Nərimanov,Bakı,2673.27
5566735,429000,AZN,4,173.0,3,16,False,True,True,Koroğlu,Bakı,2479.77
6451464,145000,AZN,3,86.0,17,17,True,True,False,Əhmədli,Bakı,1686.05
6350712,166000,AZN,3,110.0,11,11,True,True,False,Əhmədli,Bakı,1509.09
6195304,80000,AZN,3,62.0,3,7,True,False,False,Mehdiabad,Bakı,1290.32
6152403,160000,AZN,1,50.5,5,19,False,True,False,8 Noyabr,Bakı,3168.32
6241777,145000,AZN,2,56.0,2,4,True,True,False,Xətai,Bakı,2589.29
6467177,230000,AZN,3,86.0,2,9,True,True,False,Nəsimi,Bakı,2674.42
6174967,210000,AZN,2,80.0,10,16,False,False,False,Qara Qarayev,Bakı,2625.0
6364510,127000,AZN,2,60.0,9,9,True,False,False,Xətai,Bakı,2116.67
6489575,120000,AZN,1,50.0,1,9,True,False,False,Əhmədli,Bakı,2400.0
6474077,165000,AZN,2,77.0,5,16,True,False,False,İnşaatçılar,Bakı,2142.86
6453574,185000,AZN,3,70.0,5,9,True,False,False,Qaraçuxur,Bakı,2642.86
6382748,72000,AZN,2,44.0,2,6,True,False,False,Masazır,Bakı,1636.36
5996772,62000,AZN,2,40.0,6,6,True,False,False,Masazır,Bakı,1550.0
6466083,81000,AZN,2,60.0,5,6,True,True,False,Masazır,Bakı,1350.0
6165279,93000,AZN,3,70.0,4,6,True,False,False,Masazır,Bakı,1328.57
6483021,540000,AZN,4,145.0,8,11,True,True,False,Nərimanov,Bakı,3724.14
6489120,96000,AZN,3,78.0,4,7,True,True,False,Abşeron,Xırdalan,1230.77
6287191,127000,AZN,2,41.0,2,17,True,False,False,Qara Qarayev,Bakı,3097.56
6491147,190000,AZN,3,75.0,7,9,True,True,False,Neftçilər,Bakı,2533.33
6491088,149000,AZN,2,45.0,4,9,True,False,False,Nəsimi,Bakı,3311.11
6385436,628000,AZN,3,157.0,14,17,True,True,False,Gənclik,Bakı,4000.0
6079689,153000,AZN,3,75.0,1,5,True,False,False,Həzi Aslanov,Bakı,2040.0
6012527,169900,AZN,3,82.0,7,19,True,False,False,Bakıxanov,Bakı,2071.95
6489630,85500,AZN,2,56.0,5,14,True,True,False,Saray,Bakı,1526.79
6078103,250000,AZN,4,120.0,4,5,True,False,False,Bakıxanov,Bakı,2083.33
6470137,120000,AZN,4,90.0,13,13,True,True,False,Saray,Bakı,1333.33
6464300,180000,AZN,1,50.0,7,17,True,True,False,Elmlər Akademiyası,Bakı,3600.0
6456311,149000,AZN,2,60.0,2,9,True,True,False,Bakıxanov,Bakı,2483.33
6308704,440000,AZN,4,160.0,2,10,True,True,False,Elmlər Akademiyası,Bakı,2750.0
6464728,170000,AZN,2,45.0,3,5,True,True,False,Elmlər Akademiyası,Bakı,3777.78
6390436,249000,AZN,2,80.0,5,13,True,True,False,Koroğlu,Bakı,3112.5
6480996,233000,AZN,2,60.0,5,14,True,False,False,28 May,Bakı,3883.33
6460455,265000,AZN,2,85.0,3,17,True,True,False,28 May,Bakı,3117.65
6482957,185000,AZN,1,44.0,4,17,True,True,False,Gənclik,Bakı,4204.55
6482954,435000,AZN,3,150.0,10,16,True,False,False,28 May,Bakı,2900.0
6483052,310000,AZN,3,94.0,5,16,True,False,False,28 May,Bakı,3297.87
6492439,190000,AZN,2,90.0,3,16,True,True,False,İnşaatçılar,Bakı,2111.11
6490529,240000,AZN,3,102.0,17,18,True,False,False,Səbail,Bakı,2352.94
3248479,145000,AZN,2,62.0,3,16,,False,False,Xalqlar Dostluğu,Bakı,2338.71
6456577,178000,AZN,3,75.0,6,9,True,False,False,Əhmədli,Bakı,2373.33
6445053,128000,AZN,2,40.0,2,5,True,False,False,Həzi Aslanov,Bakı,3200.0
6473065,114900,AZN,2,40.0,10,15,True,False,False,Həzi Aslanov,Bakı,2872.5
6442262,185000,AZN,3,110.0,10,15,False,True,False,Avtovağzal,Bakı,1681.82
6412525,140000,AZN,2,65.0,5,16,True,True,True,Abşeron,Xırdalan,2153.85
6492414,262000,AZN,3,118.0,14,18,True,True,False,İnşaatçılar,Bakı,2220.34
6470078,355000,AZN,3,95.0,16,17,True,True,False,Nizami,Bakı,3736.84
6463693,508000,AZN,4,195.0,8,16,True,True,False,28 May,Bakı,2605.13
6220083,580000,AZN,4,240.0,4,19,True,True,False,Nizami,Bakı,2416.67
6332334,555000,AZN,4,135.0,10,15,True,True,False,Nəriman Nərimanov,Bakı,4111.11
6280421,520000,AZN,4,198.0,13,17,True,True,False,Nəsimi,Bakı,2626.26
6432698,420000,AZN,4,130.0,3,19,True,True,False,Nəriman Nərimanov,Bakı,3230.77
6489959,529000,AZN,4,200.0,16,17,True,False,False,Nəsimi,Bakı,2645.0
6478405,289000,AZN,4,120.0,5,9,True,False,False,Nəsimi,Bakı,2408.33
5553804,319000,AZN,3,130.0,8,17,True,True,False,İnşaatçılar,Bakı,2453.85
6473118,102000,AZN,2,40.0,7,15,True,True,False,Abşeron,Xırdalan,2550.0
6269767,200000,AZN,3,70.0,6,6,True,False,False,28 May,Bakı,2857.14
6367666,95000,AZN,3,75.4,14,19,True,True,False,İnşaatçılar,Bakı,1259.95
6463372,135000,AZN,3,72.0,19,19,True,False,False,Nizami,Bakı,1875.0
6426404,198500,AZN,4,90.0,10,10,True,True,False,Lökbatan,Bakı,2205.56
6492102,470000,AZN,4,170.0,15,16,True,False,False,Şah İsmayıl Xətai,Bakı,2764.71
5991406,295000,AZN,2,108.0,7,16,True,False,False,Nəriman Nərimanov,Bakı,2731.48
6492681,535000,AZN,3,120.0,10,17,True,True,True,28 May,Bakı,4458.33
6442135,157000,AZN,2,55.0,3,9,True,False,False,Nərimanov,Bakı,2854.55
6412222,285000,AZN,2,70.0,4,19,True,False,False,Nəriman Nərimanov,Bakı,4071.43
6451669,233000,AZN,2,67.0,5,7,True,False,False,Nizami,Bakı,3477.61
6473005,185000,AZN,2,60.0,16,17,True,False,False,Neftçilər,Bakı,3083.33
6409614,2000000,AZN,2,114.0,6,25,True,False,False,Sahil,Bakı,17543.86
6489199,253000,AZN,3,110.0,10,16,False,False,False,Memar Əcəmi,Bakı,2300.0
6283897,165000,AZN,3,80.0,1,9,True,True,True,Köhnə Günəşli,Bakı,2062.5
6393985,158000,AZN,2,70.0,16,18,True,False,False,Xətai,Bakı,2257.14
6461318,160000,AZN,2,82.0,6,12,False,True,False,20 Yanvar,Bakı,1951.22
6405900,1100000,AZN,4,144.0,2,7,True,True,True,Ağ şəhər,Bakı,7638.89
6051479,169000,AZN,2,44.0,5,5,True,False,False,Nərimanov,Bakı,3840.91
6422614,348000,AZN,3,156.0,12,17,False,False,False,Bayıl,Bakı,2230.77
6277179,115000,AZN,2,100.0,5,16,False,True,True,Lökbatan,Bakı,1150.0
6395591,224000,AZN,1,64.0,7,20,False,False,False,Şah İsmayıl Xətai,Bakı,3500.0
6239437,365000,AZN,3,112.0,14,15,True,False,False,Nəsimi,Bakı,3258.93
6241643,325000,AZN,3,105.0,9,11,True,False,False,Dərnəgül,Bakı,3095.24
6246177,120000,AZN,2,55.0,11,11,True,False,False,Zığ,Bakı,2181.82
6444937,269000,AZN,2,117.0,3,17,False,False,False,Nəsimi,Bakı,2299.15
6431053,460000,AZN,3,92.0,15,21,True,True,False,Şah İsmayıl Xətai,Bakı,5000.0
6487367,179000,AZN,2,60.0,16,20,True,False,False,Əhmədli,Bakı,2983.33
6412426,215000,AZN,2,84.6,14,16,True,False,False,Memar Əcəmi,Bakı,2541.37
6434683,277000,AZN,3,101.0,4,19,True,False,False,Dərnəgül,Bakı,2742.57
6395728,143000,AZN,2,86.0,7,14,True,True,False,Saray,Bakı,1662.79
6380393,100000,AZN,1,39.0,6,16,False,True,True,Sea Breeze,Bakı,2564.1
6380408,97000,AZN,1,38.0,8,16,False,True,True,Sea Breeze,Bakı,2552.63
6160194,188000,AZN,2,88.0,2,9,True,True,False,Yeni Yasamal,Bakı,2136.36
6404404,77000,AZN,2,52.0,5,5,True,False,False,Abşeron,Xırdalan,1480.77
6472983,145000,AZN,2,65.0,3,9,True,False,False,Əhmədli,Bakı,2230.77
6422476,188000,AZN,3,80.0,9,14,True,True,True,Qaraçuxur,Bakı,2350.0
6177036,739000,AZN,5,214.0,4,17,True,True,False,Nəriman Nərimanov,Bakı,3453.27
5776084,285000,AZN,1,58.0,4,4,True,True,True,Nardaran,Bakı,4913.79
6464155,330000,AZN,2,65.0,2,5,True,True,True,Sea Breeze,Bakı,5076.92
6399031,242000,AZN,3,88.0,6,19,True,True,False,Həzi Aslanov,Bakı,2750.0
6131600,309000,AZN,2,70.0,3,19,True,False,False,Şah İsmayıl Xətai,Bakı,4414.29
6488334,165000,AZN,1,84.0,6,12,True,False,False,20 Yanvar,Bakı,1964.29
6450828,307000,AZN,3,162.0,11,23,True,False,False,20 Yanvar,Bakı,1895.06
6447764,88500,AZN,2,57.0,3,6,True,True,True,Masazır,Bakı,1552.63
6447745,88500,AZN,2,54.0,2,6,True,True,True,Masazır,Bakı,1638.89
6491708,285000,AZN,3,104.0,27,27,True,False,False,8 Noyabr,Bakı,2740.38
6183050,428000,AZN,3,105.0,14,17,True,True,True,Koroğlu,Bakı,4076.19
6456394,144000,AZN,3,67.0,7,9,True,True,True,Hövsan,Bakı,2149.25
6182693,628000,AZN,4,217.0,12,19,True,True,False,28 May,Bakı,2894.01
6442344,98000,AZN,2,80.8,13,17,False,True,True,Binəqədi,Bakı,1212.87
6438875,145000,AZN,3,94.0,11,16,True,True,True,Binəqədi,Bakı,1542.55
6489677,450000,AZN,3,146.0,7,17,True,True,True,Neftçilər,Bakı,3082.19
6489691,425000,AZN,3,127.0,12,14,True,True,True,Qara Qarayev,Bakı,3346.46
6489678,420000,AZN,3,139.0,10,16,True,True,True,Neftçilər,Bakı,3021.58
6445297,115000,AZN,3,74.0,2,3,True,True,False,Binəqədi,Bakı,1554.05
6386940,277219,AZN,2,70.9,3,12,False,True,True,Nardaran,Bakı,3910.0
6492726,165000,AZN,4,115.0,9,9,True,False,False,Hövsan,Bakı,1434.78
6475892,133000,AZN,2,60.0,1,5,True,True,False,Memar Əcəmi,Bakı,2216.67
6479607,359000,AZN,2,65.0,3,7,True,False,False,Ağ şəhər,Bakı,5523.08
6492725,146000,AZN,3,80.0,4,7,True,False,False,Hövsan,Bakı,1825.0
5157654,214000,AZN,2,70.0,4,14,False,False,False,28 May,Bakı,3057.14
6455890,237000,AZN,2,74.0,15,17,True,False,False,Gənclik,Bakı,3202.7
6482068,180000,AZN,3,80.0,6,9,True,False,False,Həzi Aslanov,Bakı,2250.0
5528832,319000,AZN,3,140.0,15,16,False,False,False,Gənclik,Bakı,2278.57
6357622,185000,AZN,2,60.0,4,9,True,False,False,Nərimanov,Bakı,3083.33
6422618,163000,AZN,1,50.0,6,9,False,True,True,Sea Breeze,Bakı,3260.0
6482132,350000,AZN,3,142.0,3,16,True,False,False,Nərimanov,Bakı,2464.79
6483708,219000,AZN,3,96.0,10,17,True,True,False,Həzi Aslanov,Bakı,2281.25
5263470,816000,AZN,3,135.0,4,5,True,True,True,Sea Breeze,Bakı,6044.44
6492718,159000,AZN,2,45.0,2,3,True,False,False,Nərimanov,Bakı,3533.33
6398979,184000,AZN,2,68.0,3,19,True,True,False,Həzi Aslanov,Bakı,2705.88
6473069,263500,AZN,1,43.0,6,6,True,True,True,Sea Breeze,Bakı,6127.91
6473100,350000,AZN,2,74.0,2,5,True,True,True,Sea Breeze,Bakı,4729.73
6473095,360000,AZN,2,76.0,3,6,True,True,True,Sea Breeze,Bakı,4736.84
6492717,155000,AZN,2,47.0,3,9,True,False,False,Əhmədli,Bakı,3297.87
6421821,195000,AZN,2,60.0,5,14,False,False,False,Nərimanov,Bakı,3250.0
6485671,159000,AZN,2,65.0,9,9,True,False,False,Əhmədli,Bakı,2446.15
6397776,135000,AZN,2,35.0,2,5,True,False,False,Elmlər Akademiyası,Bakı,3857.14
5407427,320000,AZN,3,140.0,17,17,True,True,True,Nərimanov,Bakı,2285.71
5801502,825000,AZN,4,200.0,16,17,True,True,False,Elmlər Akademiyası,Bakı,4125.0
6492710,379000,AZN,4,121.0,10,16,True,False,False,Yasamal,Bakı,3132.23
6294829,620000,AZN,4,210.0,4,19,True,True,False,Şah İsmayıl Xətai,Bakı,2952.38
6480751,117000,AZN,2,60.0,11,16,False,True,True,İnşaatçılar,Bakı,1950.0
6432276,574000,AZN,3,137.0,5,7,False,False,False,Ağ şəhər,Bakı,4189.78
5622285,907000,AZN,5,212.0,5,7,False,False,False,Ağ şəhər,Bakı,4278.3
6104218,549000,AZN,3,130.0,2,7,True,False,False,Ağ şəhər,Bakı,4223.08
6492704,158900,AZN,3,101.0,4,16,True,False,False,Abşeron,Xırdalan,1573.27
6464085,420000,AZN,3,95.0,4,5,True,False,False,Sahil,Bakı,4421.05
6470094,235000,AZN,3,90.0,6,9,True,False,False,Azadlıq Prospekti,Bakı,2611.11
6492702,151900,AZN,2,87.0,17,18,True,False,False,Abşeron,Xırdalan,1745.98
6401889,127000,AZN,2,40.0,18,18,True,True,False,Yeni Günəşli,Bakı,3175.0
6237871,999000,AZN,4,188.0,4,7,False,False,False,Ağ şəhər,Bakı,5313.83
6492697,199500,AZN,1,60.6,8,15,True,False,False,Qara Qarayev,Bakı,3292.08
6320613,145000,AZN,2,55.0,2,5,True,False,False,Memar Əcəmi,Bakı,2636.36
6492696,249000,AZN,3,70.0,5,5,True,False,False,Qara Qarayev,Bakı,3557.14
6439015,244000,AZN,3,109.0,11,11,False,False,False,20 Yanvar,Bakı,2238.53
6303687,129000,AZN,3,55.0,5,5,True,False,False,20 Yanvar,Bakı,2345.45
6419221,143000,AZN,2,55.0,2,5,True,False,False,Memar Əcəmi,Bakı,2600.0
6492695,100000,AZN,2,52.0,4,6,True,False,False,Mehdiabad,Bakı,1923.08
6399463,128000,AZN,2,55.0,1,5,True,False,False,Memar Əcəmi,Bakı,2327.27
6492694,178000,AZN,3,70.0,1,9,True,False,False,Yasamal,Bakı,2542.86
6419251,144500,AZN,2,55.0,3,5,True,False,False,Memar Əcəmi,Bakı,2627.27
6485024,103000,AZN,2,52.3,3,16,False,False,False,Zığ,Bakı,1969.41
6339910,278000,AZN,2,75.0,17,17,True,False,False,İçəri Şəhər,Bakı,3706.67
6492685,350000,AZN,4,180.0,3,18,True,False,False,Memar Əcəmi,Bakı,1944.44
6314571,365660,AZN,3,114.9,3,16,False,True,True,Nardaran,Bakı,3182.42
6441532,86500,AZN,2,41.0,7,9,True,False,False,Masazır,Bakı,2109.76
6470823,68000,AZN,2,37.0,2,5,True,True,False,Abşeron,Xırdalan,1837.84
5628053,140000,AZN,2,90.0,8,11,False,True,False,Zığ,Bakı,1555.56
5497955,155000,AZN,3,114.0,5,11,False,True,False,Zığ,Bakı,1359.65
6192774,105000,AZN,2,52.0,5,11,True,True,False,Suraxanı,Bakı,2019.23
6330330,221995,AZN,1,53.3,7,7,False,True,True,Nardaran,Bakı,4165.01
6184055,439000,AZN,3,120.0,12,21,True,False,False,Şah İsmayıl Xətai,Bakı,3658.33
6456260,2000000,AZN,3,266.0,7,8,True,True,True,Sea Breeze,Bakı,7518.8
6456270,350000,AZN,2,76.0,2,5,True,True,True,Sea Breeze,Bakı,4605.26
6456274,350000,AZN,2,69.0,1,5,True,True,True,Sea Breeze,Bakı,5072.46
6456290,207000,AZN,2,64.0,3,6,False,True,True,Sea Breeze,Bakı,3234.38
6458453,397000,AZN,2,96.0,4,19,True,False,False,28 May,Bakı,4135.42
6428590,240000,AZN,3,100.0,3,17,False,False,False,Azadlıq Prospekti,Bakı,2400.0
6393075,565000,AZN,4,170.0,3,16,True,True,True,Nəsimi,Bakı,3323.53
6455958,245000,AZN,2,83.0,8,14,False,True,False,Qara Qarayev,Bakı,2951.81
6448486,67000,AZN,3,41.0,2,2,True,True,False,Mərdəkan,Bakı,1634.15
6373307,770000,AZN,4,210.0,15,15,True,True,True,Şah İsmayıl Xətai,Bakı,3666.67
6267077,205000,AZN,3,96.0,7,16,True,False,False,Həzi Aslanov,Bakı,2135.42
6486059,130000,AZN,2,50.0,5,5,True,True,False,Neftçilər,Bakı,2600.0
6420226,175000,AZN,2,54.0,13,15,True,False,False,Əhmədli,Bakı,3240.74
6466461,180000,AZN,2,55.0,2,5,True,False,False,Nəsimi,Bakı,3272.73
6412278,330000,AZN,3,105.0,12,16,True,True,True,Neftçilər,Bakı,3142.86
6475720,230000,AZN,2,95.0,8,9,False,True,True,Nardaran,Bakı,2421.05
6186818,615000,AZN,4,207.0,15,17,False,True,True,Nəsimi,Bakı,2971.01
6467037,395000,AZN,3,120.0,12,14,True,True,True,Memar Əcəmi,Bakı,3291.67
6486622,175000,AZN,3,87.0,4,10,True,False,False,Masazır,Bakı,2011.49
6220848,174420,AZN,1,36.0,1,28,True,True,True,Nardaran,Bakı,4845.0
6486100,166000,AZN,3,78.0,21,21,True,False,False,İnşaatçılar,Bakı,2128.21
6456378,248000,AZN,3,138.0,11,14,False,True,False,Nəsimi,Bakı,1797.1
6483659,290000,AZN,3,90.0,3,18,True,True,True,Şah İsmayıl Xətai,Bakı,3222.22
6424624,205000,AZN,3,72.0,3,5,True,False,False,Memar Əcəmi,Bakı,2847.22
6399911,490000,AZN,3,108.0,16,18,True,True,True,Nizami,Bakı,4537.04
6492679,285000,AZN,3,135.0,16,18,True,False,False,İnşaatçılar,Bakı,2111.11
6466174,289000,AZN,3,152.0,5,15,True,False,False,İnşaatçılar,Bakı,1901.32
6440530,116900,AZN,1,38.0,5,5,True,False,False,Elmlər Akademiyası,Bakı,3076.32
6489200,165000,AZN,2,65.0,6,9,True,False,False,İnşaatçılar,Bakı,2538.46
6296775,679791,AZN,3,160.7,2,28,True,True,True,Nardaran,Bakı,4230.19
6193083,550000,AZN,6,160.0,2,5,True,True,True,Nəriman Nərimanov,Bakı,3437.5
6492674,162171,AZN,3,87.7,7,16,False,False,False,Binəqədi,Bakı,1849.16
6492672,124500,AZN,1,33.0,4,5,True,False,False,Memar Əcəmi,Bakı,3772.73
6444592,340000,AZN,3,125.0,6,17,True,False,False,Həzi Aslanov,Bakı,2720.0
6377982,282000,AZN,3,119.0,14,17,True,True,False,Nəsimi,Bakı,2369.75
6492671,130000,AZN,1,35.0,4,5,True,False,False,Qara Qarayev,Bakı,3714.29
6396697,148000,AZN,3,80.0,9,9,True,False,False,Yeni Günəşli,Bakı,1850.0
6222148,353658,AZN,1,48.4,7,13,True,True,True,Nardaran,Bakı,7306.98
6492670,129000,AZN,3,83.5,7,11,True,False,False,Masazır,Bakı,1544.91
6492668,142000,AZN,1,45.0,3,9,True,False,False,Azadlıq Prospekti,Bakı,3155.56
6467945,215000,AZN,3,70.0,2,9,True,True,False,Azadlıq Prospekti,Bakı,3071.43
6492667,145000,AZN,2,52.0,5,5,True,False,False,Memar Əcəmi,Bakı,2788.46
6444925,258999,AZN,3,86.0,9,17,True,True,False,Neftçilər,Bakı,3011.62
6441275,329000,AZN,3,120.0,13,17,True,True,False,Qara Qarayev,Bakı,2741.67
6368548,320000,AZN,3,135.0,8,8,True,False,False,Memar Əcəmi,Bakı,2370.37
6409631,123000,AZN,1,33.0,2,5,True,False,False,Memar Əcəmi,Bakı,3727.27
6492664,74500,AZN,1,57.0,11,11,False,True,False,Məmmədli,Bakı,1307.02
6463816,128500,AZN,1,33.0,3,5,True,False,False,Memar Əcəmi,Bakı,3893.94
6492655,45000,AZN,1,15.0,3,3,True,False,False,Nizami,Bakı,3000.0
6463807,159500,AZN,2,55.0,4,5,True,False,False,Memar Əcəmi,Bakı,2900.0
6195338,350000,AZN,3,125.0,6,7,True,True,False,Badamdar,Bakı,2800.0
6409700,134000,AZN,1,36.0,4,5,True,False,False,Memar Əcəmi,Bakı,3722.22
6274041,194000,AZN,2,48.0,10,17,True,True,False,Qara Qarayev,Bakı,4041.67
6405765,277000,AZN,3,122.5,12,13,False,True,True,Qara Qarayev,Bakı,2261.22
6492660,130000,AZN,3,68.3,3,9,True,False,False,Abşeron,Xırdalan,1903.37
6409431,145000,AZN,3,75.0,9,9,True,False,False,Yeni Günəşli,Bakı,1933.33
6469981,128000,AZN,1,40.0,10,12,True,True,False,Yasamal,Bakı,3200.0
6477323,186000,AZN,2,80.0,3,17,True,False,False,Əhmədli,Bakı,2325.0
6411390,198000,AZN,3,70.0,3,3,True,True,True,Bakıxanov,Bakı,2828.57
6444384,134000,AZN,2,40.0,5,5,True,True,False,Yasamal,Bakı,3350.0
6436820,435000,AZN,3,115.0,2,15,True,False,False,28 May,Bakı,3782.61
6422017,164000,AZN,3,67.0,10,15,,True,False,İnşaatçılar,Bakı,2447.76
6489504,125000,AZN,2,50.0,1,5,True,True,False,7-ci mikrorayon,Bakı,2500.0
6027981,239292,AZN,2,61.2,12,27,False,True,True,Nardaran,Bakı,3910.0
6440600,728475,AZN,3,132.4,15,18,False,True,True,Elmlər Akademiyası,Bakı,5502.08
6490242,140000,AZN,2,35.0,5,5,True,False,False,Nizami,Bakı,4000.0
6456157,256000,AZN,4,120.0,9,9,True,True,False,Azadlıq Prospekti,Bakı,2133.33
6492649,220000,AZN,3,74.0,5,18,False,False,False,Yasamal,Bakı,2972.97
6396282,560000,AZN,5,200.0,7,8,True,False,False,Nizami,Bakı,2800.0
6312922,389000,AZN,2,98.0,1,7,True,True,True,Sea Breeze,Bakı,3969.39
6492646,140000,AZN,2,65.0,8,9,True,False,False,Köhnə Günəşli,Bakı,2153.85
6479380,226000,AZN,5,112.0,2,9,False,False,False,Əhmədli,Bakı,2017.86
6382379,275000,AZN,3,68.0,8,9,True,True,False,Memar Əcəmi,Bakı,4044.12
6488524,98000,AZN,4,90.0,6,6,True,False,False,Masazır,Bakı,1088.89
6492642,159000,AZN,2,60.0,7,9,True,False,False,Əhmədli,Bakı,2650.0
6480057,370000,AZN,3,80.0,2,5,True,True,True,28 May,Bakı,4625.0
6450957,179000,AZN,3,70.0,1,9,True,False,False,Xalqlar Dostluğu,Bakı,2557.14
6492641,259000,AZN,4,102.0,6,9,True,False,False,Koroğlu,Bakı,2539.22
5971930,287491,AZN,2,72.3,14,14,False,True,True,Nardaran,Bakı,3976.36
6327322,120000,AZN,2,55.0,8,11,True,False,False,Zığ,Bakı,2181.82
6270604,635000,AZN,3,162.0,4,20,False,True,True,Ağ şəhər,Bakı,3919.75
6332297,127500,AZN,2,43.0,3,9,True,False,False,Memar Əcəmi,Bakı,2965.12
6460675,130000,AZN,3,91.0,2,13,True,True,False,Saray,Bakı,1428.57
6442087,218000,AZN,3,90.0,6,15,True,False,False,Avtovağzal,Bakı,2422.22
6425588,182000,AZN,2,70.0,5,15,True,False,False,Avtovağzal,Bakı,2600.0
6467285,458000,AZN,3,120.0,8,18,True,False,False,Gənclik,Bakı,3816.67
6472687,215000,AZN,2,73.0,15,17,True,False,False,Avtovağzal,Bakı,2945.21
6343489,159000,AZN,2,45.0,4,5,True,False,False,Memar Əcəmi,Bakı,3533.33
6035060,185000,AZN,2,73.0,2,14,True,False,False,Avtovağzal,Bakı,2534.25
4074035,371000,AZN,3,160.0,8,14,True,True,False,9-cu mikrorayon,Bakı,2318.75
6480654,153000,AZN,3,90.0,3,9,False,False,False,Avtovağzal,Bakı,1700.0
6406956,168000,AZN,3,75.0,1,5,True,True,True,7-ci mikrorayon,Bakı,2240.0
6483544,325000,AZN,3,77.0,8,10,True,True,True,Nəsimi,Bakı,4220.78
6486530,110000,AZN,3,70.0,2,5,True,False,False,Binə,Bakı,1571.43
6265960,265000,AZN,4,120.0,8,9,True,True,False,Azadlıq Prospekti,Bakı,2208.33
6492630,259000,AZN,3,103.0,6,19,True,False,False,Yeni Yasamal,Bakı,2514.56
6456405,186000,AZN,2,52.0,13,18,True,False,False,Memar Əcəmi,Bakı,3576.92
5688999,86900,AZN,3,73.0,1,4,False,False,False,Dədə Qorqud,Bakı,1190.41
6163070,145000,AZN,3,85.0,2,5,True,True,True,Biləcəri,Bakı,1705.88
6492625,225000,AZN,3,80.0,5,9,True,False,False,Nərimanov,Bakı,2812.5
6439772,275000,AZN,3,135.0,10,16,True,False,False,20 Yanvar,Bakı,2037.04
6372149,360000,AZN,3,140.0,8,16,True,False,False,İnşaatçılar,Bakı,2571.43
6374844,308000,AZN,3,130.0,4,17,True,False,False,Nəsimi,Bakı,2369.23
6014047,235000,AZN,3,110.0,7,16,True,False,False,Memar Əcəmi,Bakı,2136.36
6386181,266000,AZN,2,110.0,12,17,True,False,False,İnşaatçılar,Bakı,2418.18
6491918,318000,AZN,3,130.0,11,18,True,False,False,20 Yanvar,Bakı,2446.15
6328400,187000,AZN,3,98.0,4,6,True,True,False,Köhnə Günəşli,Bakı,1908.16
6491769,375000,AZN,3,110.0,12,15,True,False,False,Elmlər Akademiyası,Bakı,3409.09
6491416,700000,AZN,7,800.0,17,17,False,False,False,Elmlər Akademiyası,Bakı,875.0
6226997,650000,AZN,4,168.0,9,16,True,True,False,Şah İsmayıl Xətai,Bakı,3869.05
6492621,309000,AZN,3,115.0,6,12,True,False,False,Dərnəgül,Bakı,2686.96
6132671,282000,AZN,4,103.7,9,16,True,True,False,Həzi Aslanov,Bakı,2719.38
6435660,490000,AZN,5,223.0,4,7,False,True,False,Şıxov,Bakı,2197.31
6492617,96000,AZN,2,55.5,4,4,True,False,False,Qaraçuxur,Bakı,1729.73
5676019,472464,AZN,1,57.9,6,13,False,True,True,Nardaran,Bakı,8160.0
6460071,210000,AZN,2,101.0,6,16,True,True,False,Yasamal,Bakı,2079.21
6279469,245000,AZN,2,47.0,5,5,True,True,True,28 May,Bakı,5212.77
6433425,165000,AZN,3,70.5,3,5,True,False,False,Badamdar,Bakı,2340.43
6492609,148000,AZN,3,60.0,3,5,True,False,False,Həzi Aslanov,Bakı,2466.67
6492608,109000,AZN,2,51.0,2,12,True,False,False,Masazır,Bakı,2137.25
6489293,162000,AZN,2,43.0,3,5,True,True,True,Neftçilər,Bakı,3767.44
6492606,300000,AZN,3,124.0,6,20,True,False,False,İnşaatçılar,Bakı,2419.35
6447819,383000,AZN,4,175.0,6,16,True,False,False,Memar Əcəmi,Bakı,2188.57
5659944,230233,AZN,1,57.6,5,7,False,True,True,Nardaran,Bakı,3997.1
6461146,468000,AZN,4,156.0,18,19,True,True,True,8 Noyabr,Bakı,3000.0
6431634,710000,AZN,5,140.0,2,3,True,True,False,Sahil,Bakı,5071.43
6131057,117000,AZN,3,92.0,4,14,False,False,False,Masazır,Bakı,1271.74
6492603,215000,AZN,3,112.0,11,19,True,False,False,Bakıxanov,Bakı,1919.64
6049625,580000,AZN,3,165.0,17,20,False,False,False,Şah İsmayıl Xətai,Bakı,3515.15
6461156,375000,AZN,3,107.0,18,19,True,True,False,20 Yanvar,Bakı,3504.67
5662936,285447,AZN,1,57.9,6,9,False,True,True,Nardaran,Bakı,4930.0
5920885,48000,AZN,1,56.0,6,6,False,False,False,Masazır,Bakı,857.14
6488260,98000,AZN,4,90.0,6,6,True,False,False,Masazır,Bakı,1088.89
5636918,83000,AZN,2,54.0,2,6,True,False,False,Masazır,Bakı,1537.04
5819303,85000,AZN,3,75.0,9,9,True,False,False,Masazır,Bakı,1133.33
6452798,69000,AZN,5,100.0,5,5,True,False,False,Masazır,Bakı,690.0
6291426,143500,AZN,2,61.0,4,14,False,True,False,Bakıxanov,Bakı,2352.46
6467910,87000,AZN,2,44.0,8,10,True,False,False,Masazır,Bakı,1977.27
6486610,128000,AZN,2,35.0,2,5,True,False,False,Memar Əcəmi,Bakı,3657.14
6436011,380000,AZN,1,67.1,6,20,True,True,True,Ağ şəhər,Bakı,5663.19
6492598,265000,AZN,2,70.0,7,16,True,False,False,Şah İsmayıl Xətai,Bakı,3785.71
6247023,135000,AZN,2,73.0,3,17,False,True,True,Avtovağzal,Bakı,1849.32
5444297,358658,AZN,3,84.4,13,13,True,True,True,Sea Breeze,Bakı,4249.5
6371808,950000,AZN,6,233.0,21,22,True,True,False,28 May,Bakı,4077.25
6492596,590000,AZN,4,243.0,17,21,True,False,False,Nəsimi,Bakı,2427.98
6484741,530000,AZN,4,200.0,11,20,True,False,False,28 May,Bakı,2650.0
6491004,399000,AZN,3,160.0,15,16,False,False,False,Nərimanov,Bakı,2493.75
6454995,277000,AZN,3,90.0,12,13,True,False,False,8 Noyabr,Bakı,3077.78
6492592,520000,AZN,3,175.0,14,22,False,False,False,Nizami,Bakı,2971.43
6430271,205000,AZN,3,100.0,9,16,True,False,False,Xətai,Bakı,2050.0
6492590,75000,AZN,2,50.0,3,5,True,False,False,Masazır,Bakı,1500.0
6492589,445000,AZN,3,80.0,2,5,True,False,False,Nəriman Nərimanov,Bakı,5562.5
6407985,265000,AZN,3,90.0,12,17,True,True,False,Badamdar,Bakı,2944.44
6472111,400000,AZN,3,165.0,7,12,True,False,False,Nəsimi,Bakı,2424.24
6492585,159000,AZN,2,50.0,14,14,True,False,False,Xalqlar Dostluğu,Bakı,3180.0
6019654,105000,AZN,3,83.0,4,6,True,True,False,Masazır,Bakı,1265.06
6492574,260000,AZN,3,100.0,13,13,True,False,False,Nəsimi,Bakı,2600.0
6155738,85000,AZN,4,100.0,6,6,True,True,False,Masazır,Bakı,850.0
6476744,114000,AZN,3,80.0,4,6,True,True,False,Masazır,Bakı,1425.0
6386886,139000,AZN,2,52.0,3,5,True,False,False,Xalqlar Dostluğu,Bakı,2673.08
6492582,115000,AZN,2,55.0,2,5,True,False,False,Mərdəkan,Bakı,2090.91
5591807,250614,AZN,2,81.9,4,14,False,True,True,Sea Breeze,Bakı,3060.0
6492576,69500,AZN,2,42.0,3,6,True,False,False,Masazır,Bakı,1654.76
6365668,675000,AZN,4,130.0,4,8,True,True,False,Sahil,Bakı,5192.31
6433835,248880,AZN,1,61.0,5,7,False,True,True,Nardaran,Bakı,4080.0
6471693,750000,AZN,3,95.0,3,7,True,False,False,Ağ şəhər,Bakı,7894.74
6489562,470000,AZN,3,163.3,1,12,True,True,False,Gənclik,Bakı,2878.14
6127444,182000,AZN,2,65.0,3,5,True,False,False,Nəriman Nərimanov,Bakı,2800.0
6492569,199000,AZN,2,90.0,12,13,True,False,False,Nərimanov,Bakı,2211.11
6106312,350000,AZN,4,175.0,17,18,False,False,False,Nəriman Nərimanov,Bakı,2000.0
6132561,290000,AZN,3,70.0,9,10,True,False,False,28 May,Bakı,4142.86
6407301,180000,AZN,3,70.0,3,5,True,False,False,Nəriman Nərimanov,Bakı,2571.43
5443704,231336,AZN,1,56.7,12,24,False,True,True,Sea Breeze,Bakı,4080.0
6486533,557000,AZN,3,157.0,5,20,False,True,False,Ağ şəhər,Bakı,3547.77
6492566,172000,AZN,2,60.0,4,5,True,False,False,Elmlər Akademiyası,Bakı,2866.67
6459085,48000,AZN,2,50.0,1,5,True,False,False,Abşeron,Xırdalan,960.0
6212029,180000,AZN,2,50.0,7,16,True,True,False,8-ci mikrorayon,Bakı,3600.0
6492565,80000,AZN,1,34.7,1,9,True,False,False,Köhnə Günəşli,Bakı,2305.48
6113213,225000,AZN,2,78.0,14,17,True,True,False,20 Yanvar,Bakı,2884.62
6477653,400000,AZN,4,155.0,10,14,True,True,False,Gənclik,Bakı,2580.65
6480610,174000,AZN,2,54.0,4,5,True,True,False,Elmlər Akademiyası,Bakı,3222.22
5965433,178000,AZN,3,80.0,7,16,True,False,False,Həzi Aslanov,Bakı,2225.0
6429216,360000,AZN,4,160.0,15,16,True,True,False,20 Yanvar,Bakı,2250.0
6451306,153500,AZN,2,70.0,9,9,True,False,False,Azadlıq Prospekti,Bakı,2192.86
6492562,85000,AZN,2,50.0,2,6,True,False,False,Masazır,Bakı,1700.0
6231449,229000,AZN,4,80.0,3,14,True,True,True,Həzi Aslanov,Bakı,2862.5
6444298,249000,AZN,2,53.0,9,16,True,True,False,Nəriman Nərimanov,Bakı,4698.11
6362548,299000,AZN,3,135.0,2,17,True,True,True,9-cu mikrorayon,Bakı,2214.81
6255346,220000,AZN,2,84.0,5,6,False,False,False,Şıxov,Bakı,2619.05
6329182,557000,AZN,4,157.0,5,20,False,True,True,Ağ şəhər,Bakı,3547.77
6492559,289000,AZN,3,137.0,5,14,True,False,False,Yeni Yasamal,Bakı,2109.49
5988506,495000,AZN,3,113.0,7,17,True,True,True,Nizami,Bakı,4380.53
6138241,225000,AZN,4,100.0,8,9,True,True,False,Neftçilər,Bakı,2250.0
6492557,555000,AZN,5,230.0,3,12,True,False,False,8-ci mikrorayon,Bakı,2413.04
6492556,230000,AZN,2,95.8,12,14,True,False,False,20 Yanvar,Bakı,2400.84
6248609,219900,AZN,2,56.7,11,15,False,True,True,Nəsimi,Bakı,3878.31
6424889,195000,AZN,2,71.0,5,22,True,False,False,İnşaatçılar,Bakı,2746.48
6492555,300000,AZN,3,105.0,5,16,True,False,False,Qara Qarayev,Bakı,2857.14
6338504,210000,AZN,3,75.0,3,5,True,False,False,Yasamal,Bakı,2800.0
6477674,226000,AZN,3,80.0,3,9,True,True,True,Həzi Aslanov,Bakı,2825.0
6431773,595000,AZN,4,172.5,15,17,True,True,False,Şah İsmayıl Xətai,Bakı,3449.28
6325143,295000,AZN,3,110.0,5,12,True,False,False,Memar Əcəmi,Bakı,2681.82
6492553,189000,AZN,2,64.0,14,19,True,False,False,Əhmədli,Bakı,2953.12
6492551,85000,AZN,2,50.0,2,6,True,False,False,Masazır,Bakı,1700.0
6382065,420000,AZN,4,144.0,4,16,True,True,True,İnşaatçılar,Bakı,2916.67
6048046,256000,AZN,2,90.0,11,17,True,True,True,Nərimanov,Bakı,2844.44
6468976,290000,AZN,3,150.0,16,17,True,False,False,İnşaatçılar,Bakı,1933.33
6467021,541260,AZN,2,76.7,22,28,True,True,True,Nardaran,Bakı,7056.84
6461339,230000,AZN,2,96.0,11,14,True,True,True,20 Yanvar,Bakı,2395.83
6386938,250000,AZN,3,80.0,4,5,True,False,False,Qara Qarayev,Bakı,3125.0
6451865,135000,AZN,2,73.0,3,16,False,True,False,Biləcəri,Bakı,1849.32
6155845,2750000,AZN,5,285.0,11,16,True,False,False,Nəriman Nərimanov,Bakı,9649.12
6492547,495000,AZN,3,166.0,15,18,True,False,False,Nizami,Bakı,2981.93
6447649,146000,AZN,3,75.0,4,7,True,False,False,Hövsan,Bakı,1946.67
6479025,380000,AZN,2,94.5,12,16,True,False,False,Nəsimi,Bakı,4021.16
6486290,140000,AZN,2,40.0,4,5,True,False,False,Xalqlar Dostluğu,Bakı,3500.0
5950360,400000,AZN,4,177.5,2,19,False,True,True,Şah İsmayıl Xətai,Bakı,2253.52
6408114,87000,AZN,1,35.0,9,9,True,False,False,Hövsan,Bakı,2485.71
5516595,326315,AZN,2,69.8,2,9,False,True,True,Sea Breeze,Bakı,4675.0
6480708,355000,AZN,3,140.0,10,20,True,False,False,Azadlıq Prospekti,Bakı,2535.71
6261732,325000,AZN,3,140.0,6,17,False,False,False,Azadlıq Prospekti,Bakı,2321.43
6234596,157000,AZN,2,73.0,2,19,True,True,False,Əhmədli,Bakı,2150.68
6447321,188000,AZN,2,55.0,12,19,True,False,False,İnşaatçılar,Bakı,3418.18
6449046,255000,AZN,3,122.0,5,15,True,False,False,Biləcəri,Bakı,2090.16
6481587,184000,AZN,2,73.0,11,15,True,False,False,Biləcəri,Bakı,2520.55
6492542,167500,AZN,2,53.0,3,16,True,False,False,Əhmədli,Bakı,3160.38
6481888,344000,AZN,3,107.0,11,18,False,False,False,Nəriman Nərimanov,Bakı,3214.95
6454237,261000,AZN,3,132.0,9,21,True,False,False,İnşaatçılar,Bakı,1977.27
6420030,184900,AZN,5,125.0,2,5,True,False,False,Abşeron,Xırdalan,1479.2
6469470,270000,AZN,2,101.0,9,16,True,False,False,İnşaatçılar,Bakı,2673.27
6429051,112500,AZN,2,58.0,12,13,True,False,False,Abşeron,Xırdalan,1939.66
6351252,295000,AZN,3,118.0,18,19,True,False,False,Badamdar,Bakı,2500.0
6489202,258000,AZN,3,100.0,3,9,True,False,False,İnşaatçılar,Bakı,2580.0
6460594,130000,AZN,1,40.0,3,9,True,False,False,Yasamal,Bakı,3250.0
6492532,180000,AZN,2,90.0,14,14,True,False,False,Azadlıq Prospekti,Bakı,2000.0
6480578,185000,AZN,2,45.0,5,5,True,True,False,İçəri Şəhər,Bakı,4111.11
6447976,139000,AZN,1,57.8,5,9,False,True,False,Nardaran,Bakı,2404.84
5443083,411645,AZN,2,86.5,5,5,False,True,True,Sea Breeze,Bakı,4758.9
6478256,265000,AZN,5,130.0,5,5,True,False,False,Nəsimi,Bakı,2038.46
6458177,320000,AZN,3,90.0,6,20,True,True,True,Badamdar,Bakı,3555.56
5885089,359000,AZN,3,140.0,8,16,True,True,True,İnşaatçılar,Bakı,2564.29
6384695,170000,AZN,2,55.0,18,19,True,False,False,Xətai,Bakı,3090.91
6429030,205000,AZN,4,110.0,5,5,True,False,False,Nərimanov,Bakı,1863.64
6295837,79500,AZN,2,53.0,3,5,False,False,False,Badamdar,Bakı,1500.0
6415663,420000,AZN,3,162.0,7,10,True,False,False,8 Noyabr,Bakı,2592.59
6454678,177000,AZN,2,60.0,6,18,True,False,False,Azadlıq Prospekti,Bakı,2950.0
6308144,239000,AZN,2,94.0,10,16,True,True,True,20 Yanvar,Bakı,2542.55
6491786,385000,AZN,4,120.0,10,17,True,False,False,Gənclik,Bakı,3208.33
6449034,239000,AZN,2,72.0,6,17,True,False,False,Şah İsmayıl Xətai,Bakı,3319.44
6483510,120000,AZN,2,55.0,5,8,True,True,False,Ceyranbatan,Xırdalan,2181.82
6472169,200000,AZN,2,65.0,9,9,True,False,False,Gənclik,Bakı,3076.92
6482656,389000,AZN,3,130.0,10,17,True,False,False,Şah İsmayıl Xətai,Bakı,2992.31
5979436,440000,AZN,3,135.0,12,17,True,False,False,Nəsimi,Bakı,3259.26
6492527,260000,AZN,3,100.0,9,13,True,False,False,Nəsimi,Bakı,2600.0
6480287,210000,AZN,2,66.0,14,16,True,False,False,Həzi Aslanov,Bakı,3181.82
6481470,508000,AZN,4,195.0,8,16,True,False,False,28 May,Bakı,2605.13
6316390,660000,AZN,4,165.0,7,19,True,False,False,28 May,Bakı,4000.0
6400886,227000,AZN,3,112.0,5,14,True,False,False,Abşeron,Sumqayıt,2026.79
6484840,330000,AZN,3,143.7,3,17,False,True,True,Nəriman Nərimanov,Bakı,2296.45
5442812,274091,AZN,2,70.1,8,14,False,True,True,Sea Breeze,Bakı,3910.0
6483500,295000,AZN,3,110.0,18,19,True,True,False,Badamdar,Bakı,2681.82
6282876,105000,AZN,2,60.0,2,9,True,True,False,Abşeron,Sumqayıt,1750.0
6492520,165000,AZN,3,80.0,8,9,True,False,False,Əhmədli,Bakı,2062.5
6492518,250000,AZN,2,62.0,5,17,True,False,False,Koroğlu,Bakı,4032.26
6492516,250000,AZN,3,70.0,6,20,True,False,False,20 Yanvar,Bakı,3571.43
6492515,335000,AZN,3,135.0,13,16,True,False,False,20 Yanvar,Bakı,2481.48
3153010,365000,AZN,3,148.0,13,16,True,False,False,Nizami,Bakı,2466.22
6177412,163625,AZN,1,55.0,1,9,False,True,True,Nardaran,Bakı,2975.0
6492512,160000,AZN,4,75.0,4,5,True,False,False,Biləcəri,Bakı,2133.33
6467315,178000,AZN,2,50.0,4,20,True,False,False,20 Yanvar,Bakı,3560.0
6475431,345000,AZN,3,115.0,3,16,True,False,False,İnşaatçılar,Bakı,3000.0
5113658,400000,AZN,3,140.0,4,16,True,False,False,Nərimanov,Bakı,2857.14
6310503,280000,AZN,2,100.0,12,17,True,False,False,İnşaatçılar,Bakı,2800.0
6492507,200000,AZN,2,61.0,14,15,True,False,False,Dərnəgül,Bakı,3278.69
6428491,230000,AZN,3,65.0,18,19,True,False,False,Şah İsmayıl Xətai,Bakı,3538.46
6140302,187000,AZN,3,70.0,6,9,True,False,False,Yasamal,Bakı,2671.43
6492506,300000,AZN,3,125.0,16,18,True,False,False,Memar Əcəmi,Bakı,2400.0
6345041,195000,AZN,2,100.0,4,11,True,False,False,Neftçilər,Bakı,1950.0
6161785,255000,AZN,2,77.0,4,16,True,False,False,Qara Qarayev,Bakı,3311.69
6196224,305000,AZN,2,94.0,8,16,True,False,False,Gənclik,Bakı,3244.68
6390556,295000,AZN,3,130.0,4,5,True,False,False,Bayıl,Bakı,2269.23
6489095,240000,AZN,3,88.0,4,19,True,False,False,Xətai,Bakı,2727.27
6450354,190000,AZN,3,70.0,2,5,True,False,False,Elmlər Akademiyası,Bakı,2714.29
5461855,355000,AZN,4,156.0,3,20,True,False,False,Həzi Aslanov,Bakı,2275.64
6459860,225000,AZN,3,100.0,7,9,True,False,False,Neftçilər,Bakı,2250.0
6485263,215000,AZN,3,60.0,4,7,True,False,False,Nizami,Bakı,3583.33
6080357,596700,AZN,3,135.0,1,7,True,True,True,Nardaran,Bakı,4420.0
6467210,1073875,AZN,4,177.5,3,10,False,False,False,Ağ şəhər,Bakı,6050.0
6206635,91000,AZN,3,72.0,3,5,True,True,False,Masazır,Bakı,1263.89
6491675,575000,AZN,3,127.0,5,12,True,False,False,28 May,Bakı,4527.56
6479929,245000,AZN,3,110.0,6,16,True,False,False,Yeni Yasamal,Bakı,2227.27
6464541,88000,AZN,2,43.0,2,8,True,True,False,Masazır,Bakı,2046.51
6476776,170000,AZN,2,50.0,2,4,True,False,False,Nəriman Nərimanov,Bakı,3400.0
6450829,590000,AZN,4,185.0,7,17,True,True,True,Nəriman Nərimanov,Bakı,3189.19
6492498,138000,AZN,2,70.0,17,17,True,False,False,Əhmədli,Bakı,1971.43
6492497,375000,AZN,3,110.0,12,15,True,False,False,Elmlər Akademiyası,Bakı,3409.09
5600109,262642,AZN,1,58.3,6,7,False,True,True,Sea Breeze,Bakı,4505.01
6466966,750000,AZN,4,148.6,2,8,True,True,True,Ağ şəhər,Bakı,5047.11
6492494,817000,AZN,4,215.0,13,18,False,False,False,Elmlər Akademiyası,Bakı,3800.0
6492492,124900,AZN,3,60.0,9,9,True,False,False,Yeni Günəşli,Bakı,2081.67
6491152,429999,AZN,3,150.0,4,18,True,False,False,Elmlər Akademiyası,Bakı,2866.66
6273204,237000,AZN,2,68.0,14,17,True,False,False,Qara Qarayev,Bakı,3485.29
6453281,395000,AZN,3,130.0,5,14,True,False,False,Qara Qarayev,Bakı,3038.46
6436651,230000,AZN,2,95.8,10,14,False,False,False,20 Yanvar,Bakı,2400.84
5219153,355000,AZN,4,156.0,3,20,True,True,False,Həzi Aslanov,Bakı,2275.64
5848592,477000,AZN,3,147.0,11,17,True,False,False,Elmlər Akademiyası,Bakı,3244.9
6460368,168000,AZN,2,62.0,4,16,True,False,False,Yeni Günəşli,Bakı,2709.68
6489478,138000,AZN,3,75.0,5,5,True,True,True,Abşeron,Xırdalan,1840.0
6270628,157000,AZN,3,80.0,4,9,True,False,False,Massiv D,Bakı,1962.5
6267288,194000,AZN,2,47.0,12,16,True,False,False,Qara Qarayev,Bakı,4127.66
6486418,218000,AZN,2,50.0,10,15,True,False,False,Qara Qarayev,Bakı,4360.0
6459171,129500,AZN,2,35.0,4,5,True,False,False,Qara Qarayev,Bakı,3700.0
6348591,113900,AZN,2,51.0,11,14,False,True,True,Neftçilər,Bakı,2233.33
6451986,165000,AZN,2,71.4,8,12,True,True,True,Əmircan,Bakı,2310.92
6223043,189000,AZN,2,65.0,10,12,True,True,False,Yeni Yasamal,Bakı,2907.69
6453598,395000,AZN,3,105.0,18,18,True,True,True,Nəriman Nərimanov,Bakı,3761.9
6483403,295000,AZN,2,90.0,12,15,True,False,False,28 May,Bakı,3277.78
6462326,310000,AZN,3,100.0,3,7,True,False,False,Şah İsmayıl Xətai,Bakı,3100.0
6406649,113000,AZN,1,40.0,1,5,True,False,False,Neftçilər,Bakı,2825.0
6405529,620000,AZN,2,101.0,4,20,True,False,False,İçəri Şəhər,Bakı,6138.61
6157885,720000,AZN,4,219.0,5,5,False,False,False,Nardaran,Bakı,3287.67
6460701,110000,AZN,2,40.0,2,5,True,False,False,Qara Qarayev,Bakı,2750.0
6241713,365000,AZN,2,76.0,3,7,True,False,False,Nardaran,Bakı,4802.63
6241660,357000,AZN,2,74.0,2,5,True,False,False,Nardaran,Bakı,4824.32
6267801,175000,AZN,1,42.0,3,5,True,True,False,Elmlər Akademiyası,Bakı,4166.67
6321567,175000,AZN,3,75.0,2,5,True,False,False,Neftçilər,Bakı,2333.33
6429855,238000,AZN,3,85.0,8,9,True,False,False,Xalqlar Dostluğu,Bakı,2800.0
6466888,180670,AZN,2,89.0,4,16,False,False,False,Günəşli,Bakı,2030.0
5806503,187000,AZN,2,90.0,1,5,True,False,False,Qara Qarayev,Bakı,2077.78
6479379,300000,AZN,3,127.0,12,18,False,False,False,Qara Qarayev,Bakı,2362.2
6267690,225000,AZN,3,85.0,8,9,True,True,False,Həzi Aslanov,Bakı,2647.06
6492482,123000,AZN,2,52.0,19,19,True,False,False,Xalqlar Dostluğu,Bakı,2365.38
6267696,237000,AZN,3,82.0,8,9,True,True,False,Həzi Aslanov,Bakı,2890.24
4502351,663935,AZN,2,107.0,6,7,True,True,True,Nardaran,Bakı,6205.0
6475227,220000,AZN,3,85.0,5,9,True,True,False,Memar Əcəmi,Bakı,2588.24
6244950,205000,AZN,2,69.0,10,18,False,False,False,Qara Qarayev,Bakı,2971.01
6242835,165000,AZN,3,75.0,1,5,True,False,False,Qara Qarayev,Bakı,2200.0
6299411,237000,AZN,3,86.0,11,17,False,False,False,Qara Qarayev,Bakı,2755.81
6431543,184000,AZN,2,90.0,8,9,True,False,False,Bayıl,Bakı,2044.44
6134229,240000,AZN,4,100.0,5,5,True,False,False,Qara Qarayev,Bakı,2400.0
6492477,335000,AZN,4,105.0,4,5,True,False,False,28 May,Bakı,3190.48
6445029,340000,AZN,2,101.0,4,20,True,True,False,Şah İsmayıl Xətai,Bakı,3366.34
5920236,240000,AZN,3,90.0,5,19,True,False,False,Həzi Aslanov,Bakı,2666.67
3656636,160000,AZN,2,50.0,5,5,True,False,False,Qara Qarayev,Bakı,3200.0
6492474,178000,AZN,2,60.0,3,10,True,False,False,Xalqlar Dostluğu,Bakı,2966.67
6492066,160000,AZN,2,62.0,19,20,True,False,False,Əhmədli,Bakı,2580.65
6492470,325000,AZN,3,90.0,3,9,True,False,False,Nəriman Nərimanov,Bakı,3611.11
6408515,116000,AZN,2,60.0,11,11,True,False,False,İnşaatçılar,Bakı,1933.33
6466634,250000,AZN,4,120.0,9,9,True,False,False,20 Yanvar,Bakı,2083.33
6255201,369000,AZN,3,118.0,15,15,False,True,True,28 May,Bakı,3127.12
6381572,270000,AZN,3,80.0,2,5,True,True,False,Nizami,Bakı,3375.0
6453555,160000,AZN,2,74.6,2,20,True,True,False,Əhmədli,Bakı,2144.77
6491946,450000,AZN,3,140.0,11,16,True,True,False,Nəsimi,Bakı,3214.29
6313555,349000,AZN,3,124.0,6,16,True,False,False,Nəriman Nərimanov,Bakı,2814.52
6460474,355000,AZN,4,190.0,5,18,True,False,False,Nəsimi,Bakı,1868.42
4754991,199000,AZN,3,70.0,5,5,True,False,False,Qara Qarayev,Bakı,2842.86
6439071,275000,AZN,4,100.0,5,9,True,False,False,Azadlıq Prospekti,Bakı,2750.0
6237189,280000,AZN,3,70.0,9,16,True,False,False,İnşaatçılar,Bakı,4000.0
6476641,220000,AZN,2,78.0,12,13,True,True,True,Neftçilər,Bakı,2820.51
5215575,173000,AZN,2,53.0,13,16,True,False,False,Neftçilər,Bakı,3264.15
6485576,249000,AZN,3,82.0,6,16,True,False,False,Həzi Aslanov,Bakı,3036.59
6492461,194000,AZN,2,55.0,13,15,True,False,False,Neftçilər,Bakı,3527.27
6384669,118000,AZN,2,56.0,8,12,True,False,False,Abşeron,Xırdalan,2107.14
6481435,350000,AZN,3,115.0,4,17,True,True,False,Qara Qarayev,Bakı,3043.48
6301930,228000,AZN,4,120.0,2,9,True,False,False,Xətai,Bakı,1900.0
6329340,237000,AZN,2,65.0,5,17,True,False,False,Koroğlu,Bakı,3646.15
6476760,135000,AZN,3,78.0,9,12,True,False,False,Hövsan,Bakı,1730.77
6478880,189000,AZN,2,54.0,12,14,True,True,False,Neftçilər,Bakı,3500.0
6463266,250000,AZN,3,85.0,3,19,True,False,False,Xətai,Bakı,2941.18
6473458,175000,AZN,2,55.0,14,17,True,False,False,Həzi Aslanov,Bakı,3181.82
6157965,205000,AZN,3,85.0,8,9,True,False,False,Xalqlar Dostluğu,Bakı,2411.76
6443803,550000,AZN,4,240.0,14,16,True,False,False,Badamdar,Bakı,2291.67
4405124,450000,AZN,4,212.0,12,15,True,False,False,Nərimanov,Bakı,2122.64
6442990,210000,AZN,3,75.0,7,9,True,False,False,Əhmədli,Bakı,2800.0
6469258,188000,AZN,2,52.0,5,5,True,False,False,Elmlər Akademiyası,Bakı,3615.38
6166567,370000,AZN,3,132.0,4,16,False,False,False,28 May,Bakı,2803.03
6463973,275000,AZN,3,99.0,1,3,False,False,False,Biləcəri,Bakı,2777.78
6398945,118000,AZN,2,52.0,8,12,True,False,False,Abşeron,Xırdalan,2269.23
5511571,530000,AZN,3,168.0,4,16,True,False,False,Nərimanov,Bakı,3154.76
6492457,460000,AZN,3,92.0,15,20,True,False,False,Şah İsmayıl Xətai,Bakı,5000.0
6418297,171000,AZN,2,54.0,18,19,True,True,False,Həzi Aslanov,Bakı,3166.67
6425364,270000,AZN,3,102.0,7,11,False,True,False,Nəriman Nərimanov,Bakı,2647.06
6122713,255000,AZN,2,60.0,16,17,True,False,False,Şah İsmayıl Xətai,Bakı,4250.0
6492455,240000,AZN,3,127.0,11,12,True,False,False,İnşaatçılar,Bakı,1889.76
5824672,397000,AZN,4,140.7,16,20,False,True,False,20 Yanvar,Bakı,2821.61
5662110,400000,AZN,4,190.0,8,10,True,False,False,Nizami,Bakı,2105.26
6492452,138000,AZN,2,40.0,4,9,True,False,False,Həzi Aslanov,Bakı,3450.0
6492454,140000,AZN,2,50.0,4,5,True,False,False,Azadlıq Prospekti,Bakı,2800.0
6265373,841500,AZN,4,225.0,14,16,False,True,False,Bayıl,Bakı,3740.0
6448543,240000,AZN,2,60.0,2,9,True,False,False,Binəqədi,Bakı,4000.0
6433869,780000,AZN,3,170.0,11,16,False,True,False,İçəri Şəhər,Bakı,4588.24
5755823,410000,AZN,3,168.0,10,17,True,False,False,Nizami,Bakı,2440.48
6432890,300000,AZN,2,85.0,16,19,True,False,False,Şah İsmayıl Xətai,Bakı,3529.41
6344590,1185000,AZN,4,165.0,5,7,True,False,False,Ağ şəhər,Bakı,7181.82
5962259,330000,AZN,2,91.0,8,17,True,False,False,28 May,Bakı,3626.37
4703104,365000,AZN,3,140.0,15,17,True,False,False,Şah İsmayıl Xətai,Bakı,2607.14
6492450,156000,AZN,2,54.4,4,14,True,False,False,Əhmədli,Bakı,2867.65
6482294,174000,AZN,2,54.0,4,5,True,False,False,Elmlər Akademiyası,Bakı,3222.22
5959571,510000,AZN,4,205.0,8,15,True,False,False,Nəsimi,Bakı,2487.8
6184823,435000,AZN,3,160.0,4,18,True,False,False,Elmlər Akademiyası,Bakı,2718.75
4373829,390000,AZN,3,130.0,15,17,True,False,False,Nəsimi,Bakı,3000.0
6136843,560000,AZN,3,200.0,6,16,True,False,False,Nəsimi,Bakı,2800.0
6447970,830000,AZN,4,222.0,8,16,False,False,False,Nizami,Bakı,3738.74
6483841,430000,AZN,3,136.0,14,17,False,False,False,Gənclik,Bakı,3161.76
6343752,95000,AZN,3,64.0,3,5,True,False,False,Masazır,Bakı,1484.38
6472770,94000,AZN,3,61.7,3,14,True,False,False,Masazır,Bakı,1523.5
6462870,127000,AZN,2,55.7,5,5,True,False,False,Badamdar,Bakı,2280.07
6438956,238000,AZN,4,110.0,6,9,True,False,False,İnşaatçılar,Bakı,2163.64
6457853,227000,AZN,2,45.0,7,12,True,False,False,Nizami,Bakı,5044.44
6398518,279000,AZN,3,129.0,3,19,False,False,False,20 Yanvar,Bakı,2162.79
6492442,365000,AZN,3,122.0,16,18,True,False,False,Memar Əcəmi,Bakı,2991.8
6492441,285000,AZN,3,91.0,5,15,True,False,False,Həzi Aslanov,Bakı,3131.87
6446916,260000,AZN,2,90.0,15,17,True,True,True,Əhmədli,Bakı,2888.89
6473034,365000,AZN,4,105.0,4,19,True,True,False,Qara Qarayev,Bakı,3476.19
6384578,325000,AZN,3,97.0,4,16,False,False,False,Nəsimi,Bakı,3350.52
6284587,175000,AZN,3,70.0,9,9,True,True,False,Əhmədli,Bakı,2500.0
6492434,235000,AZN,2,58.0,3,6,True,False,False,Nizami,Bakı,4051.72
6151483,417000,AZN,3,127.0,4,16,False,False,False,Nəsimi,Bakı,3283.46
6249416,239000,AZN,2,73.7,6,8,False,False,False,Sea Breeze,Bakı,3242.88
5966794,285000,AZN,5,120.0,6,6,True,True,True,Həzi Aslanov,Bakı,2375.0
6468080,365000,AZN,3,112.0,14,14,True,False,False,Nəsimi,Bakı,3258.93
5501305,513528,AZN,3,140.5,4,8,False,True,True,Sea Breeze,Bakı,3655.0
6179765,425000,AZN,3,129.0,12,16,False,False,False,Nərimanov,Bakı,3294.57
6179689,365000,AZN,3,104.0,2,19,True,False,False,Nərimanov,Bakı,3509.62
6492431,69500,AZN,2,42.0,3,6,True,False,False,Masazır,Bakı,1654.76
6319338,390000,AZN,3,175.0,8,19,True,False,False,20 Yanvar,Bakı,2228.57
4237623,543730,AZN,2,98.86,15,18,False,True,True,Elmlər Akademiyası,Bakı,5500.0
6182611,260000,AZN,3,104.0,8,16,False,False,False,8 Noyabr,Bakı,2500.0
6313916,415000,AZN,3,145.0,22,27,False,False,False,8 Noyabr,Bakı,2862.07
6492430,142000,AZN,2,47.0,1,5,True,False,False,Memar Əcəmi,Bakı,3021.28
6492426,289000,AZN,3,92.0,11,14,True,False,False,Həzi Aslanov,Bakı,3141.3
6465647,148000,AZN,2,50.0,20,20,True,False,False,20 Yanvar,Bakı,2960.0
6326509,1188715,AZN,4,216.1,15,18,False,True,True,Elmlər Akademiyası,Bakı,5500.76
6488963,140000,AZN,1,40.0,2,5,True,False,False,Nərimanov,Bakı,3500.0
6492425,345000,AZN,3,130.0,4,20,True,False,False,Nizami,Bakı,2653.85
5867067,812900,AZN,4,147.8,16,18,False,True,True,Elmlər Akademiyası,Bakı,5500.0
6406624,658000,AZN,4,167.0,6,16,True,False,False,Nəsimi,Bakı,3940.12
6450644,155000,AZN,3,90.0,13,14,True,True,True,Masazır,Bakı,1722.22
4190770,1128215,AZN,4,205.13,15,18,False,True,True,Elmlər Akademiyası,Bakı,5500.0
6492421,153000,AZN,2,50.0,4,5,True,False,False,20 Yanvar,Bakı,3060.0
6230565,685000,AZN,4,225.0,16,18,True,False,False,Elmlər Akademiyası,Bakı,3044.44
4452982,318325,AZN,1,53.5,5,7,False,True,True,Nardaran,Bakı,5950.0
6252014,1380000,AZN,4,220.0,7,14,True,False,False,Bayıl,Bakı,6272.73
6445074,280000,AZN,3,70.0,9,16,True,False,False,İnşaatçılar,Bakı,4000.0
6450670,550000,AZN,5,116.0,2,2,True,True,False,İçəri Şəhər,Bakı,4741.38
6267842,1550000,AZN,6,365.0,4,5,True,False,False,İçəri Şəhər,Bakı,4246.58
5964283,714000,AZN,4,207.0,16,21,False,True,False,Elmlər Akademiyası,Bakı,3449.28
6492420,185000,AZN,4,132.0,3,16,True,False,False,Masazır,Bakı,1401.52
6477667,155000,AZN,1,60.0,11,16,True,False,False,İnşaatçılar,Bakı,2583.33
5936849,177000,AZN,1,60.0,12,24,False,True,True,Nardaran,Bakı,2950.0
6492417,620000,AZN,4,192.0,5,17,True,False,False,28 May,Bakı,3229.17
6164061,390000,AZN,4,195.0,8,18,True,True,False,Yasamal,Bakı,2000.0
6492416,170000,AZN,2,45.0,3,5,True,False,False,Elmlər Akademiyası,Bakı,3777.78
6485501,420000,AZN,3,148.0,14,27,True,False,False,Yasamal,Bakı,2837.84
5555412,405977,AZN,2,91.9,2,6,True,True,True,Sea Breeze,Bakı,4417.6
6377953,229000,AZN,2,75.0,16,17,True,False,False,Gənclik,Bakı,3053.33
6492412,309000,AZN,4,130.0,4,6,True,False,False,Həzi Aslanov,Bakı,2376.92
6469725,315000,AZN,3,120.0,8,17,True,False,False,Həzi Aslanov,Bakı,2625.0
6492411,1056000,AZN,3,165.0,21,32,True,False,False,Şah İsmayıl Xətai,Bakı,6400.0
6486619,470000,AZN,4,170.0,15,17,True,False,False,Şah İsmayıl Xətai,Bakı,2764.71
6434344,288000,AZN,3,110.0,7,19,True,False,False,Həzi Aslanov,Bakı,2618.18
6474933,157000,AZN,2,70.0,9,9,True,False,False,Həzi Aslanov,Bakı,2242.86
6178562,242000,AZN,3,80.0,11,15,True,False,False,Həzi Aslanov,Bakı,3025.0
6397896,180000,AZN,3,58.0,13,16,True,False,False,Neftçilər,Bakı,3103.45
6422300,258000,AZN,2,58.0,13,17,True,True,True,Nərimanov,Bakı,4448.28
6393219,255000,AZN,4,110.0,7,9,True,False,False,Əhmədli,Bakı,2318.18
6330380,310000,AZN,3,105.0,8,16,True,False,False,Neftçilər,Bakı,2952.38
6447085,226000,AZN,2,75.0,11,16,True,False,False,Qara Qarayev,Bakı,3013.33
6453905,2450000,AZN,4,379.0,8,17,False,False,False,Bayıl,Bakı,6464.38
6314611,285000,AZN,3,90.0,10,19,True,False,False,Əhmədli,Bakı,3166.67
6387351,805000,AZN,4,232.0,12,16,False,True,True,Nəsimi,Bakı,3469.83
6403441,320000,AZN,3,105.0,15,18,True,False,False,Qara Qarayev,Bakı,3047.62
6492406,215000,AZN,4,100.0,2,5,True,False,False,Həzi Aslanov,Bakı,2150.0
6403490,349000,AZN,4,179.0,11,16,False,False,False,Həzi Aslanov,Bakı,1949.72
6454542,185000,AZN,3,90.0,1,5,True,False,False,Neftçilər,Bakı,2055.56
6492405,155880,AZN,3,86.6,6,7,True,False,False,Masazır,Bakı,1800.0
6326283,188000,AZN,2,52.0,10,16,True,True,True,Neftçilər,Bakı,3615.38
6479363,210000,AZN,2,65.0,14,16,True,False,False,Əhmədli,Bakı,3230.77
6492338,680000,AZN,3,155.0,14,18,True,True,True,Şah İsmayıl Xətai,Bakı,4387.1
6403521,177000,AZN,2,62.0,5,14,True,False,False,Neftçilər,Bakı,2854.84
6068195,400000,AZN,3,161.0,11,16,True,False,False,Əhmədli,Bakı,2484.47
6406673,268000,AZN,3,87.0,12,14,True,False,False,Qara Qarayev,Bakı,3080.46
6456991,210000,AZN,2,84.0,2,5,False,True,True,Şıxov,Bakı,2500.0
6492402,117000,AZN,2,42.0,2,2,True,False,False,İçəri Şəhər,Bakı,2785.71
6422293,358000,AZN,3,88.0,13,17,True,True,True,Nərimanov,Bakı,4068.18
6240034,208000,AZN,2,55.0,6,20,True,False,False,20 Yanvar,Bakı,3781.82
6492399,310000,AZN,4,130.0,4,6,True,False,False,Həzi Aslanov,Bakı,2384.62
6030322,264000,AZN,3,110.0,12,17,True,False,False,Həzi Aslanov,Bakı,2400.0
5848733,209000,AZN,3,120.0,16,17,True,True,False,Həzi Aslanov,Bakı,1741.67
6058611,274000,AZN,3,121.0,5,18,True,False,False,Həzi Aslanov,Bakı,2264.46
6492398,161000,AZN,2,60.0,13,16,True,False,False,Qara Qarayev,Bakı,2683.33
6484523,165000,AZN,2,65.0,8,9,True,True,False,Əhmədli,Bakı,2538.46
6168820,1200000,AZN,3,131.0,15,17,True,True,False,28 May,Bakı,9160.31
6480666,96000,AZN,1,33.0,5,9,True,False,False,Qaraçuxur,Bakı,2909.09
6477682,210000,AZN,2,65.0,14,16,True,False,False,Həzi Aslanov,Bakı,3230.77
6492394,220000,AZN,2,63.0,3,17,True,False,False,Koroğlu,Bakı,3492.06
6458086,1400000,AZN,6,360.0,11,18,True,True,False,Gənclik,Bakı,3888.89
6492392,205000,AZN,2,53.0,14,19,True,False,False,20 Yanvar,Bakı,3867.92
6492388,245000,AZN,2,55.0,10,15,True,False,False,Nərimanov,Bakı,4454.55
6439458,210000,AZN,3,75.0,5,5,True,True,True,Gənclik,Bakı,2800.0
6332674,115000,AZN,1,51.0,14,19,True,True,False,Bakıxanov,Bakı,2254.9
6471728,570000,AZN,3,137.0,9,17,True,True,False,28 May,Bakı,4160.58
5898856,475200,AZN,3,144.0,2,7,False,False,False,Nəriman Nərimanov,Bakı,3300.0
6428586,255000,AZN,3,73.0,3,5,True,True,False,Nəriman Nərimanov,Bakı,3493.15
6464175,188900,AZN,3,70.0,3,16,True,True,False,Avtovağzal,Bakı,2698.57
6492385,188000,AZN,2,52.0,12,19,True,False,False,İnşaatçılar,Bakı,3615.38
6444660,385000,AZN,3,101.0,10,14,True,False,False,Nizami,Bakı,3811.88
4965982,285147,AZN,3,96.6,10,14,False,True,True,Dərnəgül,Bakı,2951.83
6213318,255000,AZN,3,125.0,3,15,True,True,False,Yeni Yasamal,Bakı,2040.0
4967088,236168,AZN,2,89.1,8,13,False,True,True,Dərnəgül,Bakı,2650.59
6492381,245000,AZN,3,84.0,14,15,True,False,False,Neftçilər,Bakı,2916.67
6492380,1054000,AZN,3,165.0,23,32,True,False,False,Şah İsmayıl Xətai,Bakı,6387.88
6322773,410000,AZN,3,140.0,6,16,True,False,False,Nəsimi,Bakı,2928.57
6475470,127000,AZN,2,55.0,5,5,True,True,False,Badamdar,Bakı,2309.09
6337123,245000,AZN,2,62.0,16,18,True,False,False,Nəriman Nərimanov,Bakı,3951.61
6488006,430000,AZN,4,203.0,14,16,False,True,False,Elmlər Akademiyası,Bakı,2118.23
6393560,420000,AZN,3,120.0,13,17,True,False,False,Gənclik,Bakı,3500.0
6492379,450000,AZN,2,95.0,8,16,True,False,False,Elmlər Akademiyası,Bakı,4736.84
6492375,159000,AZN,2,40.0,12,13,True,False,False,Bayıl,Bakı,3975.0
6492058,140000,AZN,1,40.0,2,5,True,False,False,Nərimanov,Bakı,3500.0
6492371,190000,AZN,2,64.0,12,14,True,False,False,Memar Əcəmi,Bakı,2968.75
6492370,59500,AZN,1,22.0,6,6,True,False,False,Bakıxanov,Bakı,2704.55
6449273,82500,AZN,2,55.0,3,5,False,False,False,Həzi Aslanov,Bakı,1500.0
6323721,249000,AZN,3,102.5,3,13,True,False,False,Əhmədli,Bakı,2429.27
6456627,70000,AZN,3,71.0,5,5,True,False,False,Masazır,Bakı,985.92
5936347,250000,AZN,1,59.5,12,24,True,False,False,Sea Breeze,Bakı,4201.68
6492367,265000,AZN,3,65.0,3,5,True,False,False,Nəriman Nərimanov,Bakı,4076.92
6320934,189000,AZN,2,60.0,4,5,True,False,False,Nəriman Nərimanov,Bakı,3150.0
6348595,159000,AZN,2,40.0,11,15,False,False,False,28 May,Bakı,3975.0
6492366,550000,AZN,4,191.0,14,16,False,False,False,Elmlər Akademiyası,Bakı,2879.58
6103408,136000,AZN,3,97.0,4,9,True,True,False,Masazır,Bakı,1402.06
6412137,362000,AZN,3,135.0,9,16,True,False,False,Qara Qarayev,Bakı,2681.48
6455800,227000,AZN,3,65.0,4,9,True,False,False,Gənclik,Bakı,3492.31
6492365,139500,AZN,2,45.0,7,9,True,False,False,Memar Əcəmi,Bakı,3100.0
6469521,149000,AZN,2,78.0,5,14,False,False,False,Həzi Aslanov,Bakı,1910.26
6385464,270000,AZN,2,92.0,19,20,True,False,False,Şah İsmayıl Xətai,Bakı,2934.78
6492364,98000,AZN,2,72.0,8,10,True,False,False,Masazır,Bakı,1361.11
6492298,127000,AZN,2,45.0,6,9,True,False,False,Əhmədli,Bakı,2822.22
6435718,380000,AZN,3,160.0,3,19,True,True,False,Şah İsmayıl Xətai,Bakı,2375.0
6480984,386000,AZN,3,127.0,4,18,True,True,True,Memar Əcəmi,Bakı,3039.37
6291281,325000,AZN,3,100.0,4,16,False,True,True,Nəsimi,Bakı,3250.0
6409222,285000,AZN,3,91.0,5,15,True,False,False,Həzi Aslanov,Bakı,3131.87
6465544,270000,AZN,3,125.0,14,17,True,True,True,Bayıl,Bakı,2160.0
6492360,360000,AZN,3,117.0,14,17,True,False,False,20 Yanvar,Bakı,3076.92
6450610,82000,AZN,3,60.0,1,8,True,False,False,Masazır,Bakı,1366.67
6465129,777000,AZN,4,229.0,14,16,False,True,False,28 May,Bakı,3393.01
6474668,380000,AZN,3,93.0,13,17,True,True,False,Şah İsmayıl Xətai,Bakı,4086.02
6492361,250000,AZN,3,104.0,15,17,False,False,False,7-ci mikrorayon,Bakı,2403.85
6465108,670000,AZN,4,179.0,11,16,True,True,False,Şah İsmayıl Xətai,Bakı,3743.02
6483513,66000,AZN,2,44.0,5,6,True,False,False,Masazır,Bakı,1500.0
6465072,335000,AZN,2,80.0,3,16,True,True,False,Şah İsmayıl Xətai,Bakı,4187.5
6444387,83000,AZN,2,60.0,5,6,True,False,False,Masazır,Bakı,1383.33
6492356,445000,AZN,3,117.0,15,19,True,False,False,İnşaatçılar,Bakı,3803.42
6225420,86000,AZN,2,57.0,1,6,True,False,False,Masazır,Bakı,1508.77
6470626,285000,AZN,3,105.0,16,18,True,False,False,Nəriman Nərimanov,Bakı,2714.29
6463840,227000,AZN,3,70.0,4,9,True,False,False,Gənclik,Bakı,3242.86
6492355,245000,AZN,3,82.0,2,5,True,False,False,Nərimanov,Bakı,2987.8
6464963,290000,AZN,2,70.0,6,12,True,True,False,Səbail,Bakı,4142.86
6484945,235000,AZN,3,108.0,16,17,True,False,False,Xalqlar Dostluğu,Bakı,2175.93
6455438,127000,AZN,2,75.0,9,14,True,False,False,Masazır,Bakı,1693.33
6405793,219000,AZN,3,85.0,18,18,True,True,True,Yeni Yasamal,Bakı,2576.47
6464886,1600000,AZN,4,240.0,17,22,True,True,False,Səbail,Bakı,6666.67
6492354,170000,AZN,3,75.0,8,9,True,False,False,Qara Qarayev,Bakı,2266.67
6451615,104900,AZN,2,56.0,8,16,True,False,False,Masazır,Bakı,1873.21
6472810,157000,AZN,3,64.0,1,9,True,True,False,Bakıxanov,Bakı,2453.12
6460911,310000,AZN,3,94.0,5,16,True,True,True,Nərimanov,Bakı,3297.87
6371230,239000,AZN,2,95.0,4,19,True,False,False,Həzi Aslanov,Bakı,2515.79
6069874,265000,AZN,2,95.0,16,17,True,False,False,Şah İsmayıl Xətai,Bakı,2789.47
6422209,550000,AZN,4,121.0,7,7,True,False,False,Ağ şəhər,Bakı,4545.45
6442070,329000,AZN,3,125.0,20,22,True,True,False,Nərimanov,Bakı,2632.0
6357557,212000,AZN,2,92.0,7,19,False,False,False,Həzi Aslanov,Bakı,2304.35
6486222,920000,AZN,4,165.0,3,7,True,True,True,Ağ şəhər,Bakı,5575.76
6486306,288000,AZN,3,111.0,7,20,True,True,False,Həzi Aslanov,Bakı,2594.59
6209296,870000,AZN,4,181.0,6,17,True,True,True,Elmlər Akademiyası,Bakı,4806.63
6446186,444000,AZN,2,82.0,11,20,False,True,True,Ağ şəhər,Bakı,5414.63
6374219,142000,AZN,1,35.0,3,5,True,False,False,Elmlər Akademiyası,Bakı,4057.14
6439811,608000,AZN,5,205.0,11,16,True,False,False,Şah İsmayıl Xətai,Bakı,2965.85
6480118,170000,AZN,3,70.0,5,5,True,False,False,Xalqlar Dostluğu,Bakı,2428.57
6475187,165000,AZN,3,90.0,4,7,True,False,False,8-ci kilometr,Bakı,1833.33
6470733,178000,AZN,2,65.0,4,9,True,False,False,Həzi Aslanov,Bakı,2738.46
6480407,175000,AZN,1,57.0,2,9,False,True,False,Sea Breeze,Bakı,3070.18
6441702,225000,AZN,3,86.0,8,9,True,False,False,Koroğlu,Bakı,2616.28
6467716,165000,AZN,3,68.0,2,9,True,False,False,Həzi Aslanov,Bakı,2426.47
6277065,309000,AZN,2,68.0,3,19,True,False,False,Şah İsmayıl Xətai,Bakı,4544.12
6478701,157000,AZN,2,52.0,4,14,True,False,False,Xalqlar Dostluğu,Bakı,3019.23
6430150,238000,AZN,3,85.0,8,9,True,False,False,Xalqlar Dostluğu,Bakı,2800.0
6413992,330000,AZN,3,105.0,3,18,True,False,False,Qara Qarayev,Bakı,3142.86
6395890,420000,AZN,3,118.0,13,19,True,False,False,Gənclik,Bakı,3559.32
6438863,174000,AZN,2,60.0,17,19,True,False,False,Memar Əcəmi,Bakı,2900.0
6444656,176000,AZN,2,55.0,12,19,True,False,False,Həzi Aslanov,Bakı,3200.0
6396254,329000,AZN,3,123.0,12,20,True,True,False,İnşaatçılar,Bakı,2674.8
6434881,138000,AZN,3,77.0,9,12,True,False,False,Hövsan,Bakı,1792.21
6338508,133000,AZN,2,67.0,10,19,True,False,False,Bakıxanov,Bakı,1985.07
6480408,154000,AZN,2,47.0,2,9,True,False,False,Xalqlar Dostluğu,Bakı,3276.6
6486052,435000,AZN,3,115.0,16,17,True,True,False,Şah İsmayıl Xətai,Bakı,3782.61
5914718,284000,AZN,3,138.0,20,23,False,False,False,Bakıxanov,Bakı,2057.97
6492341,219000,AZN,3,95.0,8,16,True,False,False,Həzi Aslanov,Bakı,2305.26
6436920,385000,AZN,4,145.0,17,17,True,True,False,28 May,Bakı,2655.17
6477852,144500,AZN,2,50.0,4,16,True,True,False,Avtovağzal,Bakı,2890.0
5427439,387000,AZN,2,79.6,1,1,True,True,True,Sea Breeze,Bakı,4861.81
6329306,316000,AZN,2,96.0,4,12,False,False,False,Gənclik,Bakı,3291.67
6440032,155000,AZN,2,65.0,8,9,True,True,False,Həzi Aslanov,Bakı,2384.62
6458036,208000,AZN,2,70.0,4,5,True,True,False,Badamdar,Bakı,2971.43
5419358,165000,AZN,1,39.0,5,18,False,True,False,Sea Breeze,Bakı,4230.77
6333789,207000,AZN,4,100.0,2,5,True,True,False,Neftçilər,Bakı,2070.0
6392704,299000,AZN,3,110.0,3,15,True,False,False,Elmlər Akademiyası,Bakı,2718.18
6446823,236000,AZN,3,75.0,4,5,True,True,False,Nizami,Bakı,3146.67
6429262,580000,AZN,2,103.0,2,3,True,True,True,Sabunçu,Bakı,5631.07
6339879,550000,AZN,4,185.0,3,16,True,True,False,Nərimanov,Bakı,2972.97
6216890,221000,AZN,1,58.0,1,7,True,True,True,Sea Breeze,Bakı,3810.34
5738483,175000,AZN,1,57.2,5,24,False,True,False,Nardaran,Bakı,3059.44
6490992,145000,AZN,3,80.0,7,9,True,True,True,Hövsan,Bakı,1812.5
6305096,310000,AZN,3,120.3,4,16,False,True,False,20 Yanvar,Bakı,2576.89
6469409,160000,AZN,2,58.0,18,19,True,False,False,Bakıxanov,Bakı,2758.62
6466039,144000,AZN,2,82.0,17,19,True,False,False,Bakıxanov,Bakı,1756.1
6464512,213000,AZN,4,83.0,5,5,True,False,False,Bakıxanov,Bakı,2566.27
6459578,110000,AZN,1,40.0,4,5,True,False,False,Bakıxanov,Bakı,2750.0
6447533,148000,AZN,2,40.0,5,10,True,False,False,Bakıxanov,Bakı,3700.0
6458787,153000,AZN,2,60.0,1,9,True,False,False,Bakıxanov,Bakı,2550.0
6436310,310000,AZN,2,85.5,15,20,True,True,True,Nərimanov,Bakı,3625.73
6492331,275000,AZN,3,105.0,5,17,True,False,False,İnşaatçılar,Bakı,2619.05
6422061,288000,AZN,2,72.0,10,16,False,True,True,Nizami,Bakı,4000.0
6441945,260000,AZN,3,75.0,9,20,True,True,False,20 Yanvar,Bakı,3466.67
6364649,365000,AZN,3,84.0,7,16,True,False,False,Nizami,Bakı,4345.24
6460755,475000,AZN,3,125.0,18,20,False,True,True,Şah İsmayıl Xətai,Bakı,3800.0
6403156,270000,AZN,2,87.0,11,18,True,True,False,Nizami,Bakı,3103.45
6415685,320000,AZN,4,111.0,3,9,True,True,False,Nərimanov,Bakı,2882.88
6481756,345000,AZN,4,115.0,2,5,True,False,False,Elmlər Akademiyası,Bakı,3000.0
6425371,325000,AZN,3,80.0,9,14,True,False,False,Gənclik,Bakı,4062.5
6425324,885000,AZN,4,233.0,4,17,True,False,False,Nərimanov,Bakı,3798.28
6429200,270000,AZN,3,126.0,14,17,True,False,False,Xalqlar Dostluğu,Bakı,2142.86
6214938,288000,AZN,2,70.0,9,21,True,False,False,Nəsimi,Bakı,4114.29
6433303,460000,AZN,3,92.0,15,20,True,False,False,Şah İsmayıl Xətai,Bakı,5000.0
6357503,355000,AZN,3,115.0,4,14,True,False,False,Azadlıq Prospekti,Bakı,3086.96
6448671,245000,AZN,2,55.0,10,16,True,False,False,Nərimanov,Bakı,4454.55
6310226,455000,AZN,3,148.0,5,27,True,False,False,8 Noyabr,Bakı,3074.32
6441946,454000,AZN,3,65.0,5,7,True,False,False,Ağ şəhər,Bakı,6984.62
6463468,146000,AZN,3,75.0,5,5,True,False,False,Həzi Aslanov,Bakı,1946.67
6351596,319800,AZN,3,81.0,9,16,True,False,False,Nərimanov,Bakı,3948.15
6463501,230000,AZN,3,80.0,5,9,True,False,False,Gənclik,Bakı,2875.0
6492328,273000,AZN,2,75.0,10,17,True,False,False,Azadlıq Prospekti,Bakı,3640.0
6477344,275000,AZN,4,120.0,4,9,True,False,False,Gənclik,Bakı,2291.67
6432424,292000,AZN,4,146.0,7,17,False,False,False,Dərnəgül,Bakı,2000.0
6360284,168000,AZN,2,56.0,6,16,True,False,False,Neftçilər,Bakı,3000.0
6491055,195000,AZN,2,55.0,4,12,True,True,False,Nəsimi,Bakı,3545.45
6465460,168000,AZN,4,84.0,7,9,True,False,False,Yeni Günəşli,Bakı,2000.0
6395971,185000,AZN,5,120.0,6,9,True,False,False,Köhnə Günəşli,Bakı,1541.67
6425630,232000,AZN,3,91.0,11,15,False,False,False,Həzi Aslanov,Bakı,2549.45
6172499,150000,AZN,3,70.0,13,15,True,False,False,Yeni Günəşli,Bakı,2142.86
6377949,175000,AZN,2,54.0,13,15,True,False,False,Əhmədli,Bakı,3240.74
5905973,540000,AZN,4,188.0,9,16,True,False,False,Elmlər Akademiyası,Bakı,2872.34
6476750,125000,AZN,2,60.0,2,3,True,False,False,Qaraçuxur,Bakı,2083.33
6091577,269000,AZN,3,140.0,17,17,True,False,False,Əhmədli,Bakı,1921.43
6482708,195000,AZN,4,85.0,1,9,True,True,False,Həzi Aslanov,Bakı,2294.12
6482402,315000,AZN,4,185.0,14,18,False,True,False,Xətai,Bakı,1702.7
6485389,105000,AZN,2,57.0,4,6,True,False,False,Abşeron,Xırdalan,1842.11
6310776,275000,AZN,3,90.0,2,19,True,False,False,Əhmədli,Bakı,3055.56
6392643,204408,AZN,1,50.1,3,12,False,True,True,Nardaran,Bakı,4080.0
6467036,153000,AZN,2,67.0,5,14,False,False,False,Həzi Aslanov,Bakı,2283.58
6342049,460000,AZN,3,125.0,11,17,True,True,True,Şah İsmayıl Xətai,Bakı,3680.0
6409214,538000,AZN,4,177.9,4,17,False,True,True,Gənclik,Bakı,3024.17
6416838,430000,AZN,3,136.0,16,22,True,False,False,İnşaatçılar,Bakı,3161.76
6456871,256000,AZN,3,83.0,14,18,True,False,False,İnşaatçılar,Bakı,3084.34
6492320,560000,AZN,3,140.0,4,10,True,False,False,28 May,Bakı,4000.0
6350926,850000,AZN,4,211.0,6,15,True,False,False,Sahil,Bakı,4028.44
6469734,462000,AZN,3,140.0,16,18,True,False,False,Gənclik,Bakı,3300.0
6149144,750000,AZN,4,153.0,4,8,True,False,False,Ağ şəhər,Bakı,4901.96
6457468,360000,AZN,3,125.0,11,13,True,False,False,8 Noyabr,Bakı,2880.0
6463237,220000,AZN,2,85.0,6,16,True,False,False,Dərnəgül,Bakı,2588.24
6447531,1200000,AZN,4,190.0,13,19,True,False,False,28 May,Bakı,6315.79
6479252,185000,AZN,2,45.0,4,17,True,False,False,Nəriman Nərimanov,Bakı,4111.11
6479557,163000,AZN,2,60.0,2,5,True,False,False,Xalqlar Dostluğu,Bakı,2716.67
5791784,249000,AZN,2,61.0,4,15,True,False,False,Nərimanov,Bakı,4081.97
6209874,830000,AZN,5,265.0,13,16,True,False,False,Nizami,Bakı,3132.08
6061715,926000,AZN,4,257.0,7,15,False,False,False,Sahil,Bakı,3603.11
6492318,268000,AZN,3,111.0,16,17,True,False,False,İnşaatçılar,Bakı,2414.41
6201532,375000,AZN,3,95.0,9,13,True,False,False,Nizami,Bakı,3947.37
6408374,650000,AZN,4,176.0,5,16,False,False,False,Nəriman Nərimanov,Bakı,3693.18
5731813,595000,AZN,4,160.0,15,17,True,False,False,Şah İsmayıl Xətai,Bakı,3718.75
6107074,400000,AZN,3,142.0,15,17,True,False,False,Nəriman Nərimanov,Bakı,2816.9
6415639,267000,AZN,2,87.0,5,16,True,False,False,Şah İsmayıl Xətai,Bakı,3068.97
6482766,248000,AZN,2,55.0,11,16,True,False,False,Şah İsmayıl Xətai,Bakı,4509.09
6482255,758500,AZN,4,185.0,15,21,False,False,False,Xətai,Bakı,4100.0
6463242,172000,AZN,2,55.0,4,5,True,False,False,İnşaatçılar,Bakı,3127.27
6492316,319000,AZN,2,105.0,9,17,True,False,False,Gənclik,Bakı,3038.1
6297194,428000,AZN,4,173.0,5,16,False,False,False,Yasamal,Bakı,2473.99
6469098,432000,AZN,3,150.0,4,19,True,False,False,Elmlər Akademiyası,Bakı,2880.0
6405099,452064,AZN,3,110.8,8,11,False,True,True,Nardaran,Bakı,4080.0
6440269,453000,AZN,3,158.0,7,18,False,False,False,Gənclik,Bakı,2867.09
6408064,220000,AZN,3,80.0,2,5,True,False,False,İnşaatçılar,Bakı,2750.0
6235007,217000,AZN,4,120.0,2,5,True,False,False,Xətai,Bakı,1808.33
6281238,285000,AZN,3,115.0,14,18,True,False,False,Memar Əcəmi,Bakı,2478.26
6213319,242000,AZN,3,102.5,17,18,True,True,True,Badamdar,Bakı,2360.98
5705571,400000,AZN,3,100.0,4,16,True,False,False,Nizami,Bakı,4000.0
6492312,133000,AZN,1,58.0,4,15,False,False,False,Azadlıq Prospekti,Bakı,2293.1
6488171,192000,AZN,2,72.0,5,22,True,False,False,İnşaatçılar,Bakı,2666.67
6491674,284500,AZN,3,135.0,16,18,True,False,False,Yeni Yasamal,Bakı,2107.41
6492311,250000,AZN,4,100.0,8,9,True,False,False,20 Yanvar,Bakı,2500.0
6491746,254500,AZN,3,125.0,16,18,True,False,False,Memar Əcəmi,Bakı,2036.0
6332032,165000,AZN,4,70.0,1,5,False,False,False,Qara Qarayev,Bakı,2357.14
6492310,438000,AZN,4,147.0,3,7,False,False,False,Ağ şəhər,Bakı,2979.59
6460073,138000,AZN,2,40.0,4,9,True,False,False,Həzi Aslanov,Bakı,3450.0
6434429,205000,AZN,3,85.0,8,12,True,True,False,Bakıxanov,Bakı,2411.76
6470589,830000,AZN,4,220.0,8,16,False,False,False,Nizami,Bakı,3772.73
6460084,479000,AZN,3,160.0,12,24,True,True,True,Şah İsmayıl Xətai,Bakı,2993.75
6409293,175000,AZN,3,92.0,7,19,True,True,False,Bakıxanov,Bakı,1902.17
6146493,235000,AZN,4,115.0,6,9,True,False,False,Elmlər Akademiyası,Bakı,2043.48
6492307,359000,AZN,3,133.0,13,16,False,False,False,Nərimanov,Bakı,2699.25
6310850,630000,AZN,3,130.0,5,8,True,True,False,Ağ şəhər,Bakı,4846.15
6453460,205000,AZN,3,90.0,6,9,True,False,False,20 Yanvar,Bakı,2277.78
6473926,230000,AZN,2,95.0,11,14,False,False,False,Memar Əcəmi,Bakı,2421.05
6135551,258000,AZN,4,127.0,9,17,True,True,False,Köhnə Günəşli,Bakı,2031.5
6350735,245000,AZN,2,70.0,7,17,True,False,False,Binəqədi,Bakı,3500.0
6473671,287500,AZN,3,119.0,2,15,False,False,False,Memar Əcəmi,Bakı,2415.97
6449059,239000,AZN,3,80.0,11,13,True,False,False,Koroğlu,Bakı,2987.5
6306161,96000,AZN,2,56.0,11,11,True,True,False,Masazır,Bakı,1714.29
6418800,365000,AZN,3,106.0,17,27,True,False,False,8 Noyabr,Bakı,3443.4
6034321,305000,AZN,3,125.0,2,18,True,False,False,Şah İsmayıl Xətai,Bakı,2440.0
6284252,120000,AZN,4,83.0,3,6,True,True,False,Masazır,Bakı,1445.78
6370757,359000,AZN,3,132.0,2,13,True,False,False,Şah İsmayıl Xətai,Bakı,2719.7
6331823,363702,AZN,3,105.4,10,14,False,True,True,Nardaran,Bakı,3450.68
6171821,720000,AZN,4,141.0,5,7,True,True,False,Ağ şəhər,Bakı,5106.38
6474622,197000,AZN,3,90.0,2,9,True,False,False,Neftçilər,Bakı,2188.89
6450460,355000,AZN,4,155.0,5,20,True,False,False,Həzi Aslanov,Bakı,2290.32
6487134,300000,AZN,3,105.0,5,16,True,False,False,Qara Qarayev,Bakı,2857.14
6466913,397000,AZN,2,99.0,4,18,True,False,False,28 May,Bakı,4010.1
6413939,258000,AZN,3,114.0,6,17,True,False,False,Əhmədli,Bakı,2263.16
6492301,115000,AZN,1,35.0,1,5,True,False,False,Memar Əcəmi,Bakı,3285.71
6492300,182000,AZN,3,65.0,1,9,True,False,False,Xalqlar Dostluğu,Bakı,2800.0
6492299,644000,AZN,4,127.0,10,20,True,False,False,Şah İsmayıl Xətai,Bakı,5070.87
6461638,215000,AZN,2,92.0,5,17,True,False,False,Köhnə Günəşli,Bakı,2336.96
6492295,340000,AZN,2,117.0,6,18,True,False,False,Sahil,Bakı,2905.98
6434170,559000,AZN,3,120.0,8,18,True,False,False,İçəri Şəhər,Bakı,4658.33
5516652,339000,AZN,3,101.0,3,19,True,False,False,Həzi Aslanov,Bakı,3356.44
6339960,280000,AZN,3,130.0,3,16,False,True,True,İnşaatçılar,Bakı,2153.85
6243960,975000,AZN,4,250.0,3,18,True,False,False,İçəri Şəhər,Bakı,3900.0
6404060,187000,AZN,3,65.0,5,9,True,False,False,Xalqlar Dostluğu,Bakı,2876.92
6492289,240000,AZN,2,65.0,2,4,True,False,False,Şah İsmayıl Xətai,Bakı,3692.31
6073522,275000,AZN,3,105.0,3,17,True,True,True,20 Yanvar,Bakı,2619.05
5928921,349000,AZN,3,105.0,12,15,True,False,False,Həzi Aslanov,Bakı,3323.81
6487125,240000,AZN,4,85.0,4,9,True,False,False,Əhmədli,Bakı,2823.53
6371766,129500,AZN,2,60.0,13,13,True,True,False,Həzi Aslanov,Bakı,2158.33
6491610,205000,AZN,2,65.0,6,19,True,False,False,Xətai,Bakı,3153.85
6492285,387000,AZN,2,85.0,9,16,True,False,False,Şah İsmayıl Xətai,Bakı,4552.94
6482652,350000,AZN,3,126.0,14,19,True,False,False,Xətai,Bakı,2777.78
6492284,360000,AZN,3,160.0,18,19,True,False,False,8 Noyabr,Bakı,2250.0
6089658,297000,AZN,3,100.0,6,17,True,True,True,Dərnəgül,Bakı,2970.0
6492282,175000,AZN,2,65.0,8,9,True,False,False,Xalqlar Dostluğu,Bakı,2692.31
6316034,320000,AZN,3,130.0,5,18,True,False,False,Memar Əcəmi,Bakı,2461.54
6443973,83000,AZN,2,60.0,5,6,True,True,True,Masazır,Bakı,1383.33
6421499,497000,AZN,4,146.2,5,12,False,False,False,Səbail,Bakı,3399.45
6492280,480000,AZN,3,150.0,15,18,True,False,False,Badamdar,Bakı,3200.0
6492279,295000,AZN,3,125.0,7,10,True,False,False,Xalqlar Dostluğu,Bakı,2360.0
6192755,415000,AZN,2,97.0,9,12,True,False,False,Səbail,Bakı,4278.35
6403384,56500,AZN,2,50.0,8,9,False,True,False,Masazır,Bakı,1130.0
6331498,555000,AZN,4,155.0,10,16,False,False,False,Nizami,Bakı,3580.65
6206744,420000,AZN,3,120.0,13,19,True,False,False,Gənclik,Bakı,3500.0
6491240,280000,AZN,3,113.0,13,16,True,True,False,Biləcəri,Bakı,2477.88
6492278,410000,AZN,3,140.0,8,18,True,False,False,Badamdar,Bakı,2928.57
6492277,220000,AZN,2,50.0,11,16,True,False,False,İnşaatçılar,Bakı,4400.0
6492276,290000,AZN,3,100.0,16,16,False,False,False,28 May,Bakı,2900.0
6472283,260000,AZN,2,95.0,13,16,True,False,False,Qara Qarayev,Bakı,2736.84
6246142,349000,AZN,3,109.0,12,14,True,False,False,Həzi Aslanov,Bakı,3201.83
6460617,289000,AZN,2,72.0,9,20,True,False,False,Nəsimi,Bakı,4013.89
6472288,237000,AZN,3,86.3,7,15,False,False,False,Qara Qarayev,Bakı,2746.23
6318715,253708,AZN,1,53.3,6,7,False,True,True,Nardaran,Bakı,4760.0
6412321,486000,AZN,3,139.0,8,16,False,True,False,28 May,Bakı,3496.4
6479404,300000,AZN,3,127.0,11,18,True,False,False,Qara Qarayev,Bakı,2362.2
6489250,270000,AZN,3,86.0,14,15,True,True,False,Yasamal,Bakı,3139.53
6250944,488000,AZN,4,129.7,8,16,True,True,False,Bakmil,Bakı,3762.53
6313218,495000,AZN,3,175.0,9,11,True,False,False,Nizami,Bakı,2828.57
6318271,82000,AZN,2,50.0,18,18,True,False,False,Nəriman Nərimanov,Bakı,1640.0
6406942,228000,AZN,3,80.0,6,21,True,False,False,Əhmədli,Bakı,2850.0
6398641,229000,AZN,3,94.0,11,16,False,True,False,Neftçilər,Bakı,2436.17
6470482,286000,AZN,2,87.0,12,17,True,False,False,Qara Qarayev,Bakı,3287.36
6405585,375000,AZN,3,135.0,12,18,True,False,False,Nəriman Nərimanov,Bakı,2777.78
6351402,126000,AZN,2,55.0,4,5,True,False,False,Bakıxanov,Bakı,2290.91
6357069,215000,AZN,4,100.0,2,5,True,False,False,Həzi Aslanov,Bakı,2150.0
6427957,315000,AZN,3,103.0,12,19,True,False,False,İnşaatçılar,Bakı,3058.25
6460934,115000,AZN,1,51.0,6,21,False,False,False,İnşaatçılar,Bakı,2254.9
6431082,375000,AZN,3,140.0,10,17,True,False,False,8 Noyabr,Bakı,2678.57
6479336,345000,AZN,4,130.0,14,16,True,False,False,Qara Qarayev,Bakı,2653.85
6189940,215000,AZN,3,100.0,7,10,False,False,False,Bakıxanov,Bakı,2150.0
6492271,310000,AZN,3,121.0,4,16,False,False,False,İnşaatçılar,Bakı,2561.98
6411106,549000,AZN,3,100.0,11,17,True,False,False,İçəri Şəhər,Bakı,5490.0
6478661,172000,AZN,1,50.0,15,17,True,False,False,Azadlıq Prospekti,Bakı,3440.0
6472938,379500,AZN,4,175.0,5,10,True,False,False,Memar Əcəmi,Bakı,2168.57
6406919,179000,AZN,2,95.0,4,4,True,False,False,Bakıxanov,Bakı,1884.21
6187123,335000,AZN,4,186.0,16,18,False,False,False,Qara Qarayev,Bakı,1801.08
6348035,225000,AZN,2,80.0,8,21,True,False,False,Xətai,Bakı,2812.5
6387511,235000,AZN,3,101.0,5,17,False,False,False,Dərnəgül,Bakı,2326.73
6332236,245000,AZN,2,62.0,16,17,True,False,False,Nərimanov,Bakı,3951.61
6432664,535000,AZN,3,150.0,6,14,True,False,False,28 May,Bakı,3566.67
6444814,205000,AZN,3,85.0,8,9,True,False,False,Xalqlar Dostluğu,Bakı,2411.76
6492269,250000,AZN,2,72.0,16,16,True,False,False,Koroğlu,Bakı,3472.22
6028328,137000,AZN,2,50.0,2,8,True,False,False,Əmircan,Bakı,2740.0
6238611,485000,AZN,3,130.0,16,22,True,True,False,Elmlər Akademiyası,Bakı,3730.77
6426543,685000,AZN,4,240.0,11,21,True,True,True,Nərimanov,Bakı,2854.17
6464916,750000,AZN,4,180.0,9,15,True,False,False,28 May,Bakı,4166.67
6492268,220000,AZN,2,60.0,5,5,True,False,False,Nəriman Nərimanov,Bakı,3666.67
6220831,306694,AZN,2,59.2,9,28,False,True,True,Nardaran,Bakı,5180.64
6492266,429000,AZN,3,151.0,16,18,True,False,False,Badamdar,Bakı,2841.06
6336023,244000,AZN,3,84.0,14,15,True,False,False,Neftçilər,Bakı,2904.76
6492262,660000,AZN,4,173.0,5,17,True,False,False,Nəriman Nərimanov,Bakı,3815.03
6070024,168000,AZN,2,56.0,9,16,True,False,False,Xətai,Bakı,3000.0
6207462,209000,AZN,2,86.0,15,16,False,False,False,28 May,Bakı,2430.23
6492260,335000,AZN,3,130.0,9,16,True,False,False,Həzi Aslanov,Bakı,2576.92
6466739,272000,AZN,3,97.0,4,17,True,True,False,Xətai,Bakı,2804.12
6392511,82000,AZN,1,20.0,1,1,True,False,False,İçəri Şəhər,Bakı,4100.0
6014236,229000,AZN,3,65.0,10,15,True,False,False,Həzi Aslanov,Bakı,3523.08
6492253,400000,AZN,3,171.0,3,16,True,False,False,8 Noyabr,Bakı,2339.18
6412241,248000,AZN,3,82.0,5,16,True,False,False,Həzi Aslanov,Bakı,3024.39
6106195,229000,AZN,3,98.0,5,15,True,False,False,Həzi Aslanov,Bakı,2336.73
6318805,268000,AZN,3,118.0,18,18,True,False,False,20 Yanvar,Bakı,2271.19
6492252,142000,AZN,2,60.0,1,6,True,False,False,İnşaatçılar,Bakı,2366.67
6469471,365000,AZN,3,130.0,13,18,True,False,False,İnşaatçılar,Bakı,2807.69
6492251,579000,AZN,3,100.0,5,8,True,False,False,Ağ şəhər,Bakı,5790.0
6474170,275000,AZN,2,68.0,8,17,False,False,False,Elmlər Akademiyası,Bakı,4044.12
6492247,198000,AZN,2,85.0,4,16,True,False,False,Avtovağzal,Bakı,2329.41
6492241,198000,AZN,3,85.0,8,9,True,False,False,Əhmədli,Bakı,2329.41
5953652,208000,AZN,2,90.0,3,17,True,False,False,Həzi Aslanov,Bakı,2311.11
6492240,495000,AZN,4,192.0,13,24,True,False,False,Şah İsmayıl Xətai,Bakı,2578.12
6408936,142000,AZN,2,72.0,6,16,True,False,False,Yeni Günəşli,Bakı,1972.22
6447521,288000,AZN,3,110.0,7,20,True,False,False,Həzi Aslanov,Bakı,2618.18
6325856,250000,AZN,3,90.0,10,14,True,False,False,Əhmədli,Bakı,2777.78
6492239,75000,AZN,1,35.0,3,3,True,False,False,Bülbülə,Bakı,2142.86
6249822,240000,AZN,3,110.0,9,16,True,False,False,Həzi Aslanov,Bakı,2181.82
6492233,220000,AZN,3,91.0,8,21,True,False,False,İnşaatçılar,Bakı,2417.58
6447588,210000,AZN,2,70.0,9,18,True,False,False,8 Noyabr,Bakı,3000.0
6357177,299000,AZN,3,110.0,16,17,True,False,False,Nəriman Nərimanov,Bakı,2718.18
6025660,234000,AZN,5,140.0,3,9,True,False,False,20 Yanvar,Bakı,1671.43
6480293,320000,AZN,3,90.0,3,9,True,False,False,Nəriman Nərimanov,Bakı,3555.56
6411695,560000,AZN,3,107.0,3,7,True,False,False,Ağ şəhər,Bakı,5233.64
6492229,305000,AZN,3,105.0,7,12,True,False,False,Nizami,Bakı,2904.76
6477377,232000,AZN,3,105.0,17,21,False,False,False,Həzi Aslanov,Bakı,2209.52
6370863,470000,AZN,2,80.0,7,7,True,False,False,Ağ şəhər,Bakı,5875.0
6430791,285000,AZN,3,110.0,7,20,True,False,False,Xətai,Bakı,2590.91
6492227,213000,AZN,3,103.0,6,21,True,False,False,İnşaatçılar,Bakı,2067.96
6015320,950000,AZN,4,232.0,13,18,False,False,False,Nəsimi,Bakı,4094.83
6492224,320000,AZN,3,125.0,16,16,True,False,False,Xalqlar Dostluğu,Bakı,2560.0
6464120,228000,AZN,2,94.0,6,18,True,False,False,20 Yanvar,Bakı,2425.53
6461949,313000,AZN,3,131.0,10,17,True,False,False,Memar Əcəmi,Bakı,2389.31
6281299,490000,AZN,2,95.0,2,8,True,False,False,Ağ şəhər,Bakı,5157.89
6492223,740000,AZN,5,240.0,6,18,True,False,False,Nizami,Bakı,3083.33
6458591,184000,AZN,2,60.0,2,9,True,False,False,Həzi Aslanov,Bakı,3066.67
6492221,179000,AZN,3,65.0,1,5,True,False,False,20 Yanvar,Bakı,2753.85
6492220,160000,AZN,2,67.0,15,20,True,False,False,İnşaatçılar,Bakı,2388.06
6492217,290000,AZN,3,100.0,12,18,True,False,False,7-ci mikrorayon,Bakı,2900.0
6492215,698000,AZN,3,150.0,17,21,True,False,False,Elmlər Akademiyası,Bakı,4653.33
6408736,222000,AZN,3,80.0,4,5,True,False,False,Elmlər Akademiyası,Bakı,2775.0
6492214,480000,AZN,3,137.0,16,16,True,False,False,Elmlər Akademiyası,Bakı,3503.65
6492213,600000,AZN,3,153.0,8,20,True,False,False,Elmlər Akademiyası,Bakı,3921.57
6281815,65000,AZN,2,37.0,2,5,True,False,False,Masazır,Bakı,1756.76
6391933,472000,AZN,3,180.0,17,18,True,False,False,Şah İsmayıl Xətai,Bakı,2622.22
6492211,175000,AZN,3,85.0,8,9,True,False,False,Suraxanı,Bakı,2058.82
6464050,485000,AZN,3,130.0,8,16,True,False,False,28 May,Bakı,3730.77
6492210,500000,AZN,3,135.0,11,18,True,False,False,Nəsimi,Bakı,3703.7
6408965,249000,AZN,3,107.0,14,18,True,False,False,İnşaatçılar,Bakı,2327.1
6466416,238000,AZN,3,85.0,14,14,False,False,False,Yasamal,Bakı,2800.0
6411014,387000,AZN,2,85.0,9,16,True,False,False,Şah İsmayıl Xətai,Bakı,4552.94
6448987,345000,AZN,4,136.0,13,20,True,False,False,İnşaatçılar,Bakı,2536.76
6492209,148000,AZN,2,46.0,7,17,True,False,False,Həzi Aslanov,Bakı,3217.39
6294437,430000,AZN,3,160.0,5,18,True,False,False,Elmlər Akademiyası,Bakı,2687.5
6470434,268000,AZN,2,66.0,5,16,True,False,False,Gənclik,Bakı,4060.61
6434040,210000,AZN,2,55.0,4,5,True,False,False,Nizami,Bakı,3818.18
6434071,329000,AZN,3,120.0,9,15,True,False,False,İnşaatçılar,Bakı,2741.67
6269727,720000,AZN,4,165.0,13,18,False,False,False,İçəri Şəhər,Bakı,4363.64
6409115,185000,AZN,2,60.0,2,5,True,False,False,Nizami,Bakı,3083.33
6350934,175000,AZN,2,70.0,8,12,True,False,False,Qaraçuxur,Bakı,2500.0
6492206,250000,AZN,2,56.0,12,18,True,False,False,Nəsimi,Bakı,4464.29
6492205,285000,AZN,3,85.0,3,14,True,False,False,Nizami,Bakı,3352.94
6492203,205000,AZN,2,65.0,6,19,True,False,False,Xətai,Bakı,3153.85
6491510,290000,AZN,5,120.0,2,9,True,False,False,Xalqlar Dostluğu,Bakı,2416.67
6491249,240000,AZN,4,100.0,4,9,True,False,False,Əhmədli,Bakı,2400.0
6489174,240000,AZN,5,120.0,5,9,True,False,False,Xətai,Bakı,2000.0
6489215,178500,AZN,2,55.0,3,10,True,False,False,Xalqlar Dostluğu,Bakı,3245.45
6407440,219000,AZN,3,90.0,6,9,True,False,False,Əhmədli,Bakı,2433.33
6073638,195000,AZN,3,70.0,3,5,True,False,False,Qara Qarayev,Bakı,2785.71
6491474,145000,AZN,3,90.0,1,9,True,False,False,Yeni Günəşli,Bakı,1611.11
6463132,180000,AZN,3,90.0,6,9,True,False,False,Xətai,Bakı,2000.0
6492199,148000,AZN,2,52.0,7,17,True,False,False,Həzi Aslanov,Bakı,2846.15
5504121,479842,AZN,2,128.3,2,8,False,False,False,Sea Breeze,Bakı,3740.0
6492197,230000,AZN,2,60.0,11,18,True,False,False,Nəsimi,Bakı,3833.33
6473611,135500,AZN,1,57.0,2,9,False,False,False,Sea Breeze,Bakı,2377.19
6492195,267000,AZN,3,95.0,7,16,True,False,False,Neftçilər,Bakı,2810.53
6441613,227000,AZN,2,75.8,2,6,False,False,False,Sea Breeze,Bakı,2994.72
6492192,300000,AZN,3,87.0,16,17,True,False,False,Nəriman Nərimanov,Bakı,3448.28
6130535,205000,AZN,2,65.0,9,9,True,False,False,Nəsimi,Bakı,3153.85
6491731,245000,AZN,3,105.0,13,18,True,False,False,Memar Əcəmi,Bakı,2333.33
6467853,195000,AZN,1,57.0,5,7,True,False,False,Sea Breeze,Bakı,3421.05
6492190,140000,AZN,2,42.0,5,5,True,False,False,Nizami,Bakı,3333.33
6207967,555000,AZN,4,128.0,10,17,True,False,False,Nəriman Nərimanov,Bakı,4335.94
6492189,355000,AZN,3,120.0,4,14,True,False,False,Azadlıq Prospekti,Bakı,2958.33
6473951,175000,AZN,3,85.0,8,9,True,False,False,Yeni Günəşli,Bakı,2058.82
6149799,167000,AZN,3,85.0,9,9,True,False,False,Binəqədi,Bakı,1964.71
6204414,554000,AZN,4,185.0,3,16,True,False,False,Nəriman Nərimanov,Bakı,2994.59
6492182,269000,AZN,1,47.4,2,8,True,False,False,Sea Breeze,Bakı,5675.11
6401272,70000,AZN,1,18.0,1,5,True,False,False,Nəsimi,Bakı,3888.89
6492179,215000,AZN,2,68.0,11,16,True,False,False,Həzi Aslanov,Bakı,3161.76
5504251,603514,AZN,2,110.9,1,4,True,False,False,Sea Breeze,Bakı,5441.97
6374027,220000,AZN,3,87.0,17,18,True,False,False,Memar Əcəmi,Bakı,2528.74
6492176,224000,AZN,1,64.0,7,19,False,False,False,Şah İsmayıl Xətai,Bakı,3500.0
6492175,240000,AZN,4,80.0,4,9,True,False,False,Əhmədli,Bakı,3000.0
6491741,310000,AZN,4,110.0,16,18,True,False,False,Azadlıq Prospekti,Bakı,2818.18
6478359,220000,AZN,3,90.0,4,5,True,False,False,Gənclik,Bakı,2444.44
6441912,393000,AZN,2,100.0,7,15,True,False,False,Gənclik,Bakı,3930.0
6408987,233000,AZN,5,130.0,3,9,True,False,False,Yeni Yasamal,Bakı,1792.31
6411437,152000,AZN,2,55.0,8,16,True,False,False,8-ci mikrorayon,Bakı,2763.64
6492171,210000,AZN,3,98.7,3,16,False,False,False,Bakıxanov,Bakı,2127.66
6472530,220000,AZN,3,90.0,5,5,True,False,False,Nəsimi,Bakı,2444.44
6492169,870000,AZN,5,200.0,3,7,False,False,False,Ağ şəhər,Bakı,4350.0
6489489,255000,AZN,2,85.0,8,16,True,False,False,8 Noyabr,Bakı,3000.0
6430579,195000,AZN,3,90.0,3,5,True,False,False,Bakıxanov,Bakı,2166.67
6460967,293000,AZN,2,90.0,4,16,True,False,False,Şah İsmayıl Xətai,Bakı,3255.56
6491720,260000,AZN,3,80.0,2,17,True,False,False,Dərnəgül,Bakı,3250.0
6392645,217056,AZN,1,53.2,12,12,False,False,False,Nardaran,Bakı,4080.0
6492168,270000,AZN,3,85.0,4,9,True,False,False,İçəri Şəhər,Bakı,3176.47
6479924,210000,AZN,3,114.0,3,19,True,False,False,Bakıxanov,Bakı,1842.11
6487637,218000,AZN,3,90.0,5,9,True,False,False,Azadlıq Prospekti,Bakı,2422.22
6492165,126000,AZN,1,38.0,10,12,True,False,False,Yasamal,Bakı,3315.79
6492163,258000,AZN,3,106.0,14,17,True,False,False,Həzi Aslanov,Bakı,2433.96
6449814,216999,AZN,2,55.0,5,9,True,False,False,Gənclik,Bakı,3945.44
6144744,269000,AZN,2,91.0,16,17,False,False,False,Nəsimi,Bakı,2956.04
6491808,205000,AZN,2,60.0,14,17,True,False,False,Dərnəgül,Bakı,3416.67
6492162,165000,AZN,2,60.0,18,19,True,False,False,Həzi Aslanov,Bakı,2750.0
6462448,170000,AZN,3,60.0,7,16,True,False,False,Qara Qarayev,Bakı,2833.33
6492161,115000,AZN,1,40.0,1,5,True,False,False,Memar Əcəmi,Bakı,2875.0
6492159,165000,AZN,3,82.0,2,9,True,False,False,Suraxanı,Bakı,2012.2
6492154,169900,AZN,3,80.0,8,9,True,False,False,Həzi Aslanov,Bakı,2123.75
6492157,160000,AZN,2,56.0,19,20,True,False,False,Xətai,Bakı,2857.14
6466933,175000,AZN,2,51.0,15,19,True,False,False,Xətai,Bakı,3431.37
6463410,310000,AZN,3,105.0,8,16,True,False,False,Qara Qarayev,Bakı,2952.38
6482002,135000,AZN,2,59.0,5,5,True,False,False,Memar Əcəmi,Bakı,2288.14
6492155,120000,AZN,1,50.0,1,6,True,False,False,Neftçilər,Bakı,2400.0
6492153,169000,AZN,3,87.2,9,9,True,False,False,Lökbatan,Bakı,1938.07
6492150,448000,AZN,3,135.0,12,15,True,False,False,Gənclik,Bakı,3318.52
6480483,470000,AZN,4,190.0,9,16,True,False,False,Elmlər Akademiyası,Bakı,2473.68
6492151,289000,AZN,3,90.0,11,15,True,False,False,Həzi Aslanov,Bakı,3211.11
5910831,136000,AZN,2,50.0,5,5,True,False,False,Xalqlar Dostluğu,Bakı,2720.0
6492146,440000,AZN,3,148.0,14,27,True,False,False,8 Noyabr,Bakı,2972.97
6210873,284999,AZN,3,80.0,3,14,True,False,False,Nizami,Bakı,3562.49
6492147,250000,AZN,2,60.0,12,16,True,False,False,28 May,Bakı,4166.67
6492144,345000,AZN,4,100.0,13,18,True,False,False,Nəriman Nərimanov,Bakı,3450.0
6492142,758500,AZN,4,185.0,12,20,False,False,False,Ağ şəhər,Bakı,4100.0
6492141,237000,AZN,3,90.0,7,9,True,False,False,Nəsimi,Bakı,2633.33
6478912,205000,AZN,2,65.0,6,19,True,False,False,Həzi Aslanov,Bakı,3153.85
6369379,138000,AZN,3,74.0,2,9,True,False,False,Hövsan,Bakı,1864.86
6492137,210000,AZN,4,90.0,5,5,True,False,False,28 May,Bakı,2333.33
6492138,300000,AZN,3,110.0,3,17,True,False,False,Elmlər Akademiyası,Bakı,2727.27
5793629,233000,AZN,2,68.0,12,17,True,False,False,Nəsimi,Bakı,3426.47
6492135,339000,AZN,3,81.0,4,17,True,False,False,Şah İsmayıl Xətai,Bakı,4185.19
6492134,167000,AZN,2,58.0,2,5,True,False,False,20 Yanvar,Bakı,2879.31
6488682,488000,AZN,5,172.0,12,16,False,False,False,Nəriman Nərimanov,Bakı,2837.21
6177802,368000,AZN,3,115.0,14,17,True,False,False,Şah İsmayıl Xətai,Bakı,3200.0
6232523,992000,AZN,4,220.0,16,18,False,False,False,Nəsimi,Bakı,4509.09
6232509,873000,AZN,4,194.0,13,17,False,False,False,Nəsimi,Bakı,4500.0
6421394,234500,AZN,5,120.0,3,9,True,False,False,İnşaatçılar,Bakı,1954.17
6430288,430000,AZN,3,150.0,7,17,True,False,False,İnşaatçılar,Bakı,2866.67
6341285,200000,AZN,1,30.0,1,3,True,False,False,Sahil,Bakı,6666.67
6492126,1200000,AZN,4,238.0,11,15,True,False,False,Nizami,Bakı,5042.02
6360082,229000,AZN,3,75.0,4,5,True,False,False,Nəriman Nərimanov,Bakı,3053.33
6031742,239000,AZN,2,92.0,2,17,True,False,False,Qara Qarayev,Bakı,2597.83
6326157,320000,AZN,3,110.0,10,11,True,False,False,Qara Qarayev,Bakı,2909.09
6455982,235000,AZN,4,100.0,6,9,True,False,False,Elmlər Akademiyası,Bakı,2350.0
6492123,165000,AZN,1,79.0,4,17,True,False,False,Əhmədli,Bakı,2088.61
6460738,218000,AZN,2,70.0,2,14,True,False,False,Qara Qarayev,Bakı,3114.29
6156232,179000,AZN,2,65.0,8,9,True,False,False,Əhmədli,Bakı,2753.85
6492120,182000,AZN,2,60.0,6,12,True,False,False,İnşaatçılar,Bakı,3033.33
6492121,175000,AZN,1,42.0,3,5,True,False,False,Elmlər Akademiyası,Bakı,4166.67
6085465,240000,AZN,2,89.0,3,13,True,False,False,Xalqlar Dostluğu,Bakı,2696.63
6492119,385000,AZN,3,100.0,15,20,True,False,False,Nəsimi,Bakı,3850.0
6019485,265000,AZN,3,106.0,8,17,True,False,False,Həzi Aslanov,Bakı,2500.0
6492116,383000,AZN,3,120.0,10,17,True,False,False,Gənclik,Bakı,3191.67
6492087,129000,AZN,2,40.0,3,5,True,False,False,20 Yanvar,Bakı,3225.0
6492112,95000,AZN,2,48.0,3,4,True,False,False,Lökbatan,Bakı,1979.17
6492115,355000,AZN,3,105.0,2,19,True,False,False,Gənclik,Bakı,3380.95
6408927,140000,AZN,2,60.0,9,9,True,False,False,Bakıxanov,Bakı,2333.33
6370205,138000,AZN,2,40.0,4,9,True,False,False,Həzi Aslanov,Bakı,3450.0
6492114,310000,AZN,3,86.0,7,18,True,False,False,Nəriman Nərimanov,Bakı,3604.65
6462157,145000,AZN,3,75.0,11,12,True,False,False,Hövsan,Bakı,1933.33
6492113,140000,AZN,1,35.0,2,5,True,False,False,Gənclik,Bakı,4000.0
6427994,155900,AZN,2,60.0,6,9,True,False,False,Həzi Aslanov,Bakı,2598.33
6492111,170000,AZN,2,55.0,5,5,True,False,False,Nəriman Nərimanov,Bakı,3090.91
6321787,895000,AZN,4,166.0,11,17,True,False,False,Elmlər Akademiyası,Bakı,5391.57
6349674,814000,AZN,4,136.0,6,7,False,False,False,Ağ şəhər,Bakı,5985.29
6476571,68000,AZN,2,37.0,1,5,True,False,False,Masazır,Bakı,1837.84
6478598,160000,AZN,2,60.0,2,16,True,False,False,Həzi Aslanov,Bakı,2666.67
6160056,629000,AZN,5,235.0,14,17,False,False,False,Nəsimi,Bakı,2676.6
6455055,210000,AZN,2,70.0,6,9,True,False,False,Nərimanov,Bakı,3000.0
6444807,214500,AZN,2,65.0,9,10,True,False,False,Gənclik,Bakı,3300.0
6406914,315000,AZN,3,94.0,9,18,True,False,False,Nəriman Nərimanov,Bakı,3351.06
6492105,370000,AZN,3,104.0,10,15,False,False,False,Nəriman Nərimanov,Bakı,3557.69
6166288,510000,AZN,4,170.0,13,15,True,False,False,Gənclik,Bakı,3000.0
6024932,450000,AZN,4,240.0,12,16,True,False,False,Nəsimi,Bakı,1875.0
6492106,199000,AZN,3,65.0,2,5,True,False,False,Bakıxanov,Bakı,3061.54
6422973,285000,AZN,3,100.0,9,18,True,False,False,28 May,Bakı,2850.0
6492103,136000,AZN,2,45.0,6,10,True,False,False,Xalqlar Dostluğu,Bakı,3022.22
6411283,210000,AZN,3,114.0,7,10,False,False,False,Binəqədi,Bakı,1842.11
6489190,265000,AZN,3,85.0,4,9,True,False,False,Elmlər Akademiyası,Bakı,3117.65
6492101,265000,AZN,2,100.0,15,17,True,False,False,İnşaatçılar,Bakı,2650.0
6444727,225000,AZN,3,85.0,8,9,True,False,False,Qara Qarayev,Bakı,2647.06
6386960,259000,AZN,3,90.0,6,9,True,False,False,28 May,Bakı,2877.78
6492097,175000,AZN,2,58.0,2,5,True,False,False,İnşaatçılar,Bakı,3017.24
6459790,148000,AZN,2,60.0,1,5,True,False,False,Neftçilər,Bakı,2466.67
6492096,192000,AZN,4,105.0,9,9,True,False,False,Azadlıq Prospekti,Bakı,1828.57
6025495,430000,AZN,3,140.0,13,17,True,False,False,28 May,Bakı,3071.43
6492090,450000,AZN,2,120.0,9,16,True,False,False,28 May,Bakı,3750.0
6492089,265000,AZN,3,85.0,6,9,True,False,False,Azadlıq Prospekti,Bakı,3117.65
6481048,399000,AZN,2,115.0,5,21,True,False,False,Şah İsmayıl Xətai,Bakı,3469.57
6469681,388000,AZN,4,120.0,10,17,True,False,False,Nəriman Nərimanov,Bakı,3233.33
6492086,735000,AZN,4,202.0,10,20,True,False,False,Elmlər Akademiyası,Bakı,3638.61
6491990,195000,AZN,3,120.0,3,16,False,False,False,8-ci kilometr,Bakı,1625.0
6478388,250000,AZN,4,110.0,16,17,True,False,False,Həzi Aslanov,Bakı,2272.73
6308635,365000,AZN,3,140.0,14,15,True,False,False,Xalqlar Dostluğu,Bakı,2607.14
6488090,265000,AZN,2,51.0,8,16,True,False,False,Nəsimi,Bakı,5196.08
6487803,240000,AZN,4,85.0,4,9,True,False,False,Əhmədli,Bakı,2823.53
6492081,198900,AZN,2,70.0,9,18,True,False,False,Həzi Aslanov,Bakı,2841.43
6479720,320000,AZN,3,115.0,8,17,True,False,False,Həzi Aslanov,Bakı,2782.61
6482812,184000,AZN,2,86.0,3,17,True,False,False,Köhnə Günəşli,Bakı,2139.53
6492079,355000,AZN,4,160.0,8,16,False,False,False,Nəriman Nərimanov,Bakı,2218.75
6440463,225000,AZN,3,90.0,8,9,True,False,False,Qara Qarayev,Bakı,2500.0
6406310,147000,AZN,3,60.0,1,9,True,False,False,Əhmədli,Bakı,2450.0
6080627,378000,AZN,3,115.0,6,18,True,False,False,Şah İsmayıl Xətai,Bakı,3286.96
6421066,178000,AZN,2,70.0,4,9,True,False,False,Həzi Aslanov,Bakı,2542.86
6356818,269000,AZN,4,160.0,12,14,True,False,False,8-ci kilometr,Bakı,1681.25
6482379,162000,AZN,2,60.0,3,5,True,False,False,Əhmədli,Bakı,2700.0
6480856,183000,AZN,2,62.0,3,15,True,False,False,Əhmədli,Bakı,2951.61
6287651,170000,AZN,2,68.0,10,17,True,False,False,Əhmədli,Bakı,2500.0
6300302,420000,AZN,3,125.0,5,16,True,False,False,Nərimanov,Bakı,3360.0
6492073,117000,AZN,1,36.0,3,5,True,False,False,Xətai,Bakı,3250.0
6492070,133000,AZN,2,54.0,8,17,True,False,False,Memar Əcəmi,Bakı,2462.96
6492068,154000,AZN,3,70.0,8,9,True,False,False,Hövsan,Bakı,2200.0
6422139,230000,AZN,3,82.0,2,9,True,False,False,Azadlıq Prospekti,Bakı,2804.88
6394379,175000,AZN,3,85.0,9,9,True,False,False,Neftçilər,Bakı,2058.82
6109527,188000,AZN,3,75.0,4,5,True,False,False,Memar Əcəmi,Bakı,2506.67
6464588,187000,AZN,2,65.0,4,20,True,False,False,20 Yanvar,Bakı,2876.92
6034825,127000,AZN,1,36.0,3,5,True,False,False,Həzi Aslanov,Bakı,3527.78
6492064,370000,AZN,2,82.8,1,6,True,False,False,Sea Breeze,Bakı,4468.6
6492063,177000,AZN,2,55.0,7,16,True,False,False,Nərimanov,Bakı,3218.18
6484739,240000,AZN,2,60.0,10,16,True,False,False,28 May,Bakı,4000.0
6440816,165000,AZN,2,70.0,7,16,False,False,False,Yasamal,Bakı,2357.14
6492061,151900,AZN,2,56.0,7,9,True,False,False,Həzi Aslanov,Bakı,2712.5
6426886,155000,AZN,2,60.0,4,5,True,False,False,Neftçilər,Bakı,2583.33
6474938,245000,AZN,2,65.0,11,16,True,False,False,Nizami,Bakı,3769.23
6243670,117000,AZN,2,40.0,1,5,True,False,False,Neftçilər,Bakı,2925.0
6467971,165000,AZN,2,65.0,6,6,True,False,False,Nizami,Bakı,2538.46
6390126,270000,AZN,2,90.0,9,19,True,False,False,Nəriman Nərimanov,Bakı,3000.0
6492059,225000,AZN,3,85.0,7,9,True,False,False,Xalqlar Dostluğu,Bakı,2647.06
5968913,170000,AZN,2,63.0,1,2,True,False,False,İçəri Şəhər,Bakı,2698.41
6471614,210000,AZN,2,68.0,14,15,True,False,False,Həzi Aslanov,Bakı,3088.24
6447316,210000,AZN,2,70.0,6,12,True,False,False,Yasamal,Bakı,3000.0
6423178,159000,AZN,2,70.0,9,19,True,False,False,İnşaatçılar,Bakı,2271.43
6355030,368000,AZN,3,120.0,15,17,True,False,False,Binəqədi,Bakı,3066.67
6317497,78000,AZN,2,54.0,9,11,True,False,False,Masazır,Bakı,1444.44
6332928,860000,AZN,3,165.0,14,18,True,False,False,28 May,Bakı,5212.12
6114177,399000,AZN,3,161.0,11,17,True,False,False,Həzi Aslanov,Bakı,2478.26
6416612,435000,AZN,3,106.0,16,18,True,False,False,Nəriman Nərimanov,Bakı,4103.77
6432577,600000,AZN,4,149.0,6,17,True,False,False,28 May,Bakı,4026.85
6357566,370000,AZN,3,135.0,12,18,True,False,False,Nəriman Nərimanov,Bakı,2740.74
6492053,260000,AZN,2,90.0,3,15,True,False,False,8 Noyabr,Bakı,2888.89
6424337,235000,AZN,3,94.0,3,18,True,False,False,Nəsimi,Bakı,2500.0
6424287,275000,AZN,4,126.0,4,9,True,False,False,Nəsimi,Bakı,2182.54
6438378,178000,AZN,2,63.0,12,16,False,False,False,Nərimanov,Bakı,2825.4
6491879,195000,AZN,2,60.0,14,19,True,False,False,Memar Əcəmi,Bakı,3250.0
6492051,218000,AZN,3,90.0,5,9,True,False,False,Azadlıq Prospekti,Bakı,2422.22
6492050,188000,AZN,2,62.0,5,16,True,False,False,Memar Əcəmi,Bakı,3032.26
6492047,75000,AZN,2,50.0,3,5,True,False,False,Masazır,Bakı,1500.0
6408903,230000,AZN,3,98.0,14,17,True,False,False,Memar Əcəmi,Bakı,2346.94
6234107,335000,AZN,1,60.0,6,6,False,False,False,Ağ şəhər,Bakı,5583.33
6478412,160000,AZN,2,61.0,18,22,True,False,False,Yeni Yasamal,Bakı,2622.95
6476445,153000,AZN,2,60.0,5,9,True,False,False,Neftçilər,Bakı,2550.0
6486216,418000,AZN,3,140.0,9,17,True,False,False,Şah İsmayıl Xətai,Bakı,2985.71
6492043,213000,AZN,3,104.0,6,21,True,False,False,İnşaatçılar,Bakı,2048.08
6182390,185000,AZN,2,70.0,2,14,True,False,False,Qara Qarayev,Bakı,2642.86
6421231,243000,AZN,3,83.0,8,16,True,False,False,Qara Qarayev,Bakı,2927.71
6492041,266000,AZN,2,108.0,8,14,False,False,False,Qara Qarayev,Bakı,2462.96
6453376,240000,AZN,2,65.0,2,6,True,False,False,Nizami,Bakı,3692.31
6492040,310000,AZN,3,96.0,15,20,True,False,False,Nəsimi,Bakı,3229.17
6492039,219000,AZN,2,80.0,17,24,False,False,False,Şah İsmayıl Xətai,Bakı,2737.5
6454261,355000,AZN,4,160.0,17,18,False,False,False,Gənclik,Bakı,2218.75
6492038,119800,AZN,2,45.0,2,5,True,False,False,Memar Əcəmi,Bakı,2662.22
6347720,375000,AZN,3,135.0,10,17,True,False,False,8 Noyabr,Bakı,2777.78
6492037,283000,AZN,3,136.0,3,17,True,False,False,Xalqlar Dostluğu,Bakı,2080.88
6213208,363000,AZN,2,99.3,5,7,True,False,False,Nardaran,Bakı,3655.59
6492034,289000,AZN,2,78.0,17,20,True,False,False,Nərimanov,Bakı,3705.13
6216262,189000,AZN,3,75.0,3,16,True,False,False,Nəsimi,Bakı,2520.0
6202984,219000,AZN,1,60.0,2,7,True,False,False,Nardaran,Bakı,3650.0
6491963,225000,AZN,3,85.0,3,9,True,False,False,8-ci mikrorayon,Bakı,2647.06
6492005,233000,AZN,3,85.0,8,9,True,False,False,Azadlıq Prospekti,Bakı,2741.18
6449630,189000,AZN,3,86.0,6,9,True,False,False,Xətai,Bakı,2197.67
6492028,299000,AZN,3,72.0,18,18,True,False,False,Bakmil,Bakı,4152.78
6492027,178000,AZN,2,55.0,2,5,True,False,False,Nərimanov,Bakı,3236.36
6491962,140000,AZN,2,60.0,1,5,True,False,False,20 Yanvar,Bakı,2333.33
5704624,550000,AZN,3,140.0,9,16,True,False,False,Nəriman Nərimanov,Bakı,3928.57
5537455,560000,AZN,3,137.0,12,17,True,False,False,Gənclik,Bakı,4087.59
6406622,219000,AZN,3,97.0,10,17,True,False,False,Həzi Aslanov,Bakı,2257.73
5976420,253000,AZN,2,70.0,8,18,True,False,False,8 Noyabr,Bakı,3614.29
6492019,425000,AZN,2,90.0,2,8,False,False,False,Ağ şəhər,Bakı,4722.22
6492021,163000,AZN,2,70.0,1,5,True,False,False,Elmlər Akademiyası,Bakı,2328.57
6476717,570000,AZN,3,140.0,10,17,True,False,False,28 May,Bakı,4071.43
5474820,395000,AZN,3,100.0,3,7,True,False,False,Sea Breeze,Bakı,3950.0
6492017,179000,AZN,2,65.0,3,9,True,False,False,Xalqlar Dostluğu,Bakı,2753.85
6313226,495000,AZN,3,175.0,9,10,True,False,False,Nizami,Bakı,2828.57
6323797,480000,AZN,3,150.0,11,18,True,False,False,8-ci mikrorayon,Bakı,3200.0
6492013,185000,AZN,2,35.0,2,5,True,False,False,28 May,Bakı,5285.71
6492012,304000,AZN,3,113.0,1,9,False,False,False,Sea Breeze,Bakı,2690.27
6318337,215000,AZN,2,64.0,5,15,True,False,False,Qara Qarayev,Bakı,3359.38
6492008,289000,AZN,3,90.0,11,15,True,False,False,Həzi Aslanov,Bakı,3211.11
6492004,326000,AZN,2,73.7,1,6,True,False,False,Sea Breeze,Bakı,4423.34
6239724,212000,AZN,3,95.0,8,18,True,False,False,Əhmədli,Bakı,2231.58
6467102,165000,AZN,2,66.0,4,9,True,False,False,Əhmədli,Bakı,2500.0
6492003,270000,AZN,2,82.0,9,20,True,False,False,Nəriman Nərimanov,Bakı,3292.68
6411261,160000,AZN,2,50.0,14,15,False,False,False,Qara Qarayev,Bakı,3200.0
6478289,165000,AZN,2,65.0,8,14,True,False,False,Neftçilər,Bakı,2538.46
6492001,282000,AZN,2,102.0,8,14,False,False,False,Şah İsmayıl Xətai,Bakı,2764.71
6324977,510000,AZN,3,100.0,12,14,True,False,False,Elmlər Akademiyası,Bakı,5100.0
6035105,151000,AZN,1,46.0,5,16,True,False,False,Qara Qarayev,Bakı,3282.61
6491998,175000,AZN,2,55.0,4,4,True,False,False,Gənclik,Bakı,3181.82
6491460,121500,AZN,2,45.0,3,5,True,False,False,Memar Əcəmi,Bakı,2700.0
6443985,265000,AZN,3,108.0,10,15,False,False,False,Qara Qarayev,Bakı,2453.7
6368055,178000,AZN,2,68.0,7,16,True,False,False,Həzi Aslanov,Bakı,2617.65
6440952,237000,AZN,2,63.0,5,17,True,False,False,Koroğlu,Bakı,3761.9
6443472,249000,AZN,3,115.0,8,16,True,False,False,Xalqlar Dostluğu,Bakı,2165.22
6449629,189000,AZN,3,86.0,6,9,True,False,False,Əhmədli,Bakı,2197.67
6471828,215000,AZN,3,87.0,8,9,True,False,False,Bakıxanov,Bakı,2471.26
6460430,165000,AZN,2,54.0,3,20,True,False,False,Həzi Aslanov,Bakı,3055.56
6406897,215000,AZN,3,95.0,5,17,True,False,False,Həzi Aslanov,Bakı,2263.16
6407201,264500,AZN,3,125.0,12,13,True,False,False,Yeni Yasamal,Bakı,2116.0
6491986,240000,AZN,2,80.0,5,17,True,False,False,Xalqlar Dostluğu,Bakı,3000.0
6404014,158000,AZN,2,65.0,5,9,True,False,False,Yeni Yasamal,Bakı,2430.77
6491984,165000,AZN,2,48.0,4,5,True,False,False,Nizami,Bakı,3437.5
6491983,235000,AZN,3,65.6,6,17,True,False,False,Koroğlu,Bakı,3582.32
6491982,239000,AZN,2,94.0,10,16,True,False,False,20 Yanvar,Bakı,2542.55
6491980,650000,AZN,4,221.0,4,20,True,False,False,Nizami,Bakı,2941.18
6355661,253000,AZN,2,70.0,9,18,True,False,False,Nəsimi,Bakı,3614.29
6491976,145500,AZN,2,62.0,5,9,True,False,False,Həzi Aslanov,Bakı,2346.77
6491969,157000,AZN,2,55.0,4,5,True,False,False,20 Yanvar,Bakı,2854.55
6491975,267000,AZN,3,95.0,7,16,True,False,False,Neftçilər,Bakı,2810.53
6334570,186000,AZN,2,80.0,3,17,True,False,False,Əhmədli,Bakı,2325.0
6491972,335000,AZN,2,70.0,14,20,True,False,False,Şah İsmayıl Xətai,Bakı,4785.71
6179322,180000,AZN,2,58.0,15,17,True,False,False,Qara Qarayev,Bakı,3103.45
6338530,165000,AZN,2,59.0,2,16,True,False,False,Qara Qarayev,Bakı,2796.61
6491966,285000,AZN,3,136.0,16,18,True,False,False,Yeni Yasamal,Bakı,2095.59
6318903,372000,AZN,3,140.0,13,15,True,False,False,Əhmədli,Bakı,2657.14
6403063,215000,AZN,3,100.0,7,17,True,False,False,İnşaatçılar,Bakı,2150.0
6385730,145500,AZN,2,60.0,5,9,True,False,False,Həzi Aslanov,Bakı,2425.0
6491948,255000,AZN,3,94.5,9,14,False,False,False,20 Yanvar,Bakı,2698.41
6491965,195000,AZN,2,65.0,13,16,True,False,False,Neftçilər,Bakı,3000.0
6405745,334000,AZN,4,160.0,4,16,False,False,False,Yasamal,Bakı,2087.5
6491961,250000,AZN,3,77.0,6,20,True,False,False,20 Yanvar,Bakı,3246.75
6243919,169000,AZN,2,55.0,7,9,True,False,False,Xalqlar Dostluğu,Bakı,3072.73
6061042,219000,AZN,2,70.0,15,18,True,False,False,Azadlıq Prospekti,Bakı,3128.57
6491956,135000,AZN,3,54.0,10,12,True,False,False,Suraxanı,Bakı,2500.0
6491954,220000,AZN,3,90.0,10,16,True,False,False,Həzi Aslanov,Bakı,2444.44
6405654,420000,AZN,4,170.7,11,16,True,False,False,20 Yanvar,Bakı,2460.46
6491953,285000,AZN,2,65.0,19,27,True,False,False,8 Noyabr,Bakı,4384.62
6204448,235000,AZN,3,75.0,4,5,True,False,False,Elmlər Akademiyası,Bakı,3133.33
6491949,205000,AZN,2,65.0,5,6,True,False,False,9-cu mikrorayon,Bakı,3153.85
6491943,270000,AZN,2,68.0,9,13,True,False,False,28 May,Bakı,3970.59
6359774,194000,AZN,2,90.0,10,17,False,False,False,Binəqədi,Bakı,2155.56
6491944,148000,AZN,3,48.0,3,5,True,False,False,Həzi Aslanov,Bakı,3083.33
6491947,299500,AZN,2,100.0,16,17,True,False,False,Badamdar,Bakı,2995.0
6398314,516000,AZN,3,129.0,8,9,False,False,False,Nizami,Bakı,4000.0
6491945,395000,AZN,3,90.0,7,16,True,False,False,Gənclik,Bakı,4388.89
6408289,825000,AZN,4,195.0,8,17,True,False,False,28 May,Bakı,4230.77
6291829,241000,AZN,2,75.0,11,12,False,False,False,Nizami,Bakı,3213.33
6491940,340000,AZN,2,97.0,4,6,True,False,False,Sea Breeze,Bakı,3505.15
6491939,335000,AZN,3,145.0,9,17,True,False,False,Əhmədli,Bakı,2310.34
6403182,180000,AZN,2,44.0,5,6,True,False,False,Nizami,Bakı,4090.91
6238288,319000,AZN,3,140.0,12,17,True,False,False,Memar Əcəmi,Bakı,2278.57
6491935,355000,AZN,3,114.0,2,20,True,False,False,Bakmil,Bakı,3114.04
6481439,320000,AZN,3,107.0,10,11,True,False,False,Qara Qarayev,Bakı,2990.65
6491936,130000,AZN,2,40.0,4,5,True,False,False,Bakıxanov,Bakı,3250.0
6491322,190000,AZN,3,60.2,2,5,True,False,False,Elmlər Akademiyası,Bakı,3156.15
6404547,265000,AZN,3,100.0,9,14,False,False,False,20 Yanvar,Bakı,2650.0
6115843,219000,AZN,2,82.2,2,16,True,False,False,Qara Qarayev,Bakı,2664.23
6491930,318200,AZN,2,86.0,5,15,False,False,False,Nəriman Nərimanov,Bakı,3700.0
6083417,242000,AZN,3,85.0,11,15,True,False,False,Həzi Aslanov,Bakı,2847.06
6491926,142000,AZN,2,56.0,2,4,True,False,False,Həzi Aslanov,Bakı,2535.71
6491929,400000,AZN,3,135.0,11,16,False,False,False,Şah İsmayıl Xətai,Bakı,2962.96
6487942,244000,AZN,3,116.0,5,14,False,False,False,Bakıxanov,Bakı,2103.45
5485117,83000,AZN,3,82.0,13,13,False,False,False,Xətai,Bakı,1012.2
6491927,450000,AZN,3,166.0,14,16,False,False,False,Nərimanov,Bakı,2710.84
6491924,330000,AZN,3,117.0,2,14,True,False,False,Qara Qarayev,Bakı,2820.51
6491922,234000,AZN,1,55.0,4,16,False,False,False,Nizami,Bakı,4254.55
6396726,405000,AZN,4,186.0,15,16,True,False,False,8 Noyabr,Bakı,2177.42
6395301,221000,AZN,3,62.0,5,5,True,False,False,Elmlər Akademiyası,Bakı,3564.52
6398422,108000,AZN,2,52.0,8,12,True,False,False,Abşeron,Xırdalan,2076.92
6385750,320000,AZN,2,83.0,8,15,True,False,False,28 May,Bakı,3855.42
6161592,238000,AZN,3,105.0,15,17,True,False,False,Neftçilər,Bakı,2266.67
6491912,355000,AZN,3,101.0,12,14,True,False,False,İnşaatçılar,Bakı,3514.85
6491908,205000,AZN,2,64.0,8,19,True,False,False,Əhmədli,Bakı,3203.12
6405164,268000,AZN,3,112.0,15,17,True,False,False,Neftçilər,Bakı,2392.86
6241537,259000,AZN,2,106.0,7,18,True,False,False,8 Noyabr,Bakı,2443.4
6491904,285000,AZN,3,110.0,7,17,True,False,False,Həzi Aslanov,Bakı,2590.91
6462673,578000,AZN,3,130.0,6,6,True,False,False,Şah İsmayıl Xətai,Bakı,4446.15
6460116,420000,AZN,3,100.0,4,5,True,False,False,Sahil,Bakı,4200.0
6491898,280000,AZN,2,70.0,10,16,True,False,False,Nərimanov,Bakı,4000.0
6368101,385000,AZN,3,130.0,2,17,True,False,False,Nizami,Bakı,2961.54
6491900,362738,AZN,4,109.0,2,16,True,False,False,Yasamal,Bakı,3327.87
6252715,650000,AZN,3,134.0,14,16,True,False,False,Sahil,Bakı,4850.75
6424789,553000,AZN,4,162.5,14,16,False,False,False,Nizami,Bakı,3403.08
6491899,290000,AZN,3,98.0,6,16,True,False,False,Həzi Aslanov,Bakı,2959.18
6484141,490000,AZN,4,207.0,10,16,False,False,False,Nərimanov,Bakı,2367.15
6491894,95000,AZN,2,54.0,12,16,False,False,False,M.Ə.Rəsulzadə,Bakı,1759.26
6218702,220000,AZN,1,48.8,1,7,True,False,False,Sea Breeze,Bakı,4508.2
6472454,385000,AZN,4,120.0,10,17,True,False,False,Nəriman Nərimanov,Bakı,3208.33
6491896,220000,AZN,3,75.0,2,3,True,False,False,Azadlıq Prospekti,Bakı,2933.33
6491890,251500,AZN,2,79.0,3,16,True,False,False,Elmlər Akademiyası,Bakı,3183.54
6349711,900000,AZN,4,256.0,7,18,False,False,False,Elmlər Akademiyası,Bakı,3515.62
6464639,158000,AZN,2,62.0,5,9,True,False,False,İnşaatçılar,Bakı,2548.39
6491891,205000,AZN,2,55.0,14,20,True,False,False,20 Yanvar,Bakı,3727.27
6484259,338000,AZN,3,145.0,7,12,False,False,False,İnşaatçılar,Bakı,2331.03
6491889,299000,AZN,3,96.0,15,17,False,False,False,20 Yanvar,Bakı,3114.58
6491886,145000,AZN,2,60.0,5,5,True,False,False,20 Yanvar,Bakı,2416.67
6491882,148000,AZN,3,50.0,3,5,True,False,False,Xətai,Bakı,2960.0
6281163,700000,AZN,3,157.0,4,8,True,False,False,Ağ şəhər,Bakı,4458.6
6259082,550000,AZN,5,285.0,12,21,True,False,False,8 Noyabr,Bakı,1929.82
6472452,285000,AZN,3,105.0,16,18,True,False,False,Nəriman Nərimanov,Bakı,2714.29
6491876,399000,AZN,3,158.0,14,16,True,False,False,İnşaatçılar,Bakı,2525.32
6491872,226000,AZN,3,80.0,3,9,True,False,False,Həzi Aslanov,Bakı,2825.0
5898903,554700,AZN,3,130.0,2,7,True,False,False,Ağ şəhər,Bakı,4266.92
6102368,240000,AZN,3,82.0,11,16,True,False,False,Həzi Aslanov,Bakı,2926.83
6130029,315000,AZN,1,75.0,4,6,True,False,False,Sea Breeze,Bakı,4200.0
6455774,335000,AZN,1,59.0,1,6,False,False,False,Ağ şəhər,Bakı,5677.97
6199882,880000,AZN,4,190.0,6,7,True,False,False,Ağ şəhər,Bakı,4631.58
6202309,270000,AZN,2,105.0,7,18,True,False,False,Azadlıq Prospekti,Bakı,2571.43
6491865,160000,AZN,2,55.0,8,9,True,False,False,Həzi Aslanov,Bakı,2909.09
6491858,220000,AZN,3,90.0,10,16,True,False,False,Həzi Aslanov,Bakı,2444.44
5395944,450000,AZN,3,150.0,10,18,True,False,False,Nəsimi,Bakı,3000.0
6491862,590000,AZN,4,210.0,3,4,True,False,False,Bayıl,Bakı,2809.52
6491861,400000,AZN,3,156.0,3,16,True,False,False,8 Noyabr,Bakı,2564.1
6491590,239000,AZN,2,74.0,8,22,True,False,False,Yasamal,Bakı,3229.73
6459957,870000,AZN,4,213.0,6,7,False,False,False,Ağ şəhər,Bakı,4084.51
6078988,615000,AZN,5,211.0,5,19,True,False,False,Şah İsmayıl Xətai,Bakı,2914.69
5190096,345000,AZN,4,156.0,3,20,True,False,False,Həzi Aslanov,Bakı,2211.54
6424853,979900,AZN,4,260.0,17,19,True,False,False,28 May,Bakı,3768.85
6453052,260000,AZN,2,95.0,13,16,True,False,False,Qara Qarayev,Bakı,2736.84
6465054,294999,AZN,3,115.0,12,19,True,False,False,Yeni Yasamal,Bakı,2565.21
6325209,259800,AZN,3,115.0,18,21,True,False,False,İnşaatçılar,Bakı,2259.13
6418093,205000,AZN,3,90.0,10,19,True,False,False,İnşaatçılar,Bakı,2277.78
6491854,188000,AZN,2,68.0,3,7,True,False,False,Həzi Aslanov,Bakı,2764.71
6491851,460000,AZN,3,139.0,15,17,True,False,False,Gənclik,Bakı,3309.35
6437621,154000,AZN,2,55.0,3,5,True,False,False,Memar Əcəmi,Bakı,2800.0
6408743,315000,AZN,3,100.0,8,9,True,False,False,İçəri Şəhər,Bakı,3150.0
6491845,232000,AZN,2,74.0,12,18,True,False,False,20 Yanvar,Bakı,3135.14
6443453,156000,AZN,2,62.0,5,5,True,False,False,İnşaatçılar,Bakı,2516.13
6491846,395000,AZN,3,105.0,18,19,True,False,False,Nəriman Nərimanov,Bakı,3761.9
6460005,410000,AZN,3,158.0,16,21,False,False,False,Nəsimi,Bakı,2594.94
6405942,493000,AZN,3,145.0,16,18,False,False,False,28 May,Bakı,3400.0
6164366,330000,AZN,2,65.0,8,17,True,False,False,Nəsimi,Bakı,5076.92
6413379,369000,AZN,4,155.0,8,16,True,False,False,Nəriman Nərimanov,Bakı,2380.65
6491841,165000,AZN,2,56.0,3,14,True,False,False,Memar Əcəmi,Bakı,2946.43
6190759,170000,AZN,2,60.0,3,3,True,False,False,28 May,Bakı,2833.33
6491834,89000,AZN,2,38.0,3,5,True,False,False,Əhmədli,Bakı,2342.11
6455907,320000,AZN,3,148.0,3,17,False,False,False,Azadlıq Prospekti,Bakı,2162.16
6491833,490000,AZN,6,300.0,20,21,True,False,False,8 Noyabr,Bakı,1633.33
6088586,270000,AZN,3,68.0,9,13,True,False,False,28 May,Bakı,3970.59
6484536,316000,AZN,2,77.0,6,16,True,False,False,28 May,Bakı,4103.9
6491824,227500,AZN,3,130.0,10,11,False,False,False,Sabunçu,Bakı,1750.0
6491826,400000,AZN,3,162.0,9,16,True,False,False,Əhmədli,Bakı,2469.14
6429453,138000,AZN,3,57.0,9,18,True,False,False,Memar Əcəmi,Bakı,2421.05
6464607,250000,AZN,3,105.0,12,14,True,False,False,Xalqlar Dostluğu,Bakı,2380.95
6410143,538000,AZN,4,180.0,4,17,False,False,False,Nəriman Nərimanov,Bakı,2988.89
6312693,127500,AZN,3,70.0,1,7,True,False,False,Hövsan,Bakı,1821.43
6352714,158000,AZN,4,100.0,2,9,True,False,False,Hövsan,Bakı,1580.0
6449302,850000,AZN,7,260.0,10,11,True,False,False,Gənclik,Bakı,3269.23
6491819,164000,AZN,2,67.0,14,16,True,False,False,Xətai,Bakı,2447.76
6491822,145000,AZN,3,73.0,7,9,False,False,False,Binəqədi,Bakı,1986.3
6465980,245000,AZN,3,85.0,3,9,True,False,False,Qara Qarayev,Bakı,2882.35
6429936,189000,AZN,3,75.0,4,17,True,False,False,Nəsimi,Bakı,2520.0
6491816,168000,AZN,1,40.0,4,9,False,False,False,Sabunçu,Bakı,4200.0
6491814,172000,AZN,2,60.0,1,9,True,False,False,Həzi Aslanov,Bakı,2866.67
6491815,189000,AZN,3,72.0,5,18,True,False,False,Nəsimi,Bakı,2625.0
6491807,124000,AZN,2,35.0,9,9,True,False,False,Yasamal,Bakı,3542.86
6491809,158000,AZN,2,50.0,1,5,True,False,False,Neftçilər,Bakı,3160.0
6468488,300000,AZN,3,134.0,4,20,True,False,False,Yasamal,Bakı,2238.81
6355917,130000,AZN,3,95.0,6,6,True,False,False,İnşaatçılar,Bakı,1368.42
6381061,390000,AZN,3,153.0,5,21,False,False,False,Nərimanov,Bakı,2549.02
6491805,454000,AZN,3,65.0,4,6,True,False,False,Ağ şəhər,Bakı,6984.62
6421001,449000,AZN,4,170.0,3,17,True,False,False,8 Noyabr,Bakı,2641.18
6491800,391000,AZN,2,98.0,4,7,True,False,False,Sabunçu,Bakı,3989.8
6479877,268000,AZN,3,111.0,16,17,True,False,False,İnşaatçılar,Bakı,2414.41
6491802,390000,AZN,3,120.0,4,4,True,False,False,Sahil,Bakı,3250.0
6491782,399000,AZN,2,100.0,13,17,True,False,False,28 May,Bakı,3990.0
6491797,115000,AZN,2,55.0,1,4,True,False,False,Əhmədli,Bakı,2090.91
6479659,157000,AZN,2,55.0,4,14,True,False,False,Xətai,Bakı,2854.55
6401780,227000,AZN,3,99.0,5,14,False,False,False,Bakıxanov,Bakı,2292.93
6408273,178000,AZN,3,75.0,6,16,True,False,False,Yeni Günəşli,Bakı,2373.33
6491787,338000,AZN,3,110.0,9,17,True,False,False,Koroğlu,Bakı,3072.73
6318309,255000,AZN,3,65.0,3,5,True,False,False,Nəriman Nərimanov,Bakı,3923.08
6491784,275000,AZN,2,70.0,13,17,True,False,False,Nəsimi,Bakı,3928.57
6491780,345000,AZN,2,68.0,9,17,True,False,False,Elmlər Akademiyası,Bakı,5073.53
6366089,191000,AZN,3,80.0,2,5,True,False,False,Elmlər Akademiyası,Bakı,2387.5
6491781,121000,AZN,2,44.0,6,7,True,False,False,Yeni Günəşli,Bakı,2750.0
6491778,270000,AZN,2,68.0,9,13,True,False,False,28 May,Bakı,3970.59
6491779,570000,AZN,3,137.0,10,17,True,False,False,28 May,Bakı,4160.58
6379874,145500,AZN,2,62.0,5,9,True,False,False,Həzi Aslanov,Bakı,2346.77
6461040,167000,AZN,3,60.0,4,4,True,False,False,Gənclik,Bakı,2783.33
6491777,230000,AZN,3,105.0,15,17,True,False,False,Nizami,Bakı,2190.48
6491770,203000,AZN,2,52.0,3,5,True,False,False,Memar Əcəmi,Bakı,3903.85
6458070,330000,AZN,4,128.0,11,17,True,False,False,20 Yanvar,Bakı,2578.12
6479393,147000,AZN,2,65.0,5,10,True,False,False,Xətai,Bakı,2261.54
6491771,130000,AZN,1,30.0,4,5,True,False,False,Nərimanov,Bakı,4333.33
6491763,230000,AZN,3,100.0,11,21,True,False,False,Yasamal,Bakı,2300.0
6491762,226000,AZN,3,80.0,3,9,True,False,False,Həzi Aslanov,Bakı,2825.0
6491759,187000,AZN,3,80.0,6,9,True,False,False,Əhmədli,Bakı,2337.5
6491760,142500,AZN,2,65.0,5,16,True,False,False,Xətai,Bakı,2192.31
6428996,164500,AZN,2,60.0,2,9,True,False,False,Əhmədli,Bakı,2741.67
6491754,387000,AZN,2,85.0,9,16,True,False,False,Şah İsmayıl Xətai,Bakı,4552.94
6396855,456000,AZN,5,210.0,14,16,True,False,False,8 Noyabr,Bakı,2171.43
6445845,370000,AZN,3,110.0,10,14,True,False,False,Nizami,Bakı,3363.64
6464063,138000,AZN,2,47.0,2,5,True,False,False,Nəriman Nərimanov,Bakı,2936.17
6470196,148000,AZN,1,55.0,7,16,False,False,False,Həzi Aslanov,Bakı,2690.91
6429120,165000,AZN,2,58.0,8,9,True,False,False,Əhmədli,Bakı,2844.83
6441598,359000,AZN,3,130.0,19,21,True,False,False,Nizami,Bakı,2761.54
6491753,120000,AZN,2,40.0,1,9,True,False,False,Həzi Aslanov,Bakı,3000.0
6462107,400000,AZN,3,101.0,10,16,True,False,False,Nəriman Nərimanov,Bakı,3960.4
6491752,142000,AZN,2,60.0,2,5,True,False,False,Memar Əcəmi,Bakı,2366.67
6468287,165000,AZN,2,40.0,1,3,True,False,False,Nizami,Bakı,4125.0
6468726,245000,AZN,2,65.0,12,17,True,False,False,Nizami,Bakı,3769.23
6491748,96000,AZN,1,38.0,9,9,False,False,False,Sea Breeze,Bakı,2526.32
6442947,138000,AZN,2,40.0,2,5,True,False,False,8 Noyabr,Bakı,3450.0
6305772,290000,AZN,3,110.0,10,12,True,False,False,Əhmədli,Bakı,2636.36
6472962,386000,AZN,3,88.0,2,14,True,False,False,Nəriman Nərimanov,Bakı,4386.36
6491745,555000,AZN,4,127.0,10,14,True,False,False,Nəriman Nərimanov,Bakı,4370.08
6468916,325000,AZN,3,125.0,14,17,True,False,False,Həzi Aslanov,Bakı,2600.0
6434253,140000,AZN,2,60.0,7,9,True,False,False,Yeni Günəşli,Bakı,2333.33
6406184,250000,AZN,3,90.0,7,9,True,False,False,Badamdar,Bakı,2777.78
6491743,258000,AZN,3,106.0,14,17,True,False,False,Həzi Aslanov,Bakı,2433.96
6491738,110000,AZN,1,35.0,2,5,True,False,False,Qara Qarayev,Bakı,3142.86
6115932,576000,AZN,3,121.0,7,21,False,False,False,Ağ şəhər,Bakı,4760.33
6478828,179000,AZN,4,92.0,1,5,True,False,False,Nizami,Bakı,1945.65
6491740,197000,AZN,4,90.0,2,9,True,False,False,Neftçilər,Bakı,2188.89
6460510,138000,AZN,2,40.0,1,2,True,False,False,Nizami,Bakı,3450.0
6491739,169000,AZN,2,70.0,17,20,True,False,False,Xətai,Bakı,2414.29
6436982,590000,AZN,2,83.0,2,33,True,False,False,Səbail,Bakı,7108.43
6422748,259000,AZN,3,75.0,3,6,True,False,False,Nizami,Bakı,3453.33
6385387,478000,AZN,4,170.0,11,16,True,False,False,Elmlər Akademiyası,Bakı,2811.76
6491734,912000,AZN,4,152.0,4,8,False,False,False,Ağ şəhər,Bakı,6000.0
6476731,117000,AZN,2,30.0,5,5,True,False,False,Memar Əcəmi,Bakı,3900.0
6479641,98000,AZN,1,35.0,1,5,True,False,False,Həzi Aslanov,Bakı,2800.0
6490773,159000,AZN,3,85.0,5,5,True,False,False,Bakıxanov,Bakı,1870.59
6491733,359999,AZN,3,120.0,13,18,True,False,False,20 Yanvar,Bakı,2999.99
6407895,298000,AZN,3,110.0,3,17,True,False,False,Elmlər Akademiyası,Bakı,2709.09
6446878,288000,AZN,3,106.0,2,14,True,False,False,Qara Qarayev,Bakı,2716.98
6408338,520000,AZN,3,158.0,14,18,True,False,False,Elmlər Akademiyası,Bakı,3291.14
6368393,215000,AZN,2,70.0,18,20,True,False,False,Nəriman Nərimanov,Bakı,3071.43
6312888,104000,AZN,2,40.0,5,5,True,False,False,Neftçilər,Bakı,2600.0
6421056,277000,AZN,3,103.0,6,14,False,False,False,Nərimanov,Bakı,2689.32
6433833,242000,AZN,3,80.0,11,15,True,False,False,Həzi Aslanov,Bakı,3025.0
6421330,234000,AZN,3,82.0,12,14,False,False,False,Nərimanov,Bakı,2853.66
6491723,170000,AZN,2,55.0,3,5,True,False,False,Elmlər Akademiyası,Bakı,3090.91
6442713,420000,AZN,3,148.0,15,27,True,False,False,8 Noyabr,Bakı,2837.84
6491721,550000,AZN,3,136.0,15,16,True,False,False,28 May,Bakı,4044.12
6491722,175000,AZN,2,55.4,5,17,True,False,False,Badamdar,Bakı,3158.84
6465782,210000,AZN,2,54.0,6,16,True,False,False,Nərimanov,Bakı,3888.89
6396102,226000,AZN,2,92.0,12,14,True,False,False,Neftçilər,Bakı,2456.52
6224645,519000,AZN,4,195.0,7,18,True,False,False,Nərimanov,Bakı,2661.54
6046128,268000,AZN,3,124.0,4,13,True,False,False,Əhmədli,Bakı,2161.29
6491717,250000,AZN,4,95.0,8,9,True,False,False,20 Yanvar,Bakı,2631.58
6491716,317000,AZN,3,96.0,10,14,True,False,False,Yasamal,Bakı,3302.08
6310625,330000,AZN,3,125.0,14,17,True,False,False,Qara Qarayev,Bakı,2640.0
6479790,297000,AZN,3,100.0,7,17,True,False,False,7-ci mikrorayon,Bakı,2970.0
6491715,114000,AZN,1,40.0,4,9,True,False,False,Xətai,Bakı,2850.0
6405839,186000,AZN,2,65.0,3,13,True,False,False,Əhmədli,Bakı,2861.54
6445681,355000,AZN,4,155.0,5,21,True,False,False,Həzi Aslanov,Bakı,2290.32
6491709,220000,AZN,2,48.0,3,9,True,False,False,Nərimanov,Bakı,4583.33
6473836,165000,AZN,2,60.0,5,5,True,False,False,Gənclik,Bakı,2750.0
6491693,580000,AZN,4,168.0,9,18,True,False,False,Nəsimi,Bakı,3452.38
6491700,580000,AZN,2,84.0,3,28,True,False,False,28 May,Bakı,6904.76
6466910,395000,AZN,3,108.0,18,19,True,False,False,Nəriman Nərimanov,Bakı,3657.41
5867738,200000,AZN,2,60.0,9,15,True,False,False,Qara Qarayev,Bakı,3333.33
6487840,289000,AZN,2,68.0,12,18,True,False,False,Nəriman Nərimanov,Bakı,4250.0
6491699,335000,AZN,2,85.0,6,17,True,False,False,Gənclik,Bakı,3941.18
6276977,174000,AZN,2,60.0,3,5,True,False,False,Nəriman Nərimanov,Bakı,2900.0
6491694,110000,AZN,2,59.0,2,4,True,False,False,Masazır,Bakı,1864.41
6408561,280000,AZN,2,65.0,3,15,True,False,False,Şah İsmayıl Xətai,Bakı,4307.69
6344109,179000,AZN,3,80.0,6,9,True,False,False,Həzi Aslanov,Bakı,2237.5
6491692,450000,AZN,3,147.0,14,17,True,False,False,Nəriman Nərimanov,Bakı,3061.22
6491691,155000,AZN,2,45.0,3,5,True,False,False,İnşaatçılar,Bakı,3444.44
6377669,320000,AZN,3,110.0,13,17,True,False,False,Qara Qarayev,Bakı,2909.09
6491690,129000,AZN,2,67.0,1,16,True,False,False,Abşeron,Xırdalan,1925.37
6190390,231000,AZN,3,60.0,3,16,True,False,False,Nəsimi,Bakı,3850.0
6491685,1500000,AZN,10,1000.0,15,16,True,False,False,28 May,Bakı,1500.0
6434701,345000,AZN,3,130.0,4,18,True,False,False,Nizami,Bakı,2653.85
6491680,348000,AZN,4,146.0,8,19,True,False,False,Həzi Aslanov,Bakı,2383.56
6487603,136000,AZN,2,50.0,5,5,True,False,False,Xalqlar Dostluğu,Bakı,2720.0
6378063,350000,AZN,3,115.0,4,16,True,False,False,Qara Qarayev,Bakı,3043.48
6491669,220000,AZN,2,77.0,12,18,True,False,False,Elmlər Akademiyası,Bakı,2857.14
6491646,72000,AZN,2,44.0,2,6,True,False,False,Masazır,Bakı,1636.36
6491668,335000,AZN,4,112.0,5,9,True,False,False,Elmlər Akademiyası,Bakı,2991.07
6491667,285000,AZN,3,113.0,12,16,True,False,False,Biləcəri,Bakı,2522.12
6491665,172000,AZN,2,50.0,2,5,True,False,False,Elmlər Akademiyası,Bakı,3440.0
6491666,355000,AZN,3,113.0,4,14,True,False,False,Azadlıq Prospekti,Bakı,3141.59
6491662,305000,AZN,4,87.3,2,9,True,False,False,8-ci kilometr,Bakı,3493.7
6408315,230000,AZN,3,85.0,5,5,True,False,False,28 May,Bakı,2705.88
6491658,225000,AZN,4,100.0,1,9,True,False,False,Həzi Aslanov,Bakı,2250.0
6491656,124000,AZN,2,65.0,16,17,True,False,False,Binəqədi,Bakı,1907.69
6391371,430000,AZN,4,205.0,17,17,True,False,False,Gənclik,Bakı,2097.56
6491651,179500,AZN,3,80.0,2,5,False,False,False,İnşaatçılar,Bakı,2243.75
6491648,240010,AZN,3,89.0,4,18,True,False,False,Həzi Aslanov,Bakı,2696.74
5932064,560000,AZN,3,120.0,7,20,False,False,False,Ağ şəhər,Bakı,4666.67
6491647,460000,AZN,3,92.0,15,20,True,False,False,Şah İsmayıl Xətai,Bakı,5000.0
6457365,159000,AZN,3,79.0,3,5,True,False,False,7-ci mikrorayon,Bakı,2012.66
5997651,628000,AZN,3,146.0,6,7,False,False,False,Ağ şəhər,Bakı,4301.37
6491091,195000,AZN,2,69.0,12,14,True,False,False,Badamdar,Bakı,2826.09
6324603,227000,AZN,3,80.0,4,5,True,False,False,Elmlər Akademiyası,Bakı,2837.5
6216526,435000,AZN,3,115.0,10,16,True,False,False,Nərimanov,Bakı,3782.61
6439103,215000,AZN,4,100.0,4,5,True,False,False,Azadlıq Prospekti,Bakı,2150.0
6491638,218000,AZN,3,70.0,13,16,True,False,False,Memar Əcəmi,Bakı,3114.29
6491639,138000,AZN,3,70.0,1,9,True,False,False,Yeni Günəşli,Bakı,1971.43
6491636,460000,AZN,3,92.0,15,20,True,False,False,Şah İsmayıl Xətai,Bakı,5000.0
6491630,122000,AZN,2,40.0,1,5,True,False,False,Memar Əcəmi,Bakı,3050.0
6491635,429000,AZN,3,150.0,17,19,True,False,False,Səbail,Bakı,2860.0
6491634,210000,AZN,3,55.0,2,5,True,False,False,Elmlər Akademiyası,Bakı,3818.18
6491632,235000,AZN,2,75.0,18,19,True,False,False,Nəriman Nərimanov,Bakı,3133.33
6491633,400000,AZN,4,162.0,11,16,True,False,False,Əhmədli,Bakı,2469.14
6484316,290000,AZN,3,122.0,4,7,False,False,False,Elmlər Akademiyası,Bakı,2377.05
6453324,165000,AZN,2,70.0,7,16,False,False,False,Elmlər Akademiyası,Bakı,2357.14
6491631,79500,AZN,2,44.0,2,6,True,False,False,Masazır,Bakı,1806.82
6451871,255000,AZN,3,127.0,6,16,True,False,False,İnşaatçılar,Bakı,2007.87
6491605,187000,AZN,2,50.0,3,5,True,False,False,İnşaatçılar,Bakı,3740.0
6481363,280000,AZN,3,123.0,3,15,False,False,False,İnşaatçılar,Bakı,2276.42
6465007,272000,AZN,3,100.0,8,17,True,False,False,İnşaatçılar,Bakı,2720.0
6421049,235000,AZN,4,105.0,6,9,True,False,False,Elmlər Akademiyası,Bakı,2238.1
6427294,107000,AZN,1,30.0,4,6,True,False,False,İnşaatçılar,Bakı,3566.67
6491628,410000,AZN,3,143.0,5,16,True,False,False,Nizami,Bakı,2867.13
6491629,430000,AZN,3,135.0,15,17,False,False,False,Gənclik,Bakı,3185.19
6402837,168000,AZN,2,50.0,3,5,True,False,False,Elmlər Akademiyası,Bakı,3360.0
6425927,187000,AZN,2,65.0,5,9,True,False,False,Yasamal,Bakı,2876.92
6468644,685000,AZN,4,210.0,4,17,True,False,False,Şah İsmayıl Xətai,Bakı,3261.9
6491621,218500,AZN,3,72.0,13,16,True,False,False,Memar Əcəmi,Bakı,3034.72
6316955,130000,AZN,3,80.0,3,6,True,False,False,Abşeron,Xırdalan,1625.0
6479529,150000,AZN,3,70.0,1,12,True,False,False,Həzi Aslanov,Bakı,2142.86
6491619,155000,AZN,2,60.0,2,5,True,False,False,Memar Əcəmi,Bakı,2583.33
6227014,295000,AZN,3,105.0,13,16,True,False,False,Qara Qarayev,Bakı,2809.52
6315563,295000,AZN,3,135.0,17,17,True,False,False,Neftçilər,Bakı,2185.19
6411389,168000,AZN,2,65.0,7,9,True,False,False,Həzi Aslanov,Bakı,2584.62
6269599,357000,AZN,2,67.0,3,7,True,False,False,Ağ şəhər,Bakı,5328.36
6491615,185000,AZN,2,43.0,5,5,True,False,False,İçəri Şəhər,Bakı,4302.33
6491616,235000,AZN,3,85.0,7,10,True,False,False,Yasamal,Bakı,2764.71
6444805,430000,AZN,3,110.0,16,18,True,False,False,Bakmil,Bakı,3909.09
6407748,410000,AZN,3,140.0,5,19,True,False,False,Nizami,Bakı,2928.57
6463397,143000,AZN,2,65.0,9,9,True,False,False,Xətai,Bakı,2200.0
6491609,187000,AZN,3,70.0,2,5,True,False,False,İnşaatçılar,Bakı,2671.43
6479584,165000,AZN,3,70.0,7,16,False,False,False,Elmlər Akademiyası,Bakı,2357.14
6491611,330000,AZN,3,93.0,14,19,True,False,False,İnşaatçılar,Bakı,3548.39
6367548,690000,AZN,5,210.0,3,4,True,False,False,28 May,Bakı,3285.71
6484252,237000,AZN,3,75.0,4,5,True,False,False,Elmlər Akademiyası,Bakı,3160.0
6159767,260000,AZN,3,80.0,4,16,True,False,False,Elmlər Akademiyası,Bakı,3250.0
6408395,1040000,AZN,6,340.0,12,17,True,False,False,Nəriman Nərimanov,Bakı,3058.82
6461607,145000,AZN,2,48.0,5,9,True,False,False,Xətai,Bakı,3020.83
6279684,173000,AZN,3,80.0,5,9,True,False,False,Xətai,Bakı,2162.5
5613541,550000,AZN,4,181.0,9,18,True,False,False,Şah İsmayıl Xətai,Bakı,3038.67
6405091,555000,AZN,4,128.6,10,17,True,False,False,Nəriman Nərimanov,Bakı,4315.71
6389565,230000,AZN,3,100.0,3,19,True,False,False,Həzi Aslanov,Bakı,2300.0
6491607,150000,AZN,2,60.0,3,6,True,False,False,Əhmədli,Bakı,2500.0
6359589,279500,AZN,3,101.0,7,20,True,False,False,20 Yanvar,Bakı,2767.33
6478274,160000,AZN,1,42.0,6,12,True,False,False,Həzi Aslanov,Bakı,3809.52
6406221,220000,AZN,3,85.0,4,5,True,False,False,Elmlər Akademiyası,Bakı,2588.24
6011257,175000,AZN,3,65.0,11,18,True,False,False,Həzi Aslanov,Bakı,2692.31
6491600,249000,AZN,2,53.0,9,17,True,False,False,Nəriman Nərimanov,Bakı,4698.11
6491598,500000,AZN,4,158.0,5,16,True,False,False,Elmlər Akademiyası,Bakı,3164.56
6218996,345000,AZN,3,113.0,5,16,False,False,False,Nəriman Nərimanov,Bakı,3053.1
6488258,209500,AZN,2,58.0,3,11,True,False,False,İnşaatçılar,Bakı,3612.07
6491586,118000,AZN,1,40.0,12,12,True,False,False,Yasamal,Bakı,2950.0
6491595,265000,AZN,2,51.0,7,16,True,False,False,Nəsimi,Bakı,5196.08
6491594,113000,AZN,2,52.0,2,5,True,False,False,Memar Əcəmi,Bakı,2173.08
6491593,185000,AZN,2,65.0,7,9,True,False,False,9-cu mikrorayon,Bakı,2846.15
6237069,745000,AZN,4,160.0,5,16,True,False,False,Nizami,Bakı,4656.25
6442969,375000,AZN,2,100.0,8,17,True,False,False,28 May,Bakı,3750.0
6491589,550000,AZN,4,115.0,3,4,True,False,False,İçəri Şəhər,Bakı,4782.61
6408588,148000,AZN,3,55.0,1,9,True,False,False,Massiv D,Bakı,2690.91
6491588,519000,AZN,4,173.0,5,19,False,False,False,28 May,Bakı,3000.0
6367531,95000,AZN,3,74.0,1,2,True,False,False,Abşeron,Xırdalan,1283.78
6479231,550000,AZN,4,170.0,14,18,True,False,False,Nəsimi,Bakı,3235.29
6491584,274000,AZN,2,60.0,10,17,True,False,False,Nəriman Nərimanov,Bakı,4566.67
6491582,169000,AZN,3,90.0,3,5,True,False,False,Memar Əcəmi,Bakı,1877.78
6491580,222000,AZN,2,89.0,3,20,True,False,False,Həzi Aslanov,Bakı,2494.38
6491577,185000,AZN,2,71.0,14,16,True,False,False,Yeni Yasamal,Bakı,2605.63
6324280,285000,AZN,3,136.0,4,16,True,False,False,Nizami,Bakı,2095.59
6379726,125000,AZN,2,42.0,5,5,True,False,False,Elmlər Akademiyası,Bakı,2976.19
6443437,430000,AZN,3,135.0,15,17,False,False,False,Gənclik,Bakı,3185.19
6466833,171000,AZN,2,50.0,2,5,True,False,False,Nəsimi,Bakı,3420.0
6491563,470000,AZN,2,96.0,6,8,False,False,False,Ağ şəhər,Bakı,4895.83
6491567,176000,AZN,2,55.0,9,19,True,False,False,Həzi Aslanov,Bakı,3200.0
5391504,160000,AZN,2,92.5,15,15,False,False,False,Azadlıq Prospekti,Bakı,1729.73
6491568,170000,AZN,2,50.0,3,5,True,False,False,Elmlər Akademiyası,Bakı,3400.0
6491561,118000,AZN,2,35.0,3,9,True,False,False,Qaraçuxur,Bakı,3371.43
6404427,225000,AZN,5,130.0,6,9,True,False,False,Yeni Yasamal,Bakı,1730.77
6425165,490000,AZN,4,220.0,10,18,True,False,False,Nizami,Bakı,2227.27
6412230,230000,AZN,3,100.0,3,18,True,False,False,Həzi Aslanov,Bakı,2300.0
6319048,139000,AZN,2,50.0,13,17,True,False,False,8-ci kilometr,Bakı,2780.0
6491558,171000,AZN,3,70.0,5,5,True,False,False,Nəsimi,Bakı,2442.86
6442649,210000,AZN,3,71.0,11,17,True,False,False,Əhmədli,Bakı,2957.75
6138124,178000,AZN,3,83.0,1,6,True,False,False,Səbail,Bakı,2144.58
5781429,560000,AZN,3,136.6,10,17,True,False,False,Nəriman Nərimanov,Bakı,4099.56
5781558,570000,AZN,3,134.0,12,17,True,False,False,Nəriman Nərimanov,Bakı,4253.73
6491551,300000,AZN,3,100.0,10,16,True,False,False,İnşaatçılar,Bakı,3000.0
6491546,115000,AZN,2,44.0,5,5,True,False,False,Qara Qarayev,Bakı,2613.64
6491541,285000,AZN,3,136.0,16,18,True,False,False,Yasamal,Bakı,2095.59
5467158,385000,AZN,3,130.0,16,20,True,False,False,Şah İsmayıl Xətai,Bakı,2961.54
6231534,500000,AZN,3,220.0,4,14,True,False,False,28 May,Bakı,2272.73
6491542,1200000,AZN,4,214.0,5,8,False,False,False,Ağ şəhər,Bakı,5607.48
6491540,100000,AZN,2,55.0,5,5,True,False,False,Abşeron,Xırdalan,1818.18
6230423,1320000,AZN,4,220.0,5,20,False,False,False,Ağ şəhər,Bakı,6000.0
6491539,268000,AZN,4,180.0,2,16,True,False,False,İnşaatçılar,Bakı,1488.89
6491529,270000,AZN,3,80.0,2,9,True,False,False,Qara Qarayev,Bakı,3375.0
6336584,660000,AZN,4,175.0,5,16,True,False,False,Nəriman Nərimanov,Bakı,3771.43
6491534,260000,AZN,3,75.0,3,6,True,False,False,Nizami,Bakı,3466.67
6491532,143000,AZN,2,50.0,2,5,True,False,False,Memar Əcəmi,Bakı,2860.0
6441675,287000,AZN,3,128.0,3,12,True,False,False,Xalqlar Dostluğu,Bakı,2242.19
6066122,120000,AZN,1,53.0,9,16,False,False,False,Zığ,Bakı,2264.15
6296274,129500,AZN,2,30.0,2,5,True,False,False,Memar Əcəmi,Bakı,4316.67
6405337,193800,AZN,2,65.0,6,9,True,False,False,Əhmədli,Bakı,2981.54
6480334,699000,AZN,5,240.0,14,16,True,False,False,Nəsimi,Bakı,2912.5
6396379,245000,AZN,3,138.0,8,16,False,False,False,Həzi Aslanov,Bakı,1775.36
6141451,570000,AZN,4,202.0,15,18,False,False,False,28 May,Bakı,2821.78
6488364,310000,AZN,3,117.0,12,15,False,False,False,Nəriman Nərimanov,Bakı,2649.57
6435388,310000,AZN,3,107.0,7,16,True,False,False,Neftçilər,Bakı,2897.2
6035242,250000,AZN,3,90.0,18,18,True,False,False,Memar Əcəmi,Bakı,2777.78
6399066,275000,AZN,3,82.0,5,16,True,False,False,İnşaatçılar,Bakı,3353.66
6319920,470000,AZN,3,118.0,10,17,False,False,False,Nəsimi,Bakı,3983.05
6079981,495000,AZN,4,195.0,17,24,True,False,False,Şah İsmayıl Xətai,Bakı,2538.46
6491527,155000,AZN,2,46.0,16,16,True,False,False,Neftçilər,Bakı,3369.57
6357062,270000,AZN,2,80.0,3,5,True,False,False,28 May,Bakı,3375.0
6400890,299000,AZN,3,72.0,18,18,True,True,True,Bakmil,Bakı,4152.78
6491525,140000,AZN,2,55.0,9,9,True,False,False,Həzi Aslanov,Bakı,2545.45
6209357,280000,AZN,2,60.0,5,16,True,False,False,Şah İsmayıl Xətai,Bakı,4666.67
6415292,185000,AZN,3,76.0,5,16,True,False,False,Həzi Aslanov,Bakı,2434.21
6373107,330000,AZN,2,78.0,4,17,True,False,False,Nəriman Nərimanov,Bakı,4230.77
6491523,540000,AZN,4,168.0,5,16,True,False,False,Nizami,Bakı,3214.29
6491522,140000,AZN,1,60.0,17,17,True,False,False,Yeni Yasamal,Bakı,2333.33
6099147,359000,AZN,3,129.0,2,13,True,False,False,Şah İsmayıl Xətai,Bakı,2782.95
6491519,135000,AZN,2,44.0,1,6,True,False,False,İnşaatçılar,Bakı,3068.18
6491521,174312,AZN,2,42.0,1,14,True,False,False,Yasamal,Bakı,4150.29
6430419,300000,AZN,4,140.0,6,12,True,False,False,Əhmədli,Bakı,2142.86
6491517,138500,AZN,2,35.0,7,9,True,False,False,9-cu mikrorayon,Bakı,3957.14
6491514,300000,AZN,2,99.0,26,27,False,False,False,8 Noyabr,Bakı,3030.3
6491508,380000,AZN,3,110.0,5,14,True,False,False,Nizami,Bakı,3454.55
6416361,218000,AZN,3,80.0,4,9,True,False,False,Əhmədli,Bakı,2725.0
6491512,385900,AZN,3,100.0,15,20,True,False,False,Nəsimi,Bakı,3859.0
6491511,440000,AZN,4,165.0,11,13,True,False,False,Nəsimi,Bakı,2666.67
5715700,114500,AZN,2,101.0,7,16,False,False,False,Lökbatan,Bakı,1133.66
6461648,284999,AZN,3,91.0,5,15,True,False,False,Həzi Aslanov,Bakı,3131.86
6320225,289000,AZN,3,120.0,8,16,True,False,False,Bayıl,Bakı,2408.33
6491509,179000,AZN,3,73.0,3,12,True,False,False,20 Yanvar,Bakı,2452.05
6320519,145000,AZN,2,60.0,5,5,True,False,False,20 Yanvar,Bakı,2416.67
6459279,250000,AZN,2,110.0,2,4,True,False,False,Sahil,Bakı,2272.73
6293740,173000,AZN,2,71.0,12,16,True,False,False,Yeni Günəşli,Bakı,2436.62
6397724,125000,AZN,3,85.0,2,4,True,False,False,Qaraçuxur,Bakı,1470.59
6491505,180000,AZN,2,74.0,18,19,True,False,False,Yeni Yasamal,Bakı,2432.43
6007146,170000,AZN,3,100.0,18,18,False,False,False,Şah İsmayıl Xətai,Bakı,1700.0
5867132,1000000,AZN,4,185.0,5,7,False,False,False,Ağ şəhər,Bakı,5405.41
6430106,140000,AZN,3,85.0,1,2,True,False,False,Xətai,Bakı,1647.06
6473009,244000,AZN,3,95.0,5,9,True,False,False,Qara Qarayev,Bakı,2568.42
6429967,210000,AZN,2,71.0,14,16,True,False,False,Həzi Aslanov,Bakı,2957.75
6491502,170000,AZN,2,57.0,4,5,True,False,False,Binəqədi,Bakı,2982.46
6463031,328000,AZN,3,113.0,6,17,False,False,False,Nəriman Nərimanov,Bakı,2902.65
6408350,310000,AZN,4,190.0,7,7,True,False,False,Nizami,Bakı,1631.58
6024049,355000,AZN,4,125.0,2,5,True,False,False,Nizami,Bakı,2840.0
6363385,189000,AZN,4,95.0,7,9,True,False,False,Xətai,Bakı,1989.47
6395021,140000,AZN,3,68.0,2,5,True,False,False,Hövsan,Bakı,2058.82
6483210,237000,AZN,3,85.0,8,9,True,False,False,Əhmədli,Bakı,2788.24
5494851,519000,AZN,5,230.0,13,18,False,False,False,Nərimanov,Bakı,2256.52
6478466,289000,AZN,3,74.0,12,17,True,False,False,28 May,Bakı,3905.41
5966639,168000,AZN,3,80.0,8,14,True,False,False,Zığ,Bakı,2100.0
6491494,570000,AZN,4,175.0,5,19,True,False,False,28 May,Bakı,3257.14
6108258,595000,AZN,7,550.0,12,13,True,False,False,28 May,Bakı,1081.82
6491489,200000,AZN,3,65.0,3,9,True,False,False,Əhmədli,Bakı,3076.92
6408396,500000,AZN,3,170.0,12,17,True,False,False,Nəriman Nərimanov,Bakı,2941.18
6408397,500000,AZN,3,170.0,12,17,True,False,False,Nəriman Nərimanov,Bakı,2941.18
6482762,500000,AZN,3,156.0,15,20,False,False,False,Nizami,Bakı,3205.13
6408460,288000,AZN,2,72.0,7,16,True,False,False,Nəriman Nərimanov,Bakı,4000.0
6435284,273000,AZN,5,110.0,4,9,True,False,False,Xətai,Bakı,2481.82
6413078,126500,AZN,2,44.0,3,9,True,False,False,Əhmədli,Bakı,2875.0
6483235,339000,AZN,3,110.0,3,19,True,False,False,Xətai,Bakı,3081.82
6488552,187000,AZN,3,65.0,5,9,True,False,False,Xalqlar Dostluğu,Bakı,2876.92
6438317,184000,AZN,2,60.0,2,9,True,False,False,Həzi Aslanov,Bakı,3066.67
6407743,499000,AZN,3,161.0,13,17,True,False,False,28 May,Bakı,3099.38
6491482,469000,AZN,3,95.0,3,20,False,False,False,Şah İsmayıl Xətai,Bakı,4936.84
6407824,310000,AZN,3,80.0,8,16,True,False,False,Nəsimi,Bakı,3875.0
6491480,267000,AZN,3,80.0,8,14,True,False,False,Neftçilər,Bakı,3337.5
6491478,665000,AZN,4,190.0,2,12,True,False,False,Nəsimi,Bakı,3500.0
6491479,220000,AZN,3,85.0,2,9,True,False,False,İnşaatçılar,Bakı,2588.24
6491472,258000,AZN,3,100.0,3,10,True,False,False,İnşaatçılar,Bakı,2580.0
6491475,310000,AZN,3,100.0,12,20,True,False,False,Elmlər Akademiyası,Bakı,3100.0
6491473,209000,AZN,2,62.0,3,6,True,False,False,Nizami,Bakı,3370.97
6491468,325000,AZN,3,77.0,8,10,True,False,False,Nərimanov,Bakı,4220.78
6491467,220000,AZN,2,82.0,14,16,True,False,False,Əhmədli,Bakı,2682.93
6491466,155500,AZN,2,48.0,5,5,True,False,False,Memar Əcəmi,Bakı,3239.58
6407759,550000,AZN,3,120.0,6,6,True,False,False,Ağ şəhər,Bakı,4583.33
6408081,490000,AZN,3,98.0,3,7,True,False,False,Ağ şəhər,Bakı,5000.0
6491458,320000,AZN,3,96.0,10,16,True,False,False,Azadlıq Prospekti,Bakı,3333.33
6491455,335000,AZN,4,105.0,4,5,True,False,False,28 May,Bakı,3190.48
6473020,234000,AZN,3,101.0,10,17,True,False,False,Həzi Aslanov,Bakı,2316.83
6423555,152000,AZN,2,78.0,6,12,True,False,False,Abşeron,Xırdalan,1948.72
6426395,114000,AZN,1,35.0,2,5,True,False,False,Elmlər Akademiyası,Bakı,3257.14
5669123,225000,AZN,2,88.0,13,17,True,False,False,Həzi Aslanov,Bakı,2556.82
6491453,159900,AZN,2,56.0,19,20,True,False,False,Əhmədli,Bakı,2855.36
6453039,239000,AZN,3,87.0,8,17,True,False,False,Həzi Aslanov,Bakı,2747.13
6087026,347000,AZN,2,87.0,4,5,True,False,False,Sea Breeze,Bakı,3988.51
5599080,179000,AZN,2,60.0,8,9,True,False,False,Əhmədli,Bakı,2983.33
6485616,313000,AZN,3,94.0,14,16,True,False,False,Neftçilər,Bakı,3329.79
6491450,210000,AZN,3,85.0,1,6,True,False,False,Bayıl,Bakı,2470.59
6439218,184000,AZN,2,65.0,2,9,True,False,False,Həzi Aslanov,Bakı,2830.77
6454378,350000,AZN,3,131.0,15,17,True,False,False,Azadlıq Prospekti,Bakı,2671.76
6163751,242000,AZN,3,88.0,7,20,True,False,False,Xətai,Bakı,2750.0
6491443,285000,AZN,3,100.0,6,18,True,False,False,Badamdar,Bakı,2850.0
6491439,124800,AZN,2,45.0,4,5,True,False,False,Memar Əcəmi,Bakı,2773.33
6444875,295000,AZN,3,87.0,14,17,True,False,False,Qara Qarayev,Bakı,3390.8
6462897,160000,AZN,2,60.0,4,5,True,False,False,Gənclik,Bakı,2666.67
6306971,235000,AZN,3,85.0,7,10,True,False,False,Yasamal,Bakı,2764.71
6491442,174312,AZN,2,49.0,1,14,True,False,False,Yasamal,Bakı,3557.39
6042533,192000,AZN,2,70.0,4,17,True,False,False,Həzi Aslanov,Bakı,2742.86
6378972,270000,AZN,2,82.0,5,19,True,False,False,Xətai,Bakı,3292.68
6409026,190000,AZN,1,52.0,4,7,False,False,False,Nardaran,Bakı,3653.85
6448481,105000,AZN,3,71.0,4,6,True,False,False,Masazır,Bakı,1478.87
6393530,218000,AZN,3,70.0,13,16,True,False,False,Memar Əcəmi,Bakı,3114.29
6450604,205000,AZN,2,63.0,14,16,True,False,False,Qara Qarayev,Bakı,3253.97
6411613,280000,AZN,2,94.1,13,18,True,False,False,Binəqədi,Bakı,2975.56
6491434,109000,AZN,2,62.0,15,15,True,False,False,Abşeron,Xırdalan,1758.06
6408566,277000,AZN,2,79.3,6,17,True,False,False,Nərimanov,Bakı,3493.06
6444770,210000,AZN,2,52.0,10,16,True,False,False,Qara Qarayev,Bakı,4038.46
6297859,295000,AZN,3,134.0,10,16,True,False,False,Əhmədli,Bakı,2201.49
6491432,485000,AZN,3,130.0,8,17,True,False,False,28 May,Bakı,3730.77
6439212,345000,AZN,4,110.0,7,17,True,False,False,Neftçilər,Bakı,3136.36
6462485,285000,AZN,2,77.0,8,10,True,False,False,Nəriman Nərimanov,Bakı,3701.3
5783697,250000,AZN,2,65.0,15,17,True,False,False,Azadlıq Prospekti,Bakı,3846.15
6491431,245000,AZN,3,75.0,7,9,True,False,False,Memar Əcəmi,Bakı,3266.67
6361743,255000,AZN,2,64.0,7,12,True,False,False,Nərimanov,Bakı,3984.38
6027663,325000,AZN,3,113.0,16,18,False,False,False,28 May,Bakı,2876.11
6439181,187000,AZN,3,65.0,5,9,True,False,False,Əhmədli,Bakı,2876.92
6285996,235000,AZN,3,90.5,15,18,True,False,False,Nizami,Bakı,2596.69
6491428,180000,AZN,2,78.0,13,17,True,False,False,Yeni Yasamal,Bakı,2307.69
6451424,235000,AZN,2,69.0,7,16,False,False,False,Böyükşor,Bakı,3405.8
6407203,290000,AZN,3,70.1,3,17,True,False,False,Bakmil,Bakı,4136.95
6438746,250000,AZN,2,64.0,8,16,True,False,False,Nərimanov,Bakı,3906.25
6386233,139500,AZN,2,48.0,7,9,True,False,False,9-cu mikrorayon,Bakı,2906.25
6467540,195000,AZN,2,70.0,13,19,True,True,False,Nəriman Nərimanov,Bakı,2785.71
6491426,245000,AZN,2,65.0,6,9,True,False,False,Yasamal,Bakı,3769.23
6436559,298000,AZN,3,91.0,3,15,True,False,False,Həzi Aslanov,Bakı,3274.73
6491425,115000,AZN,1,33.0,3,5,True,False,False,Neftçilər,Bakı,3484.85
6015312,325000,AZN,3,120.0,14,17,True,False,False,Həzi Aslanov,Bakı,2708.33
6491424,250000,AZN,3,80.0,2,9,True,False,False,Neftçilər,Bakı,3125.0
6331822,250000,AZN,2,100.0,15,18,True,False,False,Neftçilər,Bakı,2500.0
6491423,200000,AZN,2,65.0,4,5,True,False,False,Yasamal,Bakı,3076.92
6329137,170000,AZN,2,90.0,14,17,True,False,False,Yeni Günəşli,Bakı,1888.89
6463630,155000,AZN,2,64.0,9,15,True,False,False,8-ci kilometr,Bakı,2421.88
6491419,208000,AZN,3,105.0,9,9,True,False,False,Bayıl,Bakı,1980.95
6407392,90000,AZN,2,65.0,17,17,True,False,False,Abşeron,Xırdalan,1384.62
6392273,158000,AZN,3,65.0,4,9,True,False,False,Həzi Aslanov,Bakı,2430.77
6455058,155000,AZN,2,55.0,10,17,True,False,False,Həzi Aslanov,Bakı,2818.18
6491412,220000,AZN,2,68.0,14,18,True,False,False,Azadlıq Prospekti,Bakı,3235.29
6491410,233000,AZN,2,79.0,14,19,True,False,False,8 Noyabr,Bakı,2949.37
6407531,550000,AZN,3,129.0,2,7,True,False,False,Ağ şəhər,Bakı,4263.57
6491407,757000,AZN,4,176.0,2,7,False,False,False,Ağ şəhər,Bakı,4301.14
6491405,225000,AZN,2,70.0,7,17,True,False,False,Qara Qarayev,Bakı,3214.29
6395281,230000,AZN,3,70.0,14,18,True,False,False,Xətai,Bakı,3285.71
6491398,598000,AZN,3,135.0,3,7,False,False,False,Ağ şəhər,Bakı,4429.63
6491399,355000,AZN,3,130.0,15,17,True,False,False,Nəsimi,Bakı,2730.77
6405971,295000,AZN,3,135.0,17,17,True,False,False,Neftçilər,Bakı,2185.19
6445204,360000,AZN,3,80.0,3,4,True,False,False,28 May,Bakı,4500.0
6471904,358500,AZN,3,147.0,12,16,True,False,False,20 Yanvar,Bakı,2438.78
6491396,136000,AZN,2,44.0,5,9,True,False,False,Həzi Aslanov,Bakı,3090.91
6408407,219000,AZN,2,85.0,11,17,True,False,False,Həzi Aslanov,Bakı,2576.47
6402905,495000,AZN,4,192.0,18,24,True,False,False,Şah İsmayıl Xətai,Bakı,2578.12
6491394,320000,AZN,4,115.0,3,9,True,False,False,Nərimanov,Bakı,2782.61
5902098,280000,AZN,3,140.0,16,20,False,False,False,Həzi Aslanov,Bakı,2000.0
5895998,465000,AZN,4,142.0,16,17,True,False,False,Nəsimi,Bakı,3274.65
6474956,442000,AZN,2,92.0,4,16,True,False,False,Nizami,Bakı,4804.35
6491391,307000,AZN,2,120.0,9,14,True,False,False,Şah İsmayıl Xətai,Bakı,2558.33
6444639,157000,AZN,2,55.0,3,9,True,False,False,Nərimanov,Bakı,2854.55
6251479,525000,AZN,3,155.0,10,19,True,False,False,Şah İsmayıl Xətai,Bakı,3387.1
6325091,410000,AZN,3,136.0,7,16,False,False,False,Nəriman Nərimanov,Bakı,3014.71
6456151,225000,AZN,3,88.0,8,9,True,False,False,Qara Qarayev,Bakı,2556.82
6491390,178000,AZN,3,86.0,2,5,True,False,False,20 Yanvar,Bakı,2069.77
6355608,379000,AZN,3,120.0,10,15,True,False,False,28 May,Bakı,3158.33
6424268,310000,AZN,3,90.0,7,16,True,False,False,Nəriman Nərimanov,Bakı,3444.44
6302977,515000,AZN,4,175.0,12,15,True,False,False,Gənclik,Bakı,2942.86
6379441,113000,AZN,2,45.0,11,17,True,False,False,Xətai,Bakı,2511.11
6351200,205000,AZN,1,50.0,6,14,True,False,False,28 May,Bakı,4100.0
6491381,133500,AZN,2,38.0,2,5,True,False,False,İnşaatçılar,Bakı,3513.16
6475779,158000,AZN,3,64.0,3,4,True,False,False,M.Ə.Rəsulzadə,Bakı,2468.75
6491382,240000,AZN,2,65.0,6,20,True,False,False,28 May,Bakı,3692.31
6491377,258000,AZN,3,95.0,3,9,True,False,False,İnşaatçılar,Bakı,2715.79
6491378,255000,AZN,3,85.0,3,19,True,False,False,Əhmədli,Bakı,3000.0
6244540,150000,AZN,3,70.0,1,4,True,False,False,Qaraçuxur,Bakı,2142.86
6491372,229000,AZN,2,90.0,16,17,True,False,False,Həzi Aslanov,Bakı,2544.44
6136616,215000,AZN,3,85.0,1,5,True,False,False,Bakıxanov,Bakı,2529.41
6450483,233000,AZN,3,78.0,9,16,False,False,False,28 May,Bakı,2987.18
6394259,479000,AZN,4,161.0,13,16,True,False,False,28 May,Bakı,2975.16
6408123,145000,AZN,3,60.0,5,5,True,False,False,Bakıxanov,Bakı,2416.67
6491371,459000,AZN,4,153.0,3,16,False,False,False,Nəsimi,Bakı,3000.0
6252387,575000,AZN,3,100.0,5,8,True,False,False,Ağ şəhər,Bakı,5750.0
6402672,320000,AZN,3,123.0,2,19,True,False,False,Nəsimi,Bakı,2601.63
6396615,379000,AZN,4,158.0,12,14,True,False,False,28 May,Bakı,2398.73
6491367,339400,AZN,3,135.0,2,4,True,False,False,Sahil,Bakı,2514.07
6175073,630000,AZN,3,133.0,5,8,True,False,False,Ağ şəhər,Bakı,4736.84
6378539,148000,AZN,2,55.0,4,5,True,False,False,Nəsimi,Bakı,2690.91
6407497,230000,AZN,3,70.0,4,5,True,False,False,Yasamal,Bakı,3285.71
6469538,154000,AZN,2,53.0,8,20,True,False,False,İnşaatçılar,Bakı,2905.66
6435182,184000,AZN,2,65.0,2,9,True,False,False,Həzi Aslanov,Bakı,2830.77
6467149,183000,AZN,4,85.0,9,9,True,False,False,Həzi Aslanov,Bakı,2152.94
6491366,194000,AZN,2,84.0,14,16,False,False,False,Əhmədli,Bakı,2309.52
6491346,750000,AZN,3,176.0,6,7,True,False,False,Şah İsmayıl Xətai,Bakı,4261.36
6466981,235000,AZN,3,110.0,15,17,True,False,False,Həzi Aslanov,Bakı,2136.36
6478767,250000,AZN,3,85.0,6,10,True,False,False,Binəqədi,Bakı,2941.18
6437058,485000,AZN,3,129.0,8,16,True,False,False,28 May,Bakı,3759.69
6457192,197000,AZN,2,60.0,3,9,True,False,False,Əhmədli,Bakı,3283.33
6450746,283000,AZN,2,118.0,4,11,False,False,False,8 Noyabr,Bakı,2398.31
6484296,189000,AZN,2,88.0,10,17,True,False,False,Həzi Aslanov,Bakı,2147.73
6474899,336000,AZN,3,143.0,4,14,False,False,False,Nəriman Nərimanov,Bakı,2349.65
6408283,935000,AZN,4,225.0,7,8,False,False,False,Ağ şəhər,Bakı,4155.56
6491362,142000,AZN,2,45.0,1,5,True,False,False,Memar Əcəmi,Bakı,3155.56
5875985,438000,AZN,3,125.0,7,16,True,False,False,Gənclik,Bakı,3504.0
6377553,425000,AZN,3,130.0,6,8,True,False,False,Gənclik,Bakı,3269.23
6444735,890000,AZN,4,240.0,13,14,True,False,False,İçəri Şəhər,Bakı,3708.33
6491361,147500,AZN,2,52.0,4,5,True,False,False,Memar Əcəmi,Bakı,2836.54
6442455,126000,AZN,1,35.0,3,5,True,False,False,Memar Əcəmi,Bakı,3600.0
6491359,157000,AZN,2,52.0,4,16,True,False,False,Xalqlar Dostluğu,Bakı,3019.23
6491360,755000,AZN,4,190.0,5,17,True,False,False,Elmlər Akademiyası,Bakı,3973.68
6491358,455000,AZN,3,148.0,6,27,True,False,False,8 Noyabr,Bakı,3074.32
6491357,145000,AZN,3,86.0,17,17,True,False,False,Həzi Aslanov,Bakı,1686.05
6491353,156000,AZN,2,50.0,3,5,True,False,False,Memar Əcəmi,Bakı,3120.0
6491354,148000,AZN,2,60.0,5,9,True,False,False,Bakıxanov,Bakı,2466.67
6491350,275000,AZN,3,80.0,4,9,True,False,False,Səbail,Bakı,3437.5
6491352,655000,AZN,5,210.0,9,16,True,False,False,Elmlər Akademiyası,Bakı,3119.05
6355343,189000,AZN,2,80.0,3,7,True,False,False,Həzi Aslanov,Bakı,2362.5
6491349,227000,AZN,3,130.0,11,12,False,False,False,Sabunçu,Bakı,1746.15
6182703,126000,AZN,2,35.0,2,5,True,False,False,Memar Əcəmi,Bakı,3600.0
6405663,136500,AZN,2,50.0,4,5,True,False,False,Memar Əcəmi,Bakı,2730.0
6222999,148000,AZN,2,65.0,6,15,True,False,False,Yeni Günəşli,Bakı,2276.92
6491344,410000,AZN,3,143.0,5,16,True,False,False,Nəsimi,Bakı,2867.13
6337327,450000,AZN,3,110.0,11,18,True,False,False,Nizami,Bakı,4090.91
6272871,300000,AZN,3,100.0,8,10,True,False,False,Elmlər Akademiyası,Bakı,3000.0
6491340,245000,AZN,2,78.0,18,20,True,False,False,İnşaatçılar,Bakı,3141.03
6089097,290000,AZN,2,60.0,2,4,True,False,False,Sahil,Bakı,4833.33
6491339,157000,AZN,2,50.0,9,9,True,False,False,Nəsimi,Bakı,3140.0
6491337,470000,AZN,3,120.0,3,4,True,False,False,28 May,Bakı,3916.67
6479377,238000,AZN,2,70.0,12,17,True,False,False,Nizami,Bakı,3400.0
5960817,229900,AZN,3,103.0,16,17,True,False,False,Əhmədli,Bakı,2232.04
6183846,150000,AZN,3,60.0,1,5,True,False,False,Bayıl,Bakı,2500.0
6491334,275000,AZN,3,105.0,17,17,False,False,False,Nərimanov,Bakı,2619.05
6491333,164500,AZN,2,42.0,15,16,True,False,False,Yasamal,Bakı,3916.67
6465637,114000,AZN,3,60.0,4,5,True,False,False,Bülbülə,Bakı,1900.0
6491328,280000,AZN,3,105.0,2,16,True,False,False,Neftçilər,Bakı,2666.67
6491327,305000,AZN,2,68.0,4,17,True,False,False,Elmlər Akademiyası,Bakı,4485.29
6491329,268000,AZN,2,90.0,16,16,True,False,False,Xətai,Bakı,2977.78
6491325,245000,AZN,2,62.0,15,17,True,False,False,Nərimanov,Bakı,3951.61
6300790,480000,AZN,4,160.0,6,17,True,False,False,20 Yanvar,Bakı,3000.0
6336975,130000,AZN,3,65.0,2,5,True,False,False,Memar Əcəmi,Bakı,2000.0
6407514,455600,AZN,3,134.0,12,16,True,False,False,8-ci mikrorayon,Bakı,3400.0
6424170,387000,AZN,3,127.0,10,19,True,False,False,8 Noyabr,Bakı,3047.24
6407548,330000,AZN,3,128.0,7,10,False,False,False,Azadlıq Prospekti,Bakı,2578.12
6407708,280000,AZN,3,128.0,9,10,False,False,False,Azadlıq Prospekti,Bakı,2187.5
6271646,1090000,AZN,5,259.0,13,17,False,False,False,Bayıl,Bakı,4208.49
6483396,150000,AZN,2,50.0,2,5,True,False,False,İnşaatçılar,Bakı,3000.0
6491209,129000,AZN,2,42.0,1,16,True,False,False,Avtovağzal,Bakı,3071.43
6491320,275000,AZN,2,100.0,12,17,True,False,False,İnşaatçılar,Bakı,2750.0
6491319,250000,AZN,3,100.0,5,5,True,False,False,Şah İsmayıl Xətai,Bakı,2500.0
6285476,165000,AZN,2,58.5,2,16,True,False,False,Qara Qarayev,Bakı,2820.51
6491313,270000,AZN,3,130.0,8,14,True,False,False,İnşaatçılar,Bakı,2076.92
6300056,154000,AZN,2,55.0,8,18,True,False,False,İnşaatçılar,Bakı,2800.0
6491311,198000,AZN,4,85.0,3,5,True,False,False,Neftçilər,Bakı,2329.41
6479397,185000,AZN,2,49.0,6,18,True,False,False,20 Yanvar,Bakı,3775.51
5999099,108000,AZN,2,40.0,5,5,True,False,False,Neftçilər,Bakı,2700.0
6491310,194500,AZN,3,88.0,2,5,True,False,False,20 Yanvar,Bakı,2210.23
6491308,215000,AZN,3,61.0,3,16,True,False,False,Neftçilər,Bakı,3524.59
6431323,154000,AZN,2,65.0,14,17,True,False,False,Bayıl,Bakı,2369.23
6491309,265000,AZN,3,80.0,1,7,True,False,False,Şah İsmayıl Xətai,Bakı,3312.5
6255694,237000,AZN,3,90.0,8,9,True,False,False,Əhmədli,Bakı,2633.33
6491306,290000,AZN,3,175.0,19,19,True,False,False,Nəsimi,Bakı,1657.14
6438970,185000,AZN,2,80.0,12,16,True,False,False,Bayıl,Bakı,2312.5
6447122,251000,AZN,3,90.0,5,9,True,False,False,Gənclik,Bakı,2788.89
6491302,280000,AZN,3,128.0,14,17,True,False,False,İnşaatçılar,Bakı,2187.5
6491305,233000,AZN,3,73.0,14,16,True,False,False,Yasamal,Bakı,3191.78
6459433,198000,AZN,3,70.0,3,17,True,False,False,Bayıl,Bakı,2828.57
6406039,365000,AZN,3,140.0,8,16,True,False,False,İnşaatçılar,Bakı,2607.14
6491304,155000,AZN,2,50.0,9,9,True,False,False,9-cu mikrorayon,Bakı,3100.0
6472087,379000,AZN,2,70.0,10,20,True,False,False,Şah İsmayıl Xətai,Bakı,5414.29
6491303,265000,AZN,4,132.0,13,17,True,False,False,Yeni Yasamal,Bakı,2007.58
6446661,250000,AZN,3,90.0,6,10,True,False,False,Binəqədi,Bakı,2777.78
6452657,159000,AZN,2,45.0,4,5,True,False,False,Memar Əcəmi,Bakı,3533.33
6491301,185000,AZN,2,65.0,6,9,True,False,False,Həzi Aslanov,Bakı,2846.15
6284612,295000,AZN,3,111.0,8,16,True,False,False,Qara Qarayev,Bakı,2657.66
6358304,345000,AZN,3,75.0,4,14,True,False,False,Bayıl,Bakı,4600.0
6484941,175000,AZN,2,55.0,14,19,True,False,False,Xətai,Bakı,3181.82
6472671,274000,AZN,4,120.0,4,9,True,False,False,Nəsimi,Bakı,2283.33
6267497,730000,AZN,4,186.0,10,15,True,False,False,28 May,Bakı,3924.73
6461524,177000,AZN,2,55.0,12,19,True,False,False,Xətai,Bakı,3218.18
6449236,365000,AZN,2,76.0,11,17,True,False,False,Elmlər Akademiyası,Bakı,4802.63
6491299,215000,AZN,2,65.0,5,9,True,False,False,İnşaatçılar,Bakı,3307.69
6484958,255000,AZN,3,90.0,5,9,True,False,False,Əhmədli,Bakı,2833.33
6449452,172000,AZN,3,78.0,11,16,True,False,False,Bayıl,Bakı,2205.13
6421322,377000,AZN,3,175.0,2,16,True,False,False,Elmlər Akademiyası,Bakı,2154.29
6491295,550000,AZN,3,136.0,15,16,True,False,False,28 May,Bakı,4044.12
6427125,362000,AZN,3,115.0,13,17,True,False,False,Elmlər Akademiyası,Bakı,3147.83
6145792,265000,AZN,2,100.0,4,16,True,False,False,Qara Qarayev,Bakı,2650.0
6392394,169000,AZN,3,90.0,4,7,True,False,False,Neftçilər,Bakı,1877.78
6491293,207000,AZN,2,61.0,5,5,True,False,False,Elmlər Akademiyası,Bakı,3393.44
6430446,388000,AZN,3,140.0,7,12,True,False,False,Elmlər Akademiyası,Bakı,2771.43
6486690,137000,AZN,2,50.0,1,9,True,False,False,7-ci mikrorayon,Bakı,2740.0
6334003,114000,AZN,2,30.0,5,5,True,False,False,Memar Əcəmi,Bakı,3800.0
5981017,290000,AZN,3,136.0,9,12,True,False,False,Əhmədli,Bakı,2132.35
6421999,305000,AZN,3,115.0,15,20,True,False,False,İnşaatçılar,Bakı,2652.17
6474537,190000,AZN,3,68.0,12,19,True,False,False,Azadlıq Prospekti,Bakı,2794.12
6491291,125000,AZN,2,45.0,3,5,True,False,False,Həzi Aslanov,Bakı,2777.78
6303374,157000,AZN,2,42.0,2,3,True,False,False,Bayıl,Bakı,3738.1
6478805,138000,AZN,3,78.0,9,12,True,False,False,Hövsan,Bakı,1769.23
6388134,238000,AZN,3,80.0,8,9,True,False,False,Xalqlar Dostluğu,Bakı,2975.0
6405570,538000,AZN,4,148.0,5,14,True,False,False,Nərimanov,Bakı,3635.14
6472005,154000,AZN,2,47.0,6,9,True,False,False,Koroğlu,Bakı,3276.6
6471342,325000,AZN,3,79.0,9,12,True,False,False,Nəsimi,Bakı,4113.92
6018658,155000,AZN,2,50.0,4,5,True,False,False,Memar Əcəmi,Bakı,3100.0
6469401,260000,AZN,2,95.0,13,16,True,False,False,Qara Qarayev,Bakı,2736.84
6468506,123000,AZN,2,30.0,5,5,True,False,False,Memar Əcəmi,Bakı,4100.0
6315901,320000,AZN,3,144.0,5,17,False,False,False,28 May,Bakı,2222.22
6060596,799000,AZN,4,247.0,16,18,False,False,False,28 May,Bakı,3234.82
6491285,268000,AZN,3,105.0,13,18,True,False,False,Nəriman Nərimanov,Bakı,2552.38
6491286,146000,AZN,2,55.0,4,5,True,False,False,İnşaatçılar,Bakı,2654.55
6491284,235000,AZN,3,117.0,4,6,True,False,False,Həzi Aslanov,Bakı,2008.55
6152088,650000,AZN,4,137.0,4,12,True,False,False,İçəri Şəhər,Bakı,4744.53
6491281,583000,AZN,4,170.0,9,17,True,False,False,Elmlər Akademiyası,Bakı,3429.41
6491278,435000,AZN,3,125.0,6,8,True,False,False,Nəriman Nərimanov,Bakı,3480.0
6290468,127000,AZN,2,40.0,3,5,True,False,False,Həzi Aslanov,Bakı,3175.0
6491276,210000,AZN,2,56.6,2,3,True,False,False,Bayıl,Bakı,3710.25
6404350,140000,AZN,1,35.0,8,9,True,False,False,Yasamal,Bakı,4000.0
6158383,400000,AZN,3,142.0,15,17,True,False,False,Nəriman Nərimanov,Bakı,2816.9
6462595,470000,AZN,3,160.0,3,16,True,False,False,Nəsimi,Bakı,2937.5
5761224,229000,AZN,3,96.0,16,16,True,False,False,İnşaatçılar,Bakı,2385.42
6491275,700000,AZN,4,160.0,17,19,True,False,False,Nəsimi,Bakı,4375.0
6485158,288000,AZN,3,110.0,7,20,True,False,False,Həzi Aslanov,Bakı,2618.18
6471780,175000,AZN,2,65.0,2,9,True,False,False,Badamdar,Bakı,2692.31
6491267,179000,AZN,2,52.0,3,9,True,False,False,Xalqlar Dostluğu,Bakı,3442.31
6491268,140000,AZN,2,35.0,5,5,True,False,False,Nizami,Bakı,4000.0
6407777,207000,AZN,2,60.6,5,5,True,False,False,Elmlər Akademiyası,Bakı,3415.84
6491266,205000,AZN,2,67.0,7,17,True,False,False,Həzi Aslanov,Bakı,3059.7
6491264,128000,AZN,3,61.0,5,5,True,False,False,Biləcəri,Bakı,2098.36
6480503,285000,AZN,2,100.0,8,18,True,False,False,Badamdar,Bakı,2850.0
6491261,148000,AZN,2,55.0,3,5,True,False,False,Həzi Aslanov,Bakı,2690.91
6491260,300000,AZN,3,100.0,9,10,True,False,False,Elmlər Akademiyası,Bakı,3000.0
6491258,165000,AZN,2,70.0,12,12,True,False,False,Qaraçuxur,Bakı,2357.14
6491257,165000,AZN,2,64.0,8,9,True,False,False,Əhmədli,Bakı,2578.12
6407681,285000,AZN,3,91.0,5,15,True,False,False,Həzi Aslanov,Bakı,3131.87
6491254,885000,AZN,4,235.0,4,17,True,False,False,Nərimanov,Bakı,3765.96
6491252,750000,AZN,3,176.0,6,7,True,False,False,Şah İsmayıl Xətai,Bakı,4261.36
6459113,359000,AZN,3,140.0,8,16,True,False,False,İnşaatçılar,Bakı,2564.29
6491253,814000,AZN,4,138.0,6,7,False,False,False,Ağ şəhər,Bakı,5898.55
6374702,280000,AZN,2,61.0,10,16,True,False,False,28 May,Bakı,4590.16
6491247,575000,AZN,3,127.0,5,12,True,False,False,Nəsimi,Bakı,4527.56
6491243,245000,AZN,4,96.0,4,5,True,False,False,Nəsimi,Bakı,2552.08
6491241,148000,AZN,2,48.0,3,5,True,False,False,Xətai,Bakı,3083.33
6491242,285000,AZN,3,91.0,5,15,True,False,False,Həzi Aslanov,Bakı,3131.87
6013968,415000,AZN,3,132.0,12,16,False,False,False,Nəriman Nərimanov,Bakı,3143.94
6491232,170000,AZN,2,45.0,3,5,True,False,False,Elmlər Akademiyası,Bakı,3777.78
6373995,650000,AZN,4,209.0,7,7,False,False,False,Sea Breeze,Bakı,3110.05
6491235,500000,AZN,4,160.0,17,17,False,False,False,Nəriman Nərimanov,Bakı,3125.0
6491234,309000,AZN,2,67.0,2,20,True,False,False,Şah İsmayıl Xətai,Bakı,4611.94
4595796,275000,AZN,3,120.0,3,14,False,False,False,Memar Əcəmi,Bakı,2291.67
6491225,165000,AZN,2,66.0,7,14,False,False,False,Həzi Aslanov,Bakı,2500.0
5831354,360000,AZN,4,180.0,2,15,False,False,False,Xalqlar Dostluğu,Bakı,2000.0
6247917,320000,AZN,3,110.0,10,11,True,False,False,Qara Qarayev,Bakı,2909.09
6491231,365000,AZN,3,130.0,13,17,True,False,False,Elmlər Akademiyası,Bakı,2807.69
6491230,210000,AZN,3,76.0,3,10,True,False,False,Əhmədli,Bakı,2763.16
6491229,345000,AZN,3,125.0,5,18,True,False,False,Yeni Yasamal,Bakı,2760.0
6392753,87000,AZN,2,40.0,6,9,True,False,False,Xətai,Bakı,2175.0
6330399,288000,AZN,3,90.0,4,13,True,False,False,Neftçilər,Bakı,3200.0
6491227,180000,AZN,2,78.0,13,17,True,False,False,Yeni Yasamal,Bakı,2307.69
6406130,295000,AZN,4,110.0,11,17,True,False,False,Xalqlar Dostluğu,Bakı,2681.82
5780857,78000,AZN,3,71.0,4,4,True,False,False,Masazır,Bakı,1098.59
6491226,355000,AZN,2,84.0,13,14,True,False,False,Nərimanov,Bakı,4226.19
6218151,235000,AZN,4,100.0,8,9,True,False,False,Əhmədli,Bakı,2350.0
6297212,238000,AZN,2,110.0,11,13,True,False,False,Memar Əcəmi,Bakı,2163.64
6406190,400000,AZN,3,135.0,8,17,True,False,False,28 May,Bakı,2962.96
6408229,265000,AZN,3,131.0,2,17,True,False,False,Həzi Aslanov,Bakı,2022.9
6491223,313000,AZN,3,131.0,10,17,True,False,False,Memar Əcəmi,Bakı,2389.31
6315365,260000,AZN,3,110.0,16,17,True,False,False,Xalqlar Dostluğu,Bakı,2363.64
5858048,138000,AZN,1,35.0,5,5,True,False,False,Yasamal,Bakı,3942.86
6302237,182000,AZN,3,85.0,1,9,True,False,False,Həzi Aslanov,Bakı,2141.18
6477441,90000,AZN,2,55.0,2,6,True,False,False,Masazır,Bakı,1636.36
6483845,327000,AZN,4,163.7,13,14,False,False,False,Bakıxanov,Bakı,1997.56
5979682,235000,AZN,4,105.0,8,9,True,False,False,Həzi Aslanov,Bakı,2238.1
6405356,200000,AZN,2,83.0,9,9,True,False,False,Nərimanov,Bakı,2409.64
6406090,175000,AZN,3,85.0,9,9,True,False,False,Neftçilər,Bakı,2058.82
6281589,245000,AZN,2,47.0,5,5,True,False,False,28 May,Bakı,5212.77
6491218,185000,AZN,3,125.0,7,16,False,False,False,Binəqədi,Bakı,1480.0
6491217,260000,AZN,3,80.0,5,5,True,False,False,28 May,Bakı,3250.0
6491216,445000,AZN,3,100.0,1,2,True,False,False,İçəri Şəhər,Bakı,4450.0
6389684,187000,AZN,3,70.0,3,5,True,False,False,Neftçilər,Bakı,2671.43
6491206,550000,AZN,3,175.0,21,24,True,False,False,Nizami,Bakı,3142.86
6408022,600000,AZN,3,157.0,5,17,True,False,False,28 May,Bakı,3821.66
6491208,650000,AZN,4,190.0,17,18,False,False,False,28 May,Bakı,3421.05
6164602,79500,AZN,2,44.0,4,6,True,False,False,Masazır,Bakı,1806.82
6164984,175000,AZN,3,70.0,2,5,True,False,False,Xalqlar Dostluğu,Bakı,2500.0
6324818,140000,AZN,2,60.0,2,5,True,False,False,Əhmədli,Bakı,2333.33
6407528,169000,AZN,3,85.0,1,9,True,False,False,Xalqlar Dostluğu,Bakı,1988.24
6435275,440000,AZN,3,170.0,17,18,True,False,False,Nərimanov,Bakı,2588.24
6491200,86000,AZN,2,72.0,5,6,True,False,False,Masazır,Bakı,1194.44
6451270,235000,AZN,3,85.0,8,9,True,False,False,Neftçilər,Bakı,2764.71
6193987,465000,AZN,4,131.0,16,17,True,False,False,Nəsimi,Bakı,3549.62
6491201,112000,AZN,1,25.0,2,4,True,False,False,Nəriman Nərimanov,Bakı,4480.0
6491199,350000,AZN,4,174.5,17,17,False,False,False,Nəriman Nərimanov,Bakı,2005.73
6442790,245000,AZN,3,85.0,3,9,True,False,False,Qara Qarayev,Bakı,2882.35
6345134,320000,AZN,3,135.0,8,8,True,False,False,Memar Əcəmi,Bakı,2370.37
6420297,155000,AZN,3,75.0,17,17,True,False,False,Neftçilər,Bakı,2066.67
6491198,235000,AZN,2,98.0,8,18,True,False,False,Neftçilər,Bakı,2397.96
6491197,1169000,AZN,5,272.0,7,14,False,False,False,Gənclik,Bakı,4297.79
6440078,310000,AZN,3,105.0,8,16,True,False,False,Neftçilər,Bakı,2952.38
6491193,459000,AZN,3,160.0,13,15,True,False,False,28 May,Bakı,2868.75
6431601,130000,AZN,2,43.0,8,9,True,False,False,Memar Əcəmi,Bakı,3023.26
6344397,365000,AZN,3,112.0,14,14,True,False,False,Nəsimi,Bakı,3258.93
6491191,238000,AZN,3,68.0,4,5,True,False,False,Nəriman Nərimanov,Bakı,3500.0
6066881,82000,AZN,2,53.0,4,5,True,False,False,Masazır,Bakı,1547.17
6161535,75000,AZN,2,44.0,4,6,True,False,False,Masazır,Bakı,1704.55
6396623,242000,AZN,3,103.0,17,17,True,False,False,Səbail,Bakı,2349.51
6437697,330000,AZN,3,145.0,11,18,False,False,False,Neftçilər,Bakı,2275.86
6491188,170000,AZN,2,45.5,4,4,True,False,False,Sabunçu,Bakı,3736.26
6373538,139900,AZN,2,48.0,7,9,True,False,False,Memar Əcəmi,Bakı,2914.58
6439529,235000,AZN,2,79.0,11,16,True,False,False,Qara Qarayev,Bakı,2974.68
6491185,185000,AZN,3,70.0,2,5,True,False,False,İnşaatçılar,Bakı,2642.86
6491172,80000,AZN,2,58.7,3,6,True,False,False,Masazır,Bakı,1362.86
6405102,139000,AZN,1,50.0,2,2,True,False,False,İçəri Şəhər,Bakı,2780.0
6491183,493000,AZN,3,136.0,6,7,True,False,False,Sabunçu,Bakı,3625.0
6245505,145000,AZN,2,60.0,2,4,True,False,False,Xətai,Bakı,2416.67
6491182,166000,AZN,3,65.0,5,9,True,False,False,Həzi Aslanov,Bakı,2553.85
6407992,165000,AZN,2,65.0,8,9,True,False,False,Əhmədli,Bakı,2538.46
6491180,232000,AZN,3,104.0,17,21,False,False,False,Xətai,Bakı,2230.77
6491178,240000,AZN,5,120.0,5,9,True,False,False,Əhmədli,Bakı,2000.0
6491176,115000,AZN,2,48.0,1,4,True,False,False,Həzi Aslanov,Bakı,2395.83
6451562,365000,AZN,2,110.0,16,18,False,False,False,28 May,Bakı,3318.18
6491170,189000,AZN,3,140.0,7,18,False,False,False,İnşaatçılar,Bakı,1350.0
6491166,283500,AZN,3,105.0,17,17,False,False,False,Nəriman Nərimanov,Bakı,2700.0
6337276,460000,AZN,3,145.0,10,17,False,False,False,28 May,Bakı,3172.41
6491169,543000,AZN,3,137.0,8,8,False,False,False,Ağ şəhər,Bakı,3963.5
6491167,165000,AZN,1,79.0,1,17,True,False,False,Əhmədli,Bakı,2088.61
6477219,279000,AZN,3,90.0,2,5,True,True,False,Qara Qarayev,Bakı,3100.0
6491157,600000,AZN,3,125.0,12,17,True,False,False,Nizami,Bakı,4800.0
6491159,158000,AZN,2,56.0,15,18,True,False,False,Memar Əcəmi,Bakı,2821.43
6491158,140000,AZN,2,35.0,5,5,True,False,False,Nizami,Bakı,4000.0
6491156,162000,AZN,2,65.0,3,5,True,False,False,Həzi Aslanov,Bakı,2492.31
6491154,175000,AZN,3,65.0,4,9,True,False,False,Xətai,Bakı,2692.31
6479260,160000,AZN,2,81.0,3,4,True,False,False,Yeni Günəşli,Bakı,1975.31
6491155,250000,AZN,3,140.0,13,13,True,False,False,Əhmədli,Bakı,1785.71
5982939,233000,AZN,2,92.0,3,17,True,False,False,Memar Əcəmi,Bakı,2532.61
6491151,310000,AZN,3,120.0,2,14,True,False,False,Neftçilər,Bakı,2583.33
6491150,180000,AZN,1,72.0,14,17,False,False,False,Əhmədli,Bakı,2500.0
6187295,245000,AZN,2,77.0,2,16,True,False,False,20 Yanvar,Bakı,3181.82
6297289,599000,AZN,3,130.0,3,5,True,False,False,Sahil,Bakı,4607.69
6491148,207000,AZN,2,70.0,5,5,True,False,False,Elmlər Akademiyası,Bakı,2957.14
6404294,89000,AZN,2,41.0,1,13,True,False,False,Abşeron,Xırdalan,2170.73
6481366,365000,AZN,3,115.0,5,15,True,False,False,Nizami,Bakı,3173.91
6328276,262000,AZN,3,120.0,14,17,True,False,False,İnşaatçılar,Bakı,2183.33
6491143,450000,AZN,3,100.0,3,3,True,False,False,İçəri Şəhər,Bakı,4500.0
6291407,449000,AZN,3,95.0,9,17,True,False,False,28 May,Bakı,4726.32
6319157,265000,AZN,3,110.0,13,14,True,False,False,Xalqlar Dostluğu,Bakı,2409.09
6491140,164000,AZN,2,40.0,1,5,True,False,False,Nəriman Nərimanov,Bakı,4100.0
5344346,338000,AZN,3,154.0,13,17,False,False,False,Bayıl,Bakı,2194.81
6491139,395000,AZN,4,172.0,4,16,True,False,False,Nəsimi,Bakı,2296.51
6459925,170000,AZN,2,55.0,1,17,True,False,False,Bayıl,Bakı,3090.91
6479186,750000,AZN,4,165.0,4,7,True,False,False,Ağ şəhər,Bakı,4545.45
5914263,295000,AZN,3,90.0,10,16,True,False,False,Qara Qarayev,Bakı,3277.78
6491135,145000,AZN,1,40.0,1,5,True,False,False,Memar Əcəmi,Bakı,3625.0
6463090,230000,AZN,3,90.0,10,18,True,False,False,Həzi Aslanov,Bakı,2555.56
6491134,750000,AZN,4,195.0,9,16,True,False,False,8-ci mikrorayon,Bakı,3846.15
6491133,220000,AZN,2,60.4,4,13,True,False,False,Əhmədli,Bakı,3642.38
6068871,249000,AZN,3,85.0,16,19,True,False,False,20 Yanvar,Bakı,2929.41
6491132,222000,AZN,2,50.0,13,18,True,False,False,İnşaatçılar,Bakı,4440.0
6491131,205000,AZN,2,53.0,14,19,True,False,False,20 Yanvar,Bakı,3867.92
5872935,207000,AZN,3,80.0,9,9,True,False,False,Elmlər Akademiyası,Bakı,2587.5
6491129,535000,AZN,3,150.0,6,16,True,False,False,28 May,Bakı,3566.67
6477579,425000,AZN,4,178.0,12,13,False,False,False,Koroğlu,Bakı,2387.64
6491127,250000,AZN,3,80.0,1,9,True,False,False,Nəsimi,Bakı,3125.0
6491123,290000,AZN,3,112.0,11,14,False,False,False,7-ci mikrorayon,Bakı,2589.29
6491119,748000,AZN,3,145.0,8,18,False,False,False,Gənclik,Bakı,5158.62
5484768,153000,AZN,3,85.0,1,9,True,False,False,Həzi Aslanov,Bakı,1800.0
6491118,155000,AZN,2,77.0,6,12,False,False,False,Qaraçuxur,Bakı,2012.99
6472281,323000,AZN,3,99.0,7,17,True,False,False,Koroğlu,Bakı,3262.63
6262400,460000,AZN,3,92.0,15,20,True,False,False,Şah İsmayıl Xətai,Bakı,5000.0
5913705,650000,AZN,3,120.0,15,17,True,False,False,Elmlər Akademiyası,Bakı,5416.67
6491116,250000,AZN,4,135.0,2,9,True,False,False,Masazır,Bakı,1851.85
6452559,600000,AZN,7,340.0,12,13,True,False,False,Nizami,Bakı,1764.71
6443504,375000,AZN,3,100.0,3,16,True,False,False,28 May,Bakı,3750.0
6491111,125000,AZN,2,30.0,4,5,True,False,False,Memar Əcəmi,Bakı,4166.67
6431632,495000,AZN,3,153.0,4,17,True,False,False,Nəsimi,Bakı,3235.29
6491108,188000,AZN,2,50.0,3,5,True,False,False,Elmlər Akademiyası,Bakı,3760.0
6407240,385000,AZN,3,86.0,19,20,True,False,False,Nəsimi,Bakı,4476.74
6491107,220000,AZN,3,90.0,10,16,True,False,False,Həzi Aslanov,Bakı,2444.44
6491105,172000,AZN,2,50.0,3,5,True,False,False,Qara Qarayev,Bakı,3440.0
6326143,135000,AZN,3,70.0,2,9,True,False,False,Yeni Günəşli,Bakı,1928.57
6491101,232000,AZN,3,117.0,4,6,True,False,False,Əhmədli,Bakı,1982.91
6491100,192000,AZN,2,65.0,6,9,True,False,False,Əhmədli,Bakı,2953.85
6491095,165000,AZN,3,70.0,8,9,True,False,False,Yeni Günəşli,Bakı,2357.14
6491097,330000,AZN,3,125.0,14,17,True,False,False,Qara Qarayev,Bakı,2640.0
6478586,178000,AZN,2,63.0,8,18,True,False,False,Memar Əcəmi,Bakı,2825.4
6491098,270000,AZN,3,85.0,14,16,True,False,False,İnşaatçılar,Bakı,3176.47
6491094,224000,AZN,3,114.0,8,12,False,False,False,Xətai,Bakı,1964.91
6463686,1350000,AZN,5,230.0,16,17,True,False,False,Elmlər Akademiyası,Bakı,5869.57
6478544,550000,AZN,4,180.0,10,15,True,False,False,28 May,Bakı,3055.56
6244320,128000,AZN,2,64.5,4,6,False,False,False,Həzi Aslanov,Bakı,1984.5
5923928,134000,AZN,2,50.0,5,5,True,False,False,Xalqlar Dostluğu,Bakı,2680.0
6491090,245000,AZN,2,77.0,2,16,True,False,False,20 Yanvar,Bakı,3181.82
6239853,145000,AZN,2,50.0,4,5,True,False,False,Neftçilər,Bakı,2900.0
5963609,179000,AZN,3,85.0,6,9,True,False,False,Həzi Aslanov,Bakı,2105.88
6491084,225000,AZN,2,74.0,16,17,True,False,False,Gənclik,Bakı,3040.54
6490361,170000,AZN,2,90.0,1,1,True,False,False,Yasamal,Bakı,1888.89
6461908,121000,AZN,3,60.0,7,16,True,False,False,Abşeron,Xırdalan,2016.67
6341116,259000,AZN,3,110.0,6,19,True,False,False,Yeni Yasamal,Bakı,2354.55
6491081,210000,AZN,2,65.0,14,15,True,False,False,Həzi Aslanov,Bakı,3230.77
6407544,850000,AZN,4,220.0,11,14,False,False,False,Nizami,Bakı,3863.64
6491080,137000,AZN,2,42.0,5,5,True,False,False,Nəriman Nərimanov,Bakı,3261.9
6491078,340000,AZN,2,102.0,4,20,True,False,False,Şah İsmayıl Xətai,Bakı,3333.33
6490873,289000,AZN,2,90.0,5,18,True,False,False,Elmlər Akademiyası,Bakı,3211.11
6491077,168000,AZN,2,55.0,3,5,True,False,False,Elmlər Akademiyası,Bakı,3054.55
6185205,540000,AZN,3,116.0,11,18,True,False,False,Elmlər Akademiyası,Bakı,4655.17
6479176,145000,AZN,2,50.0,1,5,True,False,False,Həzi Aslanov,Bakı,2900.0
6491073,220000,AZN,4,105.0,4,5,True,False,False,Əhmədli,Bakı,2095.24
6405647,78000,AZN,2,56.0,1,6,True,False,False,Masazır,Bakı,1392.86
6491076,210000,AZN,2,55.0,3,4,True,False,False,Elmlər Akademiyası,Bakı,3818.18
6112611,215000,AZN,3,87.0,2,9,True,False,False,İnşaatçılar,Bakı,2471.26
6144668,75000,AZN,2,44.0,4,6,True,False,False,Masazır,Bakı,1704.55
6491075,235000,AZN,3,85.0,3,5,True,False,False,Nəsimi,Bakı,2764.71
6450422,305000,AZN,2,95.0,8,18,True,False,False,Gənclik,Bakı,3210.53
6490913,179000,AZN,3,80.0,14,14,True,False,False,Xətai,Bakı,2237.5
6117681,150000,AZN,2,93.0,15,16,True,False,False,Abşeron,Xırdalan,1612.9
6491070,920000,AZN,4,165.0,3,7,True,False,False,Ağ şəhər,Bakı,5575.76
6491066,129000,AZN,2,48.0,4,9,True,False,False,Yeni Yasamal,Bakı,2687.5
6491064,160000,AZN,2,65.0,19,20,True,False,False,Əhmədli,Bakı,2461.54
5828501,255000,AZN,3,90.0,10,12,True,False,False,Badamdar,Bakı,2833.33
6491060,470000,AZN,2,96.0,5,7,False,False,False,Ağ şəhər,Bakı,4895.83
6491062,160000,AZN,3,80.0,9,9,True,False,False,M.Ə.Rəsulzadə,Bakı,2000.0
6413606,300000,AZN,3,92.0,4,12,True,False,False,İnşaatçılar,Bakı,3260.87
6491059,270000,AZN,3,130.0,11,13,True,False,False,Yeni Yasamal,Bakı,2076.92
6491058,655000,AZN,3,148.0,6,20,True,False,False,İçəri Şəhər,Bakı,4425.68
6485526,400000,AZN,4,130.0,3,10,True,False,False,Nizami,Bakı,3076.92
6491057,115000,AZN,2,55.0,1,4,True,False,False,Həzi Aslanov,Bakı,2090.91
6491052,177000,AZN,2,49.0,11,16,True,False,False,Yasamal,Bakı,3612.24
6491048,160000,AZN,2,52.0,1,5,True,False,False,Nəriman Nərimanov,Bakı,3076.92
6361114,290000,AZN,3,118.0,10,17,True,False,False,Həzi Aslanov,Bakı,2457.63
6458710,335000,AZN,3,110.0,15,17,True,False,False,Nərimanov,Bakı,3045.45
6407662,220000,AZN,2,68.0,5,6,True,False,False,Səbail,Bakı,3235.29
6491045,405000,AZN,3,140.0,8,16,False,False,False,Nəsimi,Bakı,2892.86
6491043,320000,AZN,3,145.0,3,18,True,False,False,İnşaatçılar,Bakı,2206.9
5826171,425000,AZN,2,81.8,8,20,False,False,False,Ağ şəhər,Bakı,5195.6
6453850,193000,AZN,2,54.9,4,18,True,False,False,Əhmədli,Bakı,3515.48
6235255,814200,AZN,3,135.7,6,8,False,False,False,Ağ şəhər,Bakı,6000.0
6491039,162000,AZN,2,50.0,3,5,True,False,False,Neftçilər,Bakı,3240.0
6491033,850000,AZN,4,195.0,12,20,False,False,False,Xətai,Bakı,4358.97
6165940,325000,AZN,3,100.0,5,16,True,False,False,Nizami,Bakı,3250.0
6491035,1200000,AZN,4,213.0,5,10,False,False,False,Ağ şəhər,Bakı,5633.8
6491034,148000,AZN,3,55.0,3,5,True,False,False,Həzi Aslanov,Bakı,2690.91
6491032,289000,AZN,3,100.0,15,21,True,False,False,Həzi Aslanov,Bakı,2890.0
6030809,385000,AZN,3,101.0,10,12,True,False,False,Nizami,Bakı,3811.88
6399318,145000,AZN,1,35.0,4,5,True,False,False,İçəri Şəhər,Bakı,4142.86
6407709,380000,AZN,3,136.0,4,16,True,False,False,İnşaatçılar,Bakı,2794.12
6406771,310000,AZN,3,90.0,8,14,True,False,False,Əhmədli,Bakı,3444.44
6407305,166000,AZN,3,62.0,8,12,True,False,False,İnşaatçılar,Bakı,2677.42
6458741,81500,AZN,3,50.0,6,8,False,False,False,Masazır,Bakı,1630.0
6300686,414000,AZN,2,65.0,3,7,True,False,False,Ağ şəhər,Bakı,6369.23
6394856,230000,AZN,3,70.0,2,5,True,False,False,Elmlər Akademiyası,Bakı,3285.71
6407226,195000,AZN,2,71.0,5,22,True,False,False,İnşaatçılar,Bakı,2746.48
6446660,168000,AZN,2,72.0,21,22,True,False,False,Yeni Yasamal,Bakı,2333.33
6445892,260000,AZN,3,120.0,14,17,True,False,False,Həzi Aslanov,Bakı,2166.67
6389259,195000,AZN,5,115.0,9,9,True,False,False,Köhnə Günəşli,Bakı,1695.65
6491023,148000,AZN,2,40.0,2,17,True,False,False,Qara Qarayev,Bakı,3700.0
6491020,395000,AZN,6,172.0,4,16,True,False,False,Nəsimi,Bakı,2296.51
6377480,118000,AZN,2,45.0,8,9,True,False,False,Xalqlar Dostluğu,Bakı,2622.22
6407580,340000,AZN,3,95.0,14,19,True,False,False,İnşaatçılar,Bakı,3578.95
6491010,304000,AZN,3,118.0,9,14,False,False,False,Ulduz,Bakı,2576.27
6422188,43000,AZN,2,37.3,3,6,False,False,False,Masazır,Bakı,1152.82
6466916,470000,AZN,3,160.0,3,16,True,False,False,Nizami,Bakı,2937.5
6369439,130000,AZN,2,50.0,5,5,True,False,False,28 May,Bakı,2600.0
6292910,470000,AZN,3,144.0,8,10,True,False,False,Elmlər Akademiyası,Bakı,3263.89
6491009,115000,AZN,1,35.0,1,5,True,False,False,Memar Əcəmi,Bakı,3285.71
6087017,225000,AZN,3,90.0,2,16,True,False,False,Nəsimi,Bakı,2500.0
6387425,300000,AZN,2,70.0,4,21,True,False,False,Nərimanov,Bakı,4285.71
6491007,220000,AZN,3,96.0,10,16,True,False,False,Xətai,Bakı,2291.67
6491003,188000,AZN,2,65.0,5,5,True,False,False,Yasamal,Bakı,2892.31
6296610,458000,AZN,3,117.0,8,17,True,False,False,Gənclik,Bakı,3914.53
6491005,430000,AZN,3,148.0,14,27,False,False,False,8 Noyabr,Bakı,2905.41
6164472,445000,AZN,3,118.0,2,16,True,False,False,28 May,Bakı,3771.19
6465348,170000,AZN,3,70.0,5,5,True,False,False,Xalqlar Dostluğu,Bakı,2428.57
6479074,620000,AZN,3,102.0,2,3,True,False,False,Sahil,Bakı,6078.43
6332922,255000,AZN,2,57.5,3,17,True,False,False,Nəriman Nərimanov,Bakı,4434.78
6491002,265000,AZN,3,85.0,4,9,True,False,False,Elmlər Akademiyası,Bakı,3117.65
6491001,450000,AZN,3,90.0,10,10,True,False,False,28 May,Bakı,5000.0
6490995,200000,AZN,3,120.0,11,12,True,False,False,Abşeron,Xırdalan,1666.67
6220090,169999,AZN,3,61.0,1,9,True,False,False,20 Yanvar,Bakı,2786.87
6490994,180000,AZN,2,87.4,6,9,False,False,False,Avtovağzal,Bakı,2059.5
6490993,225000,AZN,2,85.0,12,13,True,False,False,Əhmədli,Bakı,2647.06
6427273,160000,AZN,2,65.0,6,9,True,False,False,Əhmədli,Bakı,2461.54
5892308,135000,AZN,1,58.6,4,9,False,False,False,Sea Breeze,Bakı,2303.75
6490982,175000,AZN,3,85.0,8,9,True,False,False,Yeni Günəşli,Bakı,2058.82
6398057,220000,AZN,4,120.0,2,5,True,False,False,Neftçilər,Bakı,1833.33
6490983,125000,AZN,1,40.0,1,3,True,False,False,28 May,Bakı,3125.0
6490965,255000,AZN,3,85.0,5,9,True,False,False,Əhmədli,Bakı,3000.0
6407673,285000,AZN,3,91.0,5,15,True,False,False,Həzi Aslanov,Bakı,3131.87
5233133,230000,AZN,3,70.0,2,5,True,False,False,Elmlər Akademiyası,Bakı,3285.71
6490976,140000,AZN,1,33.0,2,5,True,False,False,Nərimanov,Bakı,4242.42
6328650,200000,AZN,2,65.0,5,9,True,False,False,Gənclik,Bakı,3076.92
6403806,188000,AZN,2,45.0,4,5,True,False,False,Elmlər Akademiyası,Bakı,4177.78
6490969,185000,AZN,4,110.0,1,5,True,False,False,Qaraçuxur,Bakı,1681.82
6474806,169000,AZN,2,70.0,5,5,True,False,False,Badamdar,Bakı,2414.29
6490973,394000,AZN,3,128.0,11,18,True,False,False,Nərimanov,Bakı,3078.12
6490974,345000,AZN,3,125.0,5,18,True,False,False,Yasamal,Bakı,2760.0
6473845,220000,AZN,4,100.0,3,9,True,False,False,Həzi Aslanov,Bakı,2200.0
6490967,89500,AZN,2,70.0,3,6,True,False,False,Masazır,Bakı,1278.57
6490970,195000,AZN,2,55.0,3,17,True,False,False,İnşaatçılar,Bakı,3545.45
6441732,318000,AZN,2,110.0,6,17,False,False,False,Yasamal,Bakı,2890.91
6490966,210000,AZN,3,103.0,20,22,True,False,False,Yeni Yasamal,Bakı,2038.83
6490964,425000,AZN,3,127.0,12,14,True,False,False,Qara Qarayev,Bakı,3346.46
6418380,310000,AZN,3,90.0,7,15,True,False,False,Həzi Aslanov,Bakı,3444.44
6478127,127000,AZN,2,55.0,5,5,True,False,False,Badamdar,Bakı,2309.09
6480633,175000,AZN,2,60.0,14,18,True,False,False,Həzi Aslanov,Bakı,2916.67
6490955,145000,AZN,3,70.0,2,5,True,False,False,Azadlıq Prospekti,Bakı,2071.43
6378560,230000,AZN,3,63.0,9,9,True,False,False,Azadlıq Prospekti,Bakı,3650.79
6490957,379000,AZN,3,107.0,6,13,True,False,False,8 Noyabr,Bakı,3542.06
6490949,150000,AZN,3,72.0,8,9,True,False,False,Biləcəri,Bakı,2083.33
6490947,262000,AZN,3,115.0,13,17,True,False,False,İnşaatçılar,Bakı,2278.26
6314032,208000,AZN,3,80.0,2,9,True,False,False,Xalqlar Dostluğu,Bakı,2600.0
6490945,230000,AZN,2,75.0,14,17,True,False,False,Azadlıq Prospekti,Bakı,3066.67
6490944,455000,AZN,3,156.0,17,17,True,False,False,28 May,Bakı,2916.67
6490943,125000,AZN,2,29.7,4,5,True,False,False,20 Yanvar,Bakı,4208.75
5842561,335000,AZN,4,115.0,2,4,True,False,False,Nizami,Bakı,2913.04
6490939,595000,AZN,4,220.0,11,13,True,False,False,Gənclik,Bakı,2704.55
6347718,265000,AZN,3,123.0,12,13,True,False,False,Yeni Yasamal,Bakı,2154.47
5922239,188000,AZN,3,80.0,9,9,True,False,False,Həzi Aslanov,Bakı,2350.0
6490933,480000,AZN,3,134.0,3,18,True,False,False,Nəsimi,Bakı,3582.09
6465565,190000,AZN,3,75.0,3,9,True,False,False,Xalqlar Dostluğu,Bakı,2533.33
6490934,128000,AZN,3,60.0,4,16,True,False,False,Abşeron,Xırdalan,2133.33
6407758,205000,AZN,2,70.0,7,12,True,False,False,Yeni Yasamal,Bakı,2928.57
6490931,400000,AZN,3,135.0,11,16,False,False,False,Şah İsmayıl Xətai,Bakı,2962.96
6469164,575000,AZN,4,144.0,14,16,True,False,False,Nəriman Nərimanov,Bakı,3993.06
6490929,230000,AZN,4,105.0,3,9,True,False,False,Xalqlar Dostluğu,Bakı,2190.48
6436480,355000,AZN,3,145.0,3,17,True,False,False,Həzi Aslanov,Bakı,2448.28
6282305,920000,AZN,8,412.0,16,17,True,False,False,Elmlər Akademiyası,Bakı,2233.01
5883735,254000,AZN,3,133.0,11,16,False,False,False,Həzi Aslanov,Bakı,1909.77
6490916,127000,AZN,2,36.0,3,5,True,False,False,Həzi Aslanov,Bakı,3527.78
6490917,348000,AZN,3,156.0,12,17,False,False,False,Bayıl,Bakı,2230.77
6490914,195000,AZN,2,57.0,3,19,True,False,False,İnşaatçılar,Bakı,3421.05
6490911,397000,AZN,3,137.0,8,17,False,False,False,Nərimanov,Bakı,2897.81
6490912,335000,AZN,2,75.0,14,22,True,False,False,Ağ şəhər,Bakı,4466.67
6401392,170000,AZN,2,58.0,7,9,True,False,False,Xalqlar Dostluğu,Bakı,2931.03
6320419,115000,AZN,2,47.0,5,5,True,False,False,Həzi Aslanov,Bakı,2446.81
6482816,188000,AZN,2,52.0,5,5,True,False,False,Yasamal,Bakı,3615.38
6490907,192000,AZN,2,78.0,3,7,True,False,False,Həzi Aslanov,Bakı,2461.54
6305998,590000,AZN,4,220.0,6,17,True,False,False,Elmlər Akademiyası,Bakı,2681.82
6490900,155000,AZN,2,55.0,1,5,True,False,False,Azadlıq Prospekti,Bakı,2818.18
6490899,137000,AZN,2,35.0,3,5,True,False,False,Elmlər Akademiyası,Bakı,3914.29
6490893,440000,AZN,3,125.0,5,18,True,False,False,Nizami,Bakı,3520.0
6159263,188000,AZN,2,62.0,3,13,True,False,False,Əhmədli,Bakı,3032.26
5649358,290000,AZN,3,122.0,4,7,False,False,False,İnşaatçılar,Bakı,2377.05
5001257,350000,AZN,3,158.0,2,16,True,False,False,Şah İsmayıl Xətai,Bakı,2215.19
6488488,489000,AZN,3,125.0,8,16,True,False,False,Nizami,Bakı,3912.0
6490898,235000,AZN,3,75.0,3,9,True,False,False,Gənclik,Bakı,3133.33
4466675,420000,AZN,3,132.0,5,15,True,False,False,İnşaatçılar,Bakı,3181.82
6490896,320000,AZN,3,102.0,12,14,True,False,False,28 May,Bakı,3137.25
6490894,388000,AZN,3,132.0,5,16,True,False,False,Şah İsmayıl Xətai,Bakı,2939.39
6278425,315000,AZN,3,155.0,14,17,False,False,False,Xətai,Bakı,2032.26
6379002,525000,AZN,4,201.0,13,17,True,False,False,Nəsimi,Bakı,2611.94
6490889,258000,AZN,3,106.0,14,17,True,False,False,Həzi Aslanov,Bakı,2433.96
6376143,148000,AZN,2,34.0,2,17,True,False,False,Qara Qarayev,Bakı,4352.94
6357487,387000,AZN,2,85.0,8,16,True,False,False,Şah İsmayıl Xətai,Bakı,4552.94
6490884,258000,AZN,3,87.0,3,14,True,False,False,Neftçilər,Bakı,2965.52
6135792,480000,AZN,3,95.0,4,20,True,False,False,Ağ şəhər,Bakı,5052.63
5963267,245000,AZN,2,65.0,15,17,True,False,False,28 May,Bakı,3769.23
6314879,370000,AZN,3,130.0,8,18,False,False,False,Nəsimi,Bakı,2846.15
6490881,241000,AZN,5,100.0,6,9,False,False,False,Xalqlar Dostluğu,Bakı,2410.0
6345663,289000,AZN,3,98.0,15,20,True,False,False,Həzi Aslanov,Bakı,2948.98
6406469,285000,AZN,4,120.0,10,11,True,False,False,İnşaatçılar,Bakı,2375.0
6469014,330000,AZN,3,130.0,11,16,True,False,False,20 Yanvar,Bakı,2538.46
6490868,162000,AZN,3,60.0,5,5,True,False,False,Nəriman Nərimanov,Bakı,2700.0
5847627,235000,AZN,3,75.0,2,5,True,False,False,Elmlər Akademiyası,Bakı,3133.33
6490874,265000,AZN,3,83.0,14,16,True,False,False,Yasamal,Bakı,3192.77
6446869,299000,AZN,2,98.0,15,16,False,False,False,Nərimanov,Bakı,3051.02
6355119,322000,AZN,3,128.0,4,17,True,False,False,Nəsimi,Bakı,2515.62
6490872,160000,AZN,2,42.5,15,15,True,False,False,Əhmədli,Bakı,3764.71
5914450,250000,AZN,3,140.0,13,13,True,False,False,Əhmədli,Bakı,1785.71
6490687,213200,AZN,1,41.0,2,30,True,False,False,Sea Breeze,Bakı,5200.0
6471816,210000,AZN,2,68.0,14,16,True,False,False,Həzi Aslanov,Bakı,3088.24
6490871,360000,AZN,3,96.0,4,4,True,False,False,28 May,Bakı,3750.0
6490869,210000,AZN,2,65.0,14,16,True,False,False,Həzi Aslanov,Bakı,3230.77
6490865,450000,AZN,4,202.0,7,12,True,False,False,Gənclik,Bakı,2227.72
6306806,235000,AZN,3,75.0,7,9,True,False,False,Nəriman Nərimanov,Bakı,3133.33
6490867,242000,AZN,3,88.0,7,19,True,False,False,Həzi Aslanov,Bakı,2750.0
6489558,119000,AZN,1,56.0,1,6,True,False,False,Qara Qarayev,Bakı,2125.0
6164652,468000,AZN,3,117.0,10,11,True,False,False,28 May,Bakı,4000.0
6490858,258000,AZN,3,95.0,3,9,True,False,False,İnşaatçılar,Bakı,2715.79
6394465,285000,AZN,2,69.0,13,15,True,False,False,Nizami,Bakı,4130.43
6490854,157800,AZN,2,55.0,2,5,True,False,False,Memar Əcəmi,Bakı,2869.09
6490853,330000,AZN,3,96.0,14,19,True,False,False,İnşaatçılar,Bakı,3437.5
6240387,512000,AZN,3,129.0,12,17,True,False,False,Koroğlu,Bakı,3968.99
6490851,408000,AZN,4,153.0,5,19,True,False,False,Nəriman Nərimanov,Bakı,2666.67
5838781,250000,AZN,3,130.0,11,11,True,False,False,Nəriman Nərimanov,Bakı,1923.08
5827087,295000,AZN,3,112.0,9,10,True,False,False,İnşaatçılar,Bakı,2633.93
6316998,345000,AZN,2,68.0,4,17,True,False,False,Elmlər Akademiyası,Bakı,5073.53
6490847,173000,AZN,3,80.0,11,14,True,False,False,Suraxanı,Bakı,2162.5
6128932,295000,AZN,3,91.0,2,5,True,False,False,Nərimanov,Bakı,3241.76
6163539,335000,AZN,2,68.0,7,17,True,False,False,Elmlər Akademiyası,Bakı,4926.47
6372371,385000,AZN,3,147.0,2,12,True,False,False,Suraxanı,Bakı,2619.05
6490840,398000,AZN,3,140.0,5,18,True,False,False,Nəriman Nərimanov,Bakı,2842.86
6490837,340000,AZN,2,102.0,5,19,True,False,False,Şah İsmayıl Xətai,Bakı,3333.33
6490836,270000,AZN,3,87.0,12,16,True,False,False,Yasamal,Bakı,3103.45
6490833,159000,AZN,2,45.0,4,5,True,False,False,Memar Əcəmi,Bakı,3533.33
6490830,177000,AZN,3,68.0,4,9,True,False,False,Azadlıq Prospekti,Bakı,2602.94
6403828,425000,AZN,4,186.0,3,18,False,False,False,28 May,Bakı,2284.95
6479651,129000,AZN,2,40.0,8,9,True,False,False,Əhmədli,Bakı,3225.0
6460826,220000,AZN,3,82.0,8,9,True,False,False,9-cu mikrorayon,Bakı,2682.93
6249275,180000,AZN,3,75.0,8,9,True,False,False,Nəsimi,Bakı,2400.0
6435302,119000,AZN,2,45.0,1,5,True,False,False,Nərimanov,Bakı,2644.44
6324107,163000,AZN,3,60.0,3,4,True,False,False,Gənclik,Bakı,2716.67
6467941,210000,AZN,2,70.0,6,9,True,False,False,Gənclik,Bakı,3000.0
6478273,175000,AZN,3,68.0,6,15,True,False,False,Yeni Günəşli,Bakı,2573.53
6321550,120000,AZN,2,44.0,4,4,True,False,False,28 May,Bakı,2727.27
6490825,205000,AZN,3,85.0,5,9,True,False,False,Memar Əcəmi,Bakı,2411.76
6264989,219000,AZN,2,70.0,15,18,True,False,False,Azadlıq Prospekti,Bakı,3128.57
6443842,129000,AZN,2,52.0,2,2,True,False,False,28 May,Bakı,2480.77
6490823,117800,AZN,1,41.0,4,14,False,False,False,Sea Breeze,Bakı,2873.17
6490822,210000,AZN,4,80.0,5,5,True,False,False,28 May,Bakı,2625.0
6490820,209999,AZN,2,68.0,14,16,True,False,False,Həzi Aslanov,Bakı,3088.22
6286846,140000,AZN,4,103.0,4,5,True,False,False,Binə,Bakı,1359.22
6490818,258000,AZN,3,90.0,3,9,True,False,False,İnşaatçılar,Bakı,2866.67
6436077,172000,AZN,2,60.0,6,9,True,False,False,Həzi Aslanov,Bakı,2866.67
6490815,422000,AZN,3,73.0,4,7,True,False,False,Ağ şəhər,Bakı,5780.82
6382604,160000,AZN,1,55.0,6,9,True,False,False,Nəriman Nərimanov,Bakı,2909.09
6212237,226000,AZN,3,70.0,4,9,True,False,False,Gənclik,Bakı,3228.57
6358550,159000,AZN,2,65.0,4,5,True,False,False,Bakıxanov,Bakı,2446.15
6450672,158000,AZN,2,65.0,4,5,True,False,False,Bakıxanov,Bakı,2430.77
6490810,268000,AZN,2,64.0,5,16,True,False,False,Gənclik,Bakı,4187.5
6312534,230000,AZN,3,85.0,2,9,True,False,False,Bakıxanov,Bakı,2705.88
6216584,290000,AZN,3,96.0,14,18,True,False,False,Qara Qarayev,Bakı,3020.83
6490811,325000,AZN,3,115.0,12,12,True,False,False,Qara Qarayev,Bakı,2826.09
6389217,189000,AZN,3,85.0,3,5,True,False,False,Bakıxanov,Bakı,2223.53
6036421,270000,AZN,5,120.0,3,9,True,False,False,Bakıxanov,Bakı,2250.0
6307365,172000,AZN,3,85.0,5,9,True,False,False,Bakıxanov,Bakı,2023.53
6457954,205500,AZN,2,79.0,8,8,False,False,False,Sea Breeze,Bakı,2601.27
6490804,179000,AZN,3,79.0,14,14,True,False,False,Həzi Aslanov,Bakı,2265.82
6490805,240000,AZN,3,105.0,3,17,True,False,False,Həzi Aslanov,Bakı,2285.71
6287584,455000,AZN,2,92.0,4,17,True,False,False,28 May,Bakı,4945.65
6490803,135000,AZN,3,54.0,10,12,True,False,False,Qaraçuxur,Bakı,2500.0
6102170,485000,AZN,3,133.0,4,18,False,False,False,28 May,Bakı,3646.62
6469090,166000,AZN,2,50.0,2,5,True,False,False,Gənclik,Bakı,3320.0
6361647,235000,AZN,3,98.0,7,17,True,False,False,Əhmədli,Bakı,2397.96
6488805,180000,AZN,3,75.0,4,9,True,False,False,Memar Əcəmi,Bakı,2400.0
6490794,270000,AZN,2,90.0,2,8,True,False,False,Nəsimi,Bakı,3000.0
6392694,375000,AZN,3,153.0,11,17,False,False,False,Bayıl,Bakı,2450.98
6490792,165000,AZN,2,54.0,5,5,True,False,False,Bakıxanov,Bakı,3055.56
6464989,107000,AZN,1,35.0,5,5,True,False,False,Neftçilər,Bakı,3057.14
6490789,119500,AZN,1,33.0,2,28,False,False,False,Sea Breeze,Bakı,3621.21
6490786,185000,AZN,4,110.0,1,5,True,False,False,Qaraçuxur,Bakı,1681.82
6405751,207000,AZN,2,62.0,5,5,True,False,False,Elmlər Akademiyası,Bakı,3338.71
6405843,330000,AZN,2,93.0,4,18,True,False,False,Badamdar,Bakı,3548.39
6459229,185000,AZN,3,75.0,5,5,True,False,False,İnşaatçılar,Bakı,2466.67
5732047,449999,AZN,4,140.0,14,17,True,False,False,Qara Qarayev,Bakı,3214.28
6469761,248999,AZN,3,85.0,6,16,True,False,False,Həzi Aslanov,Bakı,2929.4
5852017,295000,AZN,4,127.0,8,16,False,False,False,Qara Qarayev,Bakı,2322.83
6444139,108500,AZN,2,46.0,7,9,True,False,False,Həzi Aslanov,Bakı,2358.7
6490785,638000,AZN,4,128.0,10,20,True,False,False,Şah İsmayıl Xətai,Bakı,4984.38
6490779,535000,AZN,3,150.0,6,16,True,False,False,Nəsimi,Bakı,3566.67
6058078,240000,AZN,2,89.0,3,15,True,False,False,Xalqlar Dostluğu,Bakı,2696.63
6440966,310000,AZN,3,85.0,8,9,True,False,False,Elmlər Akademiyası,Bakı,3647.06
6001597,180000,AZN,2,70.0,4,14,False,False,False,Koroğlu,Bakı,2571.43
6338423,80000,AZN,2,50.0,18,18,True,False,False,Gənclik,Bakı,1600.0
6490774,240000,AZN,3,65.0,10,18,True,False,False,Nərimanov,Bakı,3692.31
6472296,209500,AZN,3,85.0,2,5,True,False,False,İnşaatçılar,Bakı,2464.71
6258976,391920,AZN,3,98.0,4,18,True,False,False,Bakmil,Bakı,3999.18
6466106,184000,AZN,3,70.0,2,5,True,False,False,İnşaatçılar,Bakı,2628.57
6490770,176000,AZN,2,65.0,6,9,True,False,False,Yasamal,Bakı,2707.69
6099112,260000,AZN,3,78.0,3,17,True,False,False,Elmlər Akademiyası,Bakı,3333.33
6490768,320000,AZN,3,104.0,6,17,True,False,False,Neftçilər,Bakı,3076.92
6405889,124000,AZN,1,35.0,1,2,True,False,False,İçəri Şəhər,Bakı,3542.86
6490767,341000,AZN,4,124.0,5,11,False,False,False,Nəriman Nərimanov,Bakı,2750.0
6490764,395000,AZN,3,90.0,7,16,True,False,False,28 May,Bakı,4388.89
6490760,555000,AZN,4,130.0,10,15,True,False,False,Nəriman Nərimanov,Bakı,4269.23
4418983,315000,AZN,3,155.0,14,17,False,False,False,Həzi Aslanov,Bakı,2032.26
6395437,299000,AZN,4,110.0,4,10,True,False,False,28 May,Bakı,2718.18
6490757,210000,AZN,2,64.0,4,5,True,False,False,Şah İsmayıl Xətai,Bakı,3281.25
6465252,310000,AZN,3,126.0,4,19,False,False,False,Həzi Aslanov,Bakı,2460.32
6490755,430000,AZN,3,108.0,6,15,True,False,False,28 May,Bakı,3981.48
5765681,415000,AZN,3,158.0,8,12,,False,False,Elmlər Akademiyası,Bakı,2626.58
6106161,830000,AZN,4,246.0,8,14,False,False,False,Nizami,Bakı,3373.98
6481016,1065000,AZN,4,176.8,7,8,False,False,False,Ağ şəhər,Bakı,6023.76
6490752,559000,AZN,3,125.0,8,14,True,False,False,İçəri Şəhər,Bakı,4472.0
6490751,255000,AZN,2,75.0,7,12,True,False,False,Bakıxanov,Bakı,3400.0
6485215,335000,AZN,1,59.8,1,6,False,False,False,Ağ şəhər,Bakı,5602.01
6490743,260000,AZN,3,118.0,8,17,True,False,False,Həzi Aslanov,Bakı,2203.39
6292025,260000,AZN,2,60.0,14,18,True,False,False,Şah İsmayıl Xətai,Bakı,4333.33
6490750,186000,AZN,2,53.0,4,12,True,False,False,Nizami,Bakı,3509.43
6490746,575000,AZN,4,164.0,12,17,True,False,False,Binəqədi,Bakı,3506.1
6490742,320000,AZN,2,70.0,4,9,True,False,False,Nərimanov,Bakı,4571.43
6490741,785000,AZN,4,185.0,3,17,True,False,False,Elmlər Akademiyası,Bakı,4243.24
6490738,210000,AZN,3,88.0,12,17,True,False,False,Həzi Aslanov,Bakı,2386.36
6490740,236300,AZN,2,60.0,8,9,True,False,False,Elmlər Akademiyası,Bakı,3938.33
6490739,178000,AZN,2,55.0,2,4,True,False,False,Sahil,Bakı,3236.36
6490478,148000,AZN,3,48.0,3,5,True,False,False,Həzi Aslanov,Bakı,3083.33
6257038,245000,AZN,3,103.0,5,17,False,False,False,Dərnəgül,Bakı,2378.64
6490730,352000,AZN,3,136.0,5,15,True,False,False,Neftçilər,Bakı,2588.24
6490686,260000,AZN,2,76.0,9,17,True,False,False,Qara Qarayev,Bakı,3421.05
6173334,230000,AZN,3,110.0,16,17,True,False,False,Həzi Aslanov,Bakı,2090.91
6490734,277000,AZN,3,90.0,18,19,True,False,False,Xətai,Bakı,3077.78
6490729,310000,AZN,2,92.0,5,17,True,False,False,Nizami,Bakı,3369.57
6314452,228000,AZN,2,75.0,7,9,True,False,False,Nərimanov,Bakı,3040.0
6339149,305000,AZN,2,87.0,4,17,False,False,False,Nəriman Nərimanov,Bakı,3505.75
6490732,189000,AZN,2,88.0,10,17,True,False,False,Həzi Aslanov,Bakı,2147.73
6446448,500000,AZN,3,148.0,14,27,True,False,False,8 Noyabr,Bakı,3378.38
6420994,205000,AZN,2,61.0,10,13,True,False,False,Memar Əcəmi,Bakı,3360.66
6490725,394400,AZN,3,129.8,11,16,True,False,False,Yeni Yasamal,Bakı,3038.52
6406433,198000,AZN,2,60.0,6,9,True,False,False,Elmlər Akademiyası,Bakı,3300.0
6201508,133000,AZN,2,32.0,3,4,True,False,False,Nəriman Nərimanov,Bakı,4156.25
6490721,598000,AZN,4,290.0,17,17,True,False,False,20 Yanvar,Bakı,2062.07
6490720,470000,AZN,3,150.0,8,16,True,False,False,Nəriman Nərimanov,Bakı,3133.33
6490718,126700,AZN,2,45.0,2,5,True,False,False,Memar Əcəmi,Bakı,2815.56
6273359,160000,AZN,2,85.0,17,18,True,False,False,Xətai,Bakı,1882.35
6490702,268000,AZN,3,125.0,3,12,True,False,False,İnşaatçılar,Bakı,2144.0
6490714,185000,AZN,2,60.0,8,9,True,False,False,Binəqədi,Bakı,3083.33
6490712,320000,AZN,3,77.0,4,15,True,False,False,Nərimanov,Bakı,4155.84
6481680,235000,AZN,2,62.0,6,10,True,False,False,Yasamal,Bakı,3790.32
6490711,230180,AZN,3,75.06,10,16,True,False,False,Yeni Yasamal,Bakı,3066.61
6490710,250000,AZN,2,66.2,20,21,True,False,False,Şah İsmayıl Xətai,Bakı,3776.44
6478372,420000,AZN,3,165.0,7,12,True,False,False,Nəsimi,Bakı,2545.45
6490708,235000,AZN,3,88.0,2,5,True,False,False,Elmlər Akademiyası,Bakı,2670.45
6438456,195000,AZN,2,66.7,8,15,True,False,False,Biləcəri,Bakı,2923.54
6490707,164500,AZN,2,42.0,15,16,True,False,False,Yasamal,Bakı,3916.67
6435419,239000,AZN,3,80.0,2,5,True,False,False,Elmlər Akademiyası,Bakı,2987.5
6391789,188000,AZN,2,62.0,3,13,True,False,False,Əhmədli,Bakı,3032.26
6465516,151000,AZN,2,75.0,2,9,True,False,False,Həzi Aslanov,Bakı,2013.33
5832818,223000,AZN,2,88.0,2,16,True,False,False,Həzi Aslanov,Bakı,2534.09
6490698,250000,AZN,2,40.0,1,4,True,False,False,Elmlər Akademiyası,Bakı,6250.0
6378485,395000,AZN,3,163.0,19,20,True,False,False,Şah İsmayıl Xətai,Bakı,2423.31
6490697,123000,AZN,2,40.0,2,5,True,False,False,İnşaatçılar,Bakı,3075.0
6484635,270000,AZN,3,95.0,16,18,True,False,False,Binəqədi,Bakı,2842.11
6449524,242000,AZN,2,86.0,8,16,True,False,False,Əhmədli,Bakı,2813.95
6455083,197000,AZN,2,55.0,5,18,True,False,False,İnşaatçılar,Bakı,3581.82
6490689,300000,AZN,3,105.0,5,16,True,False,False,Qara Qarayev,Bakı,2857.14
6490690,210000,AZN,2,68.0,14,15,True,False,False,Əhmədli,Bakı,3088.24
6490688,275000,AZN,2,65.0,6,17,True,False,False,Elmlər Akademiyası,Bakı,4230.77
6342071,330000,AZN,3,106.0,3,16,True,False,False,Qara Qarayev,Bakı,3113.21
5790340,255000,AZN,3,87.0,3,16,True,False,False,Neftçilər,Bakı,2931.03
6490685,210000,AZN,3,85.0,1,5,True,False,False,Bayıl,Bakı,2470.59
6379751,185000,AZN,2,47.0,15,16,True,False,False,Qara Qarayev,Bakı,3936.17
6490682,263738,AZN,3,89.0,10,16,True,False,False,Yeni Yasamal,Bakı,2963.35
6490681,290000,AZN,2,60.0,3,5,True,False,False,Nizami,Bakı,4833.33
6490683,205000,AZN,2,60.0,9,9,True,False,False,9-cu mikrorayon,Bakı,3416.67
6490677,288000,AZN,3,90.0,4,13,True,False,False,Neftçilər,Bakı,3200.0
5910402,208000,AZN,3,80.5,7,14,True,False,False,Həzi Aslanov,Bakı,2583.85
6451963,399000,AZN,2,115.0,5,21,True,True,True,Xətai,Bakı,3469.57
6447413,153500,AZN,3,84.0,10,11,True,False,False,Məmmədli,Bakı,1827.38
6490675,390000,AZN,2,85.0,9,16,True,False,False,Şah İsmayıl Xətai,Bakı,4588.24
6419185,365000,AZN,3,100.0,3,19,True,False,False,Nəriman Nərimanov,Bakı,3650.0
6490667,270000,AZN,4,157.0,6,16,True,False,False,Əhmədli,Bakı,1719.75
6476476,310000,AZN,3,95.0,12,20,True,False,False,İnşaatçılar,Bakı,3263.16
6490666,137000,AZN,2,40.0,1,9,True,False,False,Azadlıq Prospekti,Bakı,3425.0
6490662,190000,AZN,1,60.0,15,17,True,False,False,20 Yanvar,Bakı,3166.67
6490660,420000,AZN,3,122.0,10,16,True,False,False,Nəriman Nərimanov,Bakı,3442.62
6203706,210000,AZN,2,80.0,15,17,True,False,False,Həzi Aslanov,Bakı,2625.0
6345829,250000,AZN,2,72.0,16,16,True,False,False,Koroğlu,Bakı,3472.22
6447703,129000,AZN,2,65.0,9,9,True,False,False,Əhmədli,Bakı,1984.62
6444126,365000,AZN,3,165.0,14,15,True,False,False,Neftçilər,Bakı,2212.12
6390201,130000,AZN,2,60.0,8,9,True,False,False,Yeni Günəşli,Bakı,2166.67
6428033,175000,AZN,3,74.0,3,9,True,False,False,Yeni Günəşli,Bakı,2364.86
6186813,485000,AZN,3,100.0,12,15,True,False,False,Elmlər Akademiyası,Bakı,4850.0
6350338,145000,AZN,2,113.0,13,15,False,False,False,Yeni Günəşli,Bakı,1283.19
6300232,133500,AZN,2,48.0,15,18,True,False,False,Yeni Günəşli,Bakı,2781.25
5928175,215000,AZN,2,65.0,8,9,True,False,False,İnşaatçılar,Bakı,3307.69
6490656,460000,AZN,3,92.0,15,20,True,False,False,Ağ şəhər,Bakı,5000.0
6479417,249000,AZN,3,83.0,6,18,True,False,False,Həzi Aslanov,Bakı,3000.0
6387737,245000,AZN,2,65.0,11,14,True,False,False,Dərnəgül,Bakı,3769.23
6393131,165000,AZN,1,45.0,6,9,True,False,False,Gənclik,Bakı,3666.67
6490655,258000,AZN,3,106.0,14,17,True,False,False,Həzi Aslanov,Bakı,2433.96
6473993,174900,AZN,2,60.0,14,18,True,False,False,Həzi Aslanov,Bakı,2915.0
6394580,170000,AZN,2,50.0,18,19,True,False,False,Həzi Aslanov,Bakı,3400.0
6007298,820000,AZN,4,195.0,7,17,True,False,False,28 May,Bakı,4205.13
6037768,715000,AZN,4,219.0,6,6,False,False,False,Sea Breeze,Bakı,3264.84
6248144,252000,AZN,2,75.0,16,16,False,False,False,Şah İsmayıl Xətai,Bakı,3360.0
6466190,143000,AZN,2,55.0,4,5,True,False,False,Memar Əcəmi,Bakı,2600.0
6490654,258000,AZN,4,120.0,5,5,True,False,False,Elmlər Akademiyası,Bakı,2150.0
5569779,363500,AZN,2,85.5,2,5,False,False,False,Sea Breeze,Bakı,4251.46
6293273,298000,AZN,3,75.0,14,17,True,False,False,Yasamal,Bakı,3973.33
6011006,580000,AZN,4,175.0,6,17,True,False,False,8 Noyabr,Bakı,3314.29
6049668,303000,AZN,2,102.0,3,6,False,False,False,Sea Breeze,Bakı,2970.59
6388783,218900,AZN,2,88.0,12,17,True,False,False,Həzi Aslanov,Bakı,2487.5
6490653,365000,AZN,3,132.0,13,17,True,False,False,Elmlər Akademiyası,Bakı,2765.15
6010198,815000,AZN,3,171.0,12,18,True,False,False,Nəsimi,Bakı,4766.08
6309725,140000,AZN,1,40.0,2,5,True,False,False,Nərimanov,Bakı,3500.0
6490644,410000,AZN,3,90.0,3,8,True,False,False,Sahil,Bakı,4555.56
6391024,240000,AZN,2,65.0,8,19,True,False,False,8-ci mikrorayon,Bakı,3692.31
6449579,215000,AZN,3,92.0,5,16,True,False,False,Əhmədli,Bakı,2336.96
6481539,390000,AZN,4,197.0,12,14,True,False,False,Memar Əcəmi,Bakı,1979.7
6408535,176000,AZN,3,70.0,6,17,True,False,False,Yeni Günəşli,Bakı,2514.29
6490641,153000,AZN,2,55.0,2,5,True,False,False,Memar Əcəmi,Bakı,2781.82
6472600,175000,AZN,2,60.0,13,16,True,False,False,Həzi Aslanov,Bakı,2916.67
6490640,259000,AZN,3,87.0,10,14,True,False,False,Neftçilər,Bakı,2977.01
6465772,185000,AZN,2,35.0,2,5,True,False,False,28 May,Bakı,5285.71
6490643,125000,AZN,1,36.0,5,5,True,False,False,Xalqlar Dostluğu,Bakı,3472.22
6470340,219900,AZN,3,146.0,14,15,True,False,False,Abşeron,Xırdalan,1506.16
6490637,162000,AZN,2,50.0,3,5,True,False,False,Neftçilər,Bakı,3240.0
6476850,118000,AZN,2,40.0,8,9,True,False,False,Xalqlar Dostluğu,Bakı,2950.0
6490635,188000,AZN,2,68.0,17,19,True,False,False,Həzi Aslanov,Bakı,2764.71
6476809,165000,AZN,3,80.0,1,5,True,False,False,Neftçilər,Bakı,2062.5
6293731,425000,AZN,2,92.2,8,17,False,False,False,Elmlər Akademiyası,Bakı,4609.54
6490627,255000,AZN,2,63.0,3,7,True,False,False,Qara Qarayev,Bakı,4047.62
6490633,175000,AZN,3,86.0,8,9,True,False,False,Neftçilər,Bakı,2034.88
6490630,318000,AZN,2,86.0,5,14,False,False,False,Nəriman Nərimanov,Bakı,3697.67
6490629,349000,AZN,3,126.0,5,19,True,False,False,Nəriman Nərimanov,Bakı,2769.84
6490626,303000,AZN,3,110.0,5,11,False,False,False,Nəriman Nərimanov,Bakı,2754.55
6490624,190000,AZN,3,116.0,9,14,False,False,False,Suraxanı,Bakı,1637.93
6477625,195000,AZN,2,53.0,4,20,True,False,False,20 Yanvar,Bakı,3679.25
6490623,400000,AZN,3,158.0,16,18,False,False,False,Nərimanov,Bakı,2531.65
6314410,236000,AZN,3,90.0,3,5,True,False,False,Nəriman Nərimanov,Bakı,2622.22
6490617,168000,AZN,2,65.0,8,9,True,False,False,Əhmədli,Bakı,2584.62
6314779,170000,AZN,3,70.0,5,9,True,False,False,Nəriman Nərimanov,Bakı,2428.57
6490613,128000,AZN,2,56.0,7,14,False,False,False,Suraxanı,Bakı,2285.71
6261679,438000,AZN,3,147.0,9,16,False,False,False,Nizami,Bakı,2979.59
6305952,205000,AZN,2,70.0,7,9,True,False,False,Gənclik,Bakı,2928.57
6490614,330000,AZN,4,170.0,9,14,True,False,False,Xalqlar Dostluğu,Bakı,1941.18
6440151,310000,AZN,3,95.0,7,9,True,False,False,Elmlər Akademiyası,Bakı,3263.16
6295345,247000,AZN,2,65.0,4,11,False,False,False,Nizami,Bakı,3800.0
6490607,335000,AZN,4,110.0,16,17,True,False,False,7-ci mikrorayon,Bakı,3045.45
6490604,110000,AZN,2,45.0,3,5,True,False,False,Bakıxanov,Bakı,2444.44
6427839,430000,AZN,3,155.0,5,17,True,False,False,Elmlər Akademiyası,Bakı,2774.19
6325125,150000,AZN,2,45.0,1,5,True,False,False,Neftçilər,Bakı,3333.33
6466145,179000,AZN,2,60.0,8,9,True,False,False,Əhmədli,Bakı,2983.33
6490595,170000,AZN,3,70.0,5,5,True,False,False,Xalqlar Dostluğu,Bakı,2428.57
6490593,363000,AZN,3,122.0,7,17,False,False,False,Gənclik,Bakı,2975.41
6490597,140000,AZN,2,40.0,5,5,True,False,False,Nizami,Bakı,3500.0
6490587,268600,AZN,1,46.0,7,13,False,False,False,Sea Breeze,Bakı,5839.13
6407523,260000,AZN,3,95.0,12,17,True,False,False,Bayıl,Bakı,2736.84
6490591,285000,AZN,3,136.0,16,18,True,False,False,Yeni Yasamal,Bakı,2095.59
6490589,138000,AZN,2,40.0,4,9,True,False,False,Həzi Aslanov,Bakı,3450.0
6490585,235000,AZN,4,90.0,2,9,True,False,False,Azadlıq Prospekti,Bakı,2611.11
6490586,250000,AZN,2,100.0,4,16,False,False,False,Bayıl,Bakı,2500.0
6490583,435000,AZN,3,150.0,4,18,True,False,False,Elmlər Akademiyası,Bakı,2900.0
6490580,140000,AZN,2,35.0,5,5,True,False,False,Nizami,Bakı,4000.0
6490577,135000,AZN,2,65.0,1,9,True,False,False,Həzi Aslanov,Bakı,2076.92
6407628,295000,AZN,2,90.0,4,16,True,False,False,Şah İsmayıl Xətai,Bakı,3277.78
6490576,118000,AZN,2,58.0,1,7,True,False,False,Hövsan,Bakı,2034.48
6490573,137000,AZN,2,42.0,5,5,True,False,False,Nəriman Nərimanov,Bakı,3261.9
6451197,360000,AZN,3,98.0,13,20,True,False,False,Şah İsmayıl Xətai,Bakı,3673.47
6399812,150000,AZN,2,45.0,6,9,True,False,False,Azadlıq Prospekti,Bakı,3333.33
6209759,230000,AZN,2,65.0,7,9,True,False,False,8-ci mikrorayon,Bakı,3538.46
6490574,232000,AZN,2,73.0,2,16,True,False,False,Gənclik,Bakı,3178.08
6090390,265000,AZN,3,80.0,6,9,True,False,False,Azadlıq Prospekti,Bakı,3312.5
6490571,185000,AZN,2,62.0,11,16,True,False,False,Yeni Yasamal,Bakı,2983.87
6472089,200000,AZN,2,70.0,9,9,True,False,False,Gənclik,Bakı,2857.14
6470423,340000,AZN,3,127.0,12,17,True,False,False,20 Yanvar,Bakı,2677.17
6490569,350000,AZN,3,115.0,9,10,True,False,False,Yasamal,Bakı,3043.48
6221797,239000,AZN,3,90.0,3,9,True,False,False,Nəsimi,Bakı,2655.56
6285602,210000,AZN,3,83.0,10,14,True,False,False,Neftçilər,Bakı,2530.12
6490568,209000,AZN,2,78.8,2,14,True,False,False,İnşaatçılar,Bakı,2652.28
6489103,205000,AZN,2,55.0,14,20,True,False,False,20 Yanvar,Bakı,3727.27
6261656,457000,AZN,3,145.0,10,18,True,False,False,Gənclik,Bakı,3151.72
6490566,154000,AZN,2,48.0,2,9,True,False,False,Xalqlar Dostluğu,Bakı,3208.33
6349563,455000,AZN,3,160.0,4,18,True,False,False,8 Noyabr,Bakı,2843.75
6424431,310000,AZN,3,86.6,7,16,True,False,False,Nəriman Nərimanov,Bakı,3579.68
6490564,285000,AZN,3,105.0,16,18,True,False,False,Nəriman Nərimanov,Bakı,2714.29
6490565,495000,AZN,3,130.0,7,17,True,False,False,Nəriman Nərimanov,Bakı,3807.69
6122525,465000,AZN,4,165.0,9,17,True,False,False,Nəriman Nərimanov,Bakı,2818.18
6161989,260000,AZN,3,78.0,4,17,True,False,False,Elmlər Akademiyası,Bakı,3333.33
6490563,157000,AZN,2,52.0,3,9,True,False,False,Nərimanov,Bakı,3019.23
6474585,215000,AZN,2,84.0,11,14,False,False,False,Qara Qarayev,Bakı,2559.52
6490558,400000,AZN,4,161.0,11,16,True,False,False,Əhmədli,Bakı,2484.47
5001931,580000,AZN,4,203.0,14,17,True,False,False,Elmlər Akademiyası,Bakı,2857.14
6268608,280000,AZN,3,110.0,19,21,True,False,False,8 Noyabr,Bakı,2545.45
6490557,390000,AZN,3,96.0,5,16,True,False,False,Nəriman Nərimanov,Bakı,4062.5
6490556,180000,AZN,3,60.0,12,18,False,False,False,Gənclik,Bakı,3000.0
5904295,278000,AZN,2,63.0,10,12,True,False,False,Nizami,Bakı,4412.7
6085436,258000,AZN,3,77.0,5,18,True,False,False,20 Yanvar,Bakı,3350.65
6490549,229000,AZN,3,98.0,10,15,True,False,False,Həzi Aslanov,Bakı,2336.73
6482084,305000,AZN,2,95.0,8,16,True,False,False,Gənclik,Bakı,3210.53
6405475,165000,AZN,2,82.0,2,12,False,False,False,Xətai,Bakı,2012.2
6239520,455000,AZN,4,152.0,13,17,True,False,False,Qara Qarayev,Bakı,2993.42
6407174,259000,AZN,3,75.0,3,4,True,False,False,Nərimanov,Bakı,3453.33
6490554,650000,AZN,3,128.0,4,7,False,False,False,Ağ şəhər,Bakı,5078.12
6451705,225000,AZN,2,53.0,17,18,True,False,False,28 May,Bakı,4245.28
6490553,285000,AZN,3,98.0,8,18,True,False,False,Nəriman Nərimanov,Bakı,2908.16
6409184,520000,AZN,3,157.0,14,17,True,False,False,Elmlər Akademiyası,Bakı,3312.1
6490548,400000,AZN,4,120.0,10,18,True,False,False,Gənclik,Bakı,3333.33
6386610,357000,AZN,3,107.0,4,17,False,False,False,28 May,Bakı,3336.45
6490551,191000,AZN,2,70.0,4,16,True,False,False,Həzi Aslanov,Bakı,2728.57
6490550,270000,AZN,3,80.0,4,9,True,False,False,İçəri Şəhər,Bakı,3375.0
6451757,385000,AZN,4,145.0,16,17,False,False,False,28 May,Bakı,2655.17
6490546,380000,AZN,3,116.0,10,14,True,False,False,28 May,Bakı,3275.86
6451636,259000,AZN,2,60.0,14,17,True,False,False,28 May,Bakı,4316.67
6284017,305000,AZN,3,90.0,9,17,False,False,False,28 May,Bakı,3388.89
6464440,227000,AZN,3,90.0,7,9,True,False,False,Xalqlar Dostluğu,Bakı,2522.22
6474506,290000,AZN,3,70.0,6,18,True,False,False,28 May,Bakı,4142.86
6490541,355000,AZN,3,142.0,3,16,False,False,False,Nərimanov,Bakı,2500.0
5408775,218000,AZN,2,62.5,6,16,True,False,False,Qara Qarayev,Bakı,3488.0
6305850,290000,AZN,2,62.0,12,20,True,False,False,Nəsimi,Bakı,4677.42
6490540,170000,AZN,2,55.0,2,5,True,False,False,Gənclik,Bakı,3090.91
6401653,279000,AZN,2,62.0,3,20,True,False,False,8 Noyabr,Bakı,4500.0
6451727,615000,AZN,4,200.0,6,17,True,False,False,28 May,Bakı,3075.0
6416186,227000,AZN,3,110.0,3,16,True,False,False,Neftçilər,Bakı,2063.64
6490537,98500,AZN,2,83.2,9,17,False,False,False,Lökbatan,Bakı,1183.89
6180685,350000,AZN,2,70.0,5,14,False,False,False,Gənclik,Bakı,5000.0
6490535,142000,AZN,3,60.5,13,14,False,False,False,Qaraçuxur,Bakı,2347.11
6045764,255000,AZN,3,88.0,3,14,True,False,False,Neftçilər,Bakı,2897.73
6185697,259000,AZN,3,87.0,10,14,True,False,False,Neftçilər,Bakı,2977.01
6162930,255000,AZN,2,76.0,3,17,True,False,False,Qara Qarayev,Bakı,3355.26
6458429,228000,AZN,2,71.0,9,16,True,False,False,Qara Qarayev,Bakı,3211.27
6475790,129500,AZN,2,35.0,4,5,True,False,False,Qara Qarayev,Bakı,3700.0
6470720,166000,AZN,1,56.0,5,10,True,False,False,Gənclik,Bakı,2964.29
6309565,1080000,AZN,4,176.7,7,10,False,False,False,Ağ şəhər,Bakı,6112.05
6490530,425000,AZN,3,136.0,13,15,True,False,False,8 Noyabr,Bakı,3125.0
6490525,552000,AZN,3,138.0,10,17,True,False,False,Nizami,Bakı,4000.0
6309094,183000,AZN,4,90.0,9,9,True,False,False,Həzi Aslanov,Bakı,2033.33
6033826,264000,AZN,3,110.0,12,17,True,False,False,Həzi Aslanov,Bakı,2400.0
6483341,265000,AZN,2,98.0,15,17,True,False,False,İnşaatçılar,Bakı,2704.08
6309453,430000,AZN,4,180.0,12,19,True,False,False,Nəsimi,Bakı,2388.89
6490523,158000,AZN,3,65.0,9,9,True,False,False,Əhmədli,Bakı,2430.77
6316169,510000,AZN,4,173.0,13,15,True,False,False,Nəsimi,Bakı,2947.98
6434440,345000,AZN,2,79.0,6,17,True,False,False,Şah İsmayıl Xətai,Bakı,4367.09
6298282,182000,AZN,3,75.0,14,15,True,False,False,Memar Əcəmi,Bakı,2426.67
6490516,395000,AZN,3,90.0,7,16,True,False,False,Nərimanov,Bakı,4388.89
6336348,450000,AZN,3,141.0,7,18,True,False,False,Şah İsmayıl Xətai,Bakı,3191.49
6490479,485000,AZN,3,160.0,9,10,True,False,False,8-ci mikrorayon,Bakı,3031.25
6490216,245000,AZN,3,75.0,7,9,True,False,False,Memar Əcəmi,Bakı,3266.67
6480370,207000,AZN,2,75.0,15,17,True,False,False,Həzi Aslanov,Bakı,2760.0
6490303,300000,AZN,3,95.0,4,12,True,False,False,İnşaatçılar,Bakı,3157.89
6490044,189000,AZN,3,86.0,9,9,True,False,False,Nəsimi,Bakı,2197.67
6317035,230000,AZN,2,69.0,9,14,True,False,False,Badamdar,Bakı,3333.33
6375205,1100000,AZN,4,120.0,9,9,True,False,False,Sahil,Bakı,9166.67
4677945,420000,AZN,4,220.0,16,17,True,False,False,Nərimanov,Bakı,1909.09
6490501,143000,AZN,2,60.0,5,12,True,False,False,Xalqlar Dostluğu,Bakı,2383.33
6407115,340000,AZN,2,97.0,4,12,False,False,False,Bayıl,Bakı,3505.15
6490498,325000,AZN,3,140.0,12,17,True,False,False,Nəsimi,Bakı,2321.43
6490495,285000,AZN,3,92.0,5,12,True,False,False,Bakıxanov,Bakı,3097.83
6067114,300000,AZN,3,130.0,4,5,True,False,False,Bayıl,Bakı,2307.69
6468246,389000,AZN,3,102.0,12,17,True,False,False,28 May,Bakı,3813.73
6322124,1250000,AZN,4,200.0,17,20,True,False,False,Yasamal,Bakı,6250.0
6315225,299000,AZN,3,127.0,15,18,True,False,False,Nəsimi,Bakı,2354.33
4825216,900000,AZN,4,250.0,25,27,True,False,False,Şah İsmayıl Xətai,Bakı,3600.0
4298832,850000,AZN,3,220.0,19,23,True,False,False,Şah İsmayıl Xətai,Bakı,3863.64
6489666,94000,AZN,2,53.0,3,6,True,False,False,Masazır,Bakı,1773.58
6490481,239000,AZN,2,74.0,7,25,True,False,False,Yasamal,Bakı,3229.73
6490483,380000,AZN,4,209.0,5,17,False,False,False,Nərimanov,Bakı,1818.18
6306450,439000,AZN,3,174.0,5,17,True,False,False,8 Noyabr,Bakı,2522.99
6310386,600000,AZN,4,240.0,16,18,False,False,False,8 Noyabr,Bakı,2500.0
6179767,77000,AZN,2,48.0,1,6,True,False,False,Masazır,Bakı,1604.17
6310297,207000,AZN,3,90.0,9,9,True,False,False,Yasamal,Bakı,2300.0
6445070,96000,AZN,3,64.0,4,5,True,False,False,Masazır,Bakı,1500.0
6128327,59400,AZN,1,54.0,1,6,False,False,False,Masazır,Bakı,1100.0
6311969,300000,AZN,3,150.0,8,16,False,False,False,Memar Əcəmi,Bakı,2000.0
6318761,457000,AZN,3,114.0,5,14,True,False,False,Nəsimi,Bakı,4008.77
6476193,184000,AZN,3,83.0,7,9,True,False,False,Bakıxanov,Bakı,2216.87
6311745,664500,AZN,3,137.1,11,19,False,False,False,Nəsimi,Bakı,4846.83
6403935,390000,AZN,4,128.7,5,15,False,False,False,İnşaatçılar,Bakı,3030.3
6319359,520000,AZN,3,160.0,6,25,False,False,False,Nizami,Bakı,3250.0
6465325,535000,AZN,3,150.0,6,14,True,False,False,Nəsimi,Bakı,3566.67
6404152,205000,AZN,3,123.7,3,9,False,False,False,Avtovağzal,Bakı,1657.24
6490473,155000,AZN,2,76.0,6,12,False,False,False,Qaraçuxur,Bakı,2039.47
6490472,160000,AZN,3,63.0,13,13,True,False,False,Yeni Yasamal,Bakı,2539.68
5896224,650000,AZN,5,700.0,17,18,False,False,False,Koroğlu,Bakı,928.57
5727117,430000,AZN,4,180.0,3,18,True,False,False,Nəsimi,Bakı,2388.89
6490465,455000,AZN,3,146.0,8,11,False,False,False,Gənclik,Bakı,3116.44
6490469,145000,AZN,2,45.0,1,5,True,False,False,Həzi Aslanov,Bakı,3222.22
6179447,192000,AZN,2,71.0,5,22,True,False,False,İnşaatçılar,Bakı,2704.23
6490458,560000,AZN,3,175.0,12,16,True,False,False,Elmlər Akademiyası,Bakı,3200.0
6490459,287000,AZN,3,129.0,2,10,True,False,False,Nizami,Bakı,2224.81
6490457,457000,AZN,3,120.0,7,17,True,False,False,Gənclik,Bakı,3808.33
6464581,470000,AZN,3,175.0,15,17,True,False,False,Şah İsmayıl Xətai,Bakı,2685.71
6059720,295000,AZN,3,127.0,10,12,False,False,False,İnşaatçılar,Bakı,2322.83
6291026,245000,AZN,3,72.0,7,10,True,False,False,Dərnəgül,Bakı,3402.78
5799684,438000,AZN,2,86.0,9,17,True,False,False,Elmlər Akademiyası,Bakı,5093.02
6046493,480000,AZN,3,91.0,4,20,True,False,False,Şah İsmayıl Xətai,Bakı,5274.73
5859380,595000,AZN,4,172.5,15,16,True,False,False,Şah İsmayıl Xətai,Bakı,3449.28
6340986,575000,AZN,3,128.0,5,19,True,False,False,Ağ şəhər,Bakı,4492.19
6490448,395000,AZN,3,100.0,5,17,True,False,False,Nəsimi,Bakı,3950.0
6490444,330000,AZN,3,96.0,12,18,True,False,False,20 Yanvar,Bakı,3437.5
4036247,345000,AZN,3,100.0,7,18,True,False,False,Şah İsmayıl Xətai,Bakı,3450.0
6490443,220000,AZN,4,100.0,2,5,True,False,False,Neftçilər,Bakı,2200.0
6490441,158000,AZN,2,60.0,6,9,True,False,False,İnşaatçılar,Bakı,2633.33
6490436,157300,AZN,2,46.0,2,5,True,False,False,Memar Əcəmi,Bakı,3419.57
6490432,175000,AZN,2,58.0,7,9,True,False,False,Xalqlar Dostluğu,Bakı,3017.24
6479986,312000,AZN,3,135.0,6,18,True,False,False,İnşaatçılar,Bakı,2311.11
6441320,135000,AZN,2,65.0,8,15,True,False,False,Abşeron,Xırdalan,2076.92
6490434,153000,AZN,2,65.0,5,9,True,False,False,8-ci kilometr,Bakı,2353.85
6241103,178000,AZN,2,72.0,10,12,True,False,False,İnşaatçılar,Bakı,2472.22
6490433,118000,AZN,2,56.0,1,7,True,False,False,Hövsan,Bakı,2107.14
6490430,530000,AZN,4,148.0,5,14,False,False,False,Səbail,Bakı,3581.08
6483074,160000,AZN,2,65.0,2,9,True,False,False,Həzi Aslanov,Bakı,2461.54
6473958,175000,AZN,3,85.0,5,9,True,False,False,Xətai,Bakı,2058.82
6237330,150000,AZN,2,67.0,2,13,False,False,False,Həzi Aslanov,Bakı,2238.81
6459740,127000,AZN,2,42.0,3,5,True,False,False,Həzi Aslanov,Bakı,3023.81
6490419,245000,AZN,2,70.0,14,17,True,False,False,Qara Qarayev,Bakı,3500.0
6490425,175000,AZN,2,55.0,14,18,True,False,False,Həzi Aslanov,Bakı,3181.82
6490424,370000,AZN,3,147.0,6,17,True,False,False,Neftçilər,Bakı,2517.01
6490420,219000,AZN,2,55.0,3,18,True,False,False,Gənclik,Bakı,3981.82
6386374,538000,AZN,4,148.0,4,16,True,False,False,Nəriman Nərimanov,Bakı,3635.14
6485947,155000,AZN,2,65.0,6,9,True,False,False,Həzi Aslanov,Bakı,2384.62
6490421,92000,AZN,2,56.2,10,11,False,False,False,Məmmədli,Bakı,1637.01
6465165,184000,AZN,2,65.0,2,9,True,False,False,Həzi Aslanov,Bakı,2830.77
6490416,268000,AZN,3,135.0,3,12,True,False,False,İnşaatçılar,Bakı,1985.19
6428034,330000,AZN,3,117.0,7,14,True,False,False,Nərimanov,Bakı,2820.51
6461123,235000,AZN,2,58.0,3,6,True,False,False,Elmlər Akademiyası,Bakı,4051.72
6490413,270000,AZN,2,85.0,3,14,True,False,False,Memar Əcəmi,Bakı,3176.47
6476937,148000,AZN,2,38.0,5,9,True,False,False,Azadlıq Prospekti,Bakı,3894.74
6490408,225000,AZN,4,100.0,1,9,True,False,False,Həzi Aslanov,Bakı,2250.0
6465972,285000,AZN,5,120.0,2,9,True,False,False,Əhmədli,Bakı,2375.0
6490407,127000,AZN,2,50.0,5,9,True,False,False,Nəsimi,Bakı,2540.0
6490404,230000,AZN,3,58.0,3,16,True,False,False,Gənclik,Bakı,3965.52
6304113,155000,AZN,1,50.0,3,17,True,False,False,Qara Qarayev,Bakı,3100.0
6487502,320000,AZN,3,110.0,9,14,True,False,False,Qara Qarayev,Bakı,2909.09
6461194,205000,AZN,2,63.0,7,9,True,False,False,Gənclik,Bakı,3253.97
6467142,158000,AZN,2,58.0,2,5,True,False,False,Memar Əcəmi,Bakı,2724.14
6478715,135000,AZN,2,45.0,8,9,True,False,False,İnşaatçılar,Bakı,3000.0
6490399,150000,AZN,2,67.0,8,15,False,False,False,Həzi Aslanov,Bakı,2238.81
6490401,265000,AZN,3,100.0,15,19,True,False,False,8 Noyabr,Bakı,2650.0
6490396,160000,AZN,2,66.0,15,19,True,False,False,Yeni Yasamal,Bakı,2424.24
6490369,350000,AZN,3,130.0,6,11,True,False,False,20 Yanvar,Bakı,2692.31
6429553,900000,AZN,4,254.0,12,27,True,False,False,8 Noyabr,Bakı,3543.31
6490398,319000,AZN,3,132.0,6,17,True,False,False,Əhmədli,Bakı,2416.67
6482956,178000,AZN,3,65.0,2,9,True,False,False,Həzi Aslanov,Bakı,2738.46
6490397,400000,AZN,3,161.0,11,17,True,False,False,Əhmədli,Bakı,2484.47
6490394,237000,AZN,3,80.0,8,9,True,False,False,Həzi Aslanov,Bakı,2962.5
6490395,219000,AZN,2,80.0,17,24,False,False,False,Şah İsmayıl Xətai,Bakı,2737.5
6082922,168000,AZN,2,65.0,7,9,True,False,False,Azadlıq Prospekti,Bakı,2584.62
6490390,379000,AZN,3,95.0,13,18,True,False,False,Şah İsmayıl Xətai,Bakı,3989.47
6490389,335000,AZN,3,134.0,21,22,True,False,False,Nizami,Bakı,2500.0
6490386,300000,AZN,4,110.0,6,9,True,False,False,Elmlər Akademiyası,Bakı,2727.27
6350551,210000,AZN,2,70.0,4,5,True,False,False,Badamdar,Bakı,3000.0
6478496,300000,AZN,3,130.0,10,16,True,False,False,Bayıl,Bakı,2307.69
6490385,161500,AZN,1,37.3,2,13,True,False,False,Sea Breeze,Bakı,4329.76
6490383,185000,AZN,2,60.0,2,9,True,False,False,Əhmədli,Bakı,3083.33
6442222,163000,AZN,4,100.0,2,9,True,False,False,Hövsan,Bakı,1630.0
6490378,365000,AZN,3,130.0,13,17,True,False,False,Elmlər Akademiyası,Bakı,2807.69
6490376,268000,AZN,2,90.0,16,17,True,False,False,Həzi Aslanov,Bakı,2977.78
6146735,285000,AZN,3,95.0,8,16,True,False,False,Şah İsmayıl Xətai,Bakı,3000.0
6468704,84000,AZN,1,30.0,2,2,True,False,False,İçəri Şəhər,Bakı,2800.0
6490371,410000,AZN,3,125.0,10,16,True,False,False,Gənclik,Bakı,3280.0
6399409,170000,AZN,2,80.0,7,12,True,False,False,Həzi Aslanov,Bakı,2125.0
6490370,140000,AZN,3,45.0,2,5,True,False,False,Memar Əcəmi,Bakı,3111.11
6406898,245000,AZN,1,65.0,12,17,True,False,False,Nizami,Bakı,3769.23
6246806,155000,AZN,2,67.0,8,13,False,False,False,Həzi Aslanov,Bakı,2313.43
6490364,400500,AZN,3,133.5,9,12,False,False,False,Nəsimi,Bakı,3000.0
6366018,310000,AZN,3,80.0,5,5,True,False,False,Nizami,Bakı,3875.0
6490362,230000,AZN,3,65.0,18,19,True,False,False,Şah İsmayıl Xətai,Bakı,3538.46
6467933,189000,AZN,3,90.0,3,5,True,False,False,Bakıxanov,Bakı,2100.0
6490355,748230,AZN,3,143.9,5,18,False,False,False,Gənclik,Bakı,5199.65
6490352,214000,AZN,2,66.0,16,16,True,False,False,Nəriman Nərimanov,Bakı,3242.42
6482717,203000,AZN,2,55.0,6,20,True,False,False,20 Yanvar,Bakı,3690.91
4574119,330000,AZN,3,150.0,2,4,True,False,False,Sahil,Bakı,2200.0
6490353,175000,AZN,2,42.0,4,5,True,False,False,Nəriman Nərimanov,Bakı,4166.67
6367769,109500,AZN,1,33.0,1,5,True,False,False,7-ci mikrorayon,Bakı,3318.18
6467889,185000,AZN,3,67.0,2,5,True,False,False,İnşaatçılar,Bakı,2761.19
6490351,265000,AZN,3,90.0,2,5,True,False,False,Nəriman Nərimanov,Bakı,2944.44
6472360,425000,AZN,4,180.0,12,13,False,False,False,Koroğlu,Bakı,2361.11
6490349,255000,AZN,3,100.0,2,9,True,False,False,Gənclik,Bakı,2550.0
6479956,185000,AZN,2,45.0,4,16,True,False,False,Nəriman Nərimanov,Bakı,4111.11
6490345,249000,AZN,3,76.0,17,17,True,False,False,Azadlıq Prospekti,Bakı,3276.32
6222307,103000,AZN,1,34.0,5,5,True,False,False,Neftçilər,Bakı,3029.41
6400512,159000,AZN,2,48.0,6,10,True,False,False,Gənclik,Bakı,3312.5
6490341,142500,AZN,2,47.0,2,5,True,False,False,Memar Əcəmi,Bakı,3031.91
6478271,148000,AZN,2,60.0,2,5,True,False,False,20 Yanvar,Bakı,2466.67
6490334,169000,AZN,3,90.0,4,7,True,False,False,Nizami,Bakı,1877.78
6478451,145000,AZN,2,67.0,6,14,True,False,False,Saray,Bakı,2164.18
6093269,270000,AZN,2,70.0,14,18,True,False,False,Nərimanov,Bakı,3857.14
6490332,280000,AZN,3,94.0,8,16,True,False,False,Şah İsmayıl Xətai,Bakı,2978.72
6460117,190000,AZN,3,85.0,2,9,True,False,False,Əhmədli,Bakı,2235.29
6406127,115000,AZN,2,51.9,9,14,False,False,False,Zığ,Bakı,2215.8
6420272,120000,AZN,2,56.2,6,11,True,False,False,Məmmədli,Bakı,2135.23
6406158,117000,AZN,2,55.0,3,14,False,False,False,Zığ,Bakı,2127.27
6181455,285000,AZN,3,86.0,15,18,True,False,False,28 May,Bakı,3313.95
6490326,264000,AZN,3,96.0,6,11,False,False,False,Nəriman Nərimanov,Bakı,2750.0
5696083,115000,AZN,2,40.0,3,5,True,False,False,Memar Əcəmi,Bakı,2875.0
5688542,293000,AZN,2,85.0,3,15,True,False,False,Qara Qarayev,Bakı,3447.06
6092607,437000,AZN,3,115.0,13,17,True,False,False,28 May,Bakı,3800.0
6490322,699000,AZN,5,240.0,14,16,True,False,False,Nəsimi,Bakı,2912.5
5831059,698000,AZN,4,222.0,11,17,True,False,False,Elmlər Akademiyası,Bakı,3144.14
6180874,220000,AZN,2,65.0,11,16,True,False,False,İnşaatçılar,Bakı,3384.62
6490319,300000,AZN,2,92.0,8,16,True,False,False,Xətai,Bakı,3260.87
6490315,220000,AZN,4,100.0,4,5,True,False,False,Həzi Aslanov,Bakı,2200.0
6406697,184900,AZN,5,125.0,2,5,True,False,False,Abşeron,Xırdalan,1479.2
6357543,128000,AZN,2,45.0,3,9,True,False,False,Əhmədli,Bakı,2844.44
6490301,300000,AZN,4,110.0,6,9,True,False,False,Elmlər Akademiyası,Bakı,2727.27
4677782,1200000,AZN,5,268.0,7,22,True,False,False,Şah İsmayıl Xətai,Bakı,4477.61
6490300,210000,AZN,2,64.0,11,16,False,False,False,Koroğlu,Bakı,3281.25
6490299,187000,AZN,2,35.0,3,3,True,False,False,Sahil,Bakı,5342.86
6490297,190000,AZN,3,105.0,17,17,True,False,False,Həzi Aslanov,Bakı,1809.52
6469072,285000,AZN,3,90.0,2,6,True,False,False,Nizami,Bakı,3166.67
6490293,175000,AZN,3,62.0,8,9,True,False,False,Koroğlu,Bakı,2822.58
6191571,135000,AZN,3,77.0,8,12,True,False,False,Hövsan,Bakı,1753.25
6282477,285000,AZN,2,74.0,3,17,True,False,False,Elmlər Akademiyası,Bakı,3851.35
6323293,273000,AZN,2,67.0,3,17,True,False,False,28 May,Bakı,4074.63
6490292,165000,AZN,3,71.0,2,9,True,False,False,Həzi Aslanov,Bakı,2323.94
6014946,185000,AZN,4,110.0,2,9,True,False,False,Yeni Günəşli,Bakı,1681.82
6101153,170000,AZN,2,75.0,3,14,False,False,False,Qara Qarayev,Bakı,2266.67
6490291,480000,AZN,4,160.0,11,18,True,False,False,Nərimanov,Bakı,3000.0
6478819,185000,AZN,2,47.0,6,17,True,False,False,Qara Qarayev,Bakı,3936.17
6081843,245000,AZN,3,70.0,4,5,True,False,False,Nizami,Bakı,3500.0
6490288,133000,AZN,2,60.0,8,17,True,False,False,Memar Əcəmi,Bakı,2216.67
5441185,265000,AZN,2,85.0,14,15,True,False,False,Qara Qarayev,Bakı,3117.65
6490287,376000,AZN,3,146.0,11,16,True,False,False,8 Noyabr,Bakı,2575.34
6451466,175000,AZN,3,115.0,2,3,False,False,False,Buzovna,Bakı,1521.74
6479534,135000,AZN,3,44.0,2,5,True,False,False,Memar Əcəmi,Bakı,3068.18
6444906,162000,AZN,2,40.0,4,16,True,False,False,Qara Qarayev,Bakı,4050.0
6490275,450000,AZN,3,136.0,13,15,True,False,False,Nəsimi,Bakı,3308.82
6162028,174000,AZN,2,48.0,4,5,True,False,False,Elmlər Akademiyası,Bakı,3625.0
6264116,270000,AZN,2,70.0,13,18,True,False,False,Nərimanov,Bakı,3857.14
6490271,375000,AZN,3,100.0,2,16,True,False,False,28 May,Bakı,3750.0
6490269,310000,AZN,3,86.0,7,16,True,False,False,Nəriman Nərimanov,Bakı,3604.65
6490268,340000,AZN,2,100.0,16,18,True,False,False,Nərimanov,Bakı,3400.0
5074996,3500000,AZN,7,545.0,4,12,True,False,False,İçəri Şəhər,Bakı,6422.02
6406843,128000,AZN,3,60.0,1,9,True,False,False,Yeni Günəşli,Bakı,2133.33
6379613,330000,AZN,2,100.0,8,9,True,False,False,Bayıl,Bakı,3300.0
6490263,136000,AZN,2,32.0,5,5,True,False,False,Yasamal,Bakı,4250.0
6088221,270000,AZN,2,68.0,9,13,True,False,False,28 May,Bakı,3970.59
6229462,236000,AZN,3,80.0,2,5,True,False,False,Elmlər Akademiyası,Bakı,2950.0
6405305,175000,AZN,3,70.0,6,17,True,False,False,Yeni Günəşli,Bakı,2500.0
6483546,258000,AZN,3,140.0,5,18,False,False,False,Əhmədli,Bakı,1842.86
6407175,225000,AZN,2,69.0,3,9,True,False,False,Gənclik,Bakı,3260.87
6490259,192000,AZN,2,68.0,6,9,True,False,False,Əhmədli,Bakı,2823.53
6490257,290000,AZN,2,100.0,5,19,True,False,False,8 Noyabr,Bakı,2900.0
6490250,255000,AZN,2,55.0,16,18,True,False,False,Nərimanov,Bakı,4636.36
6490253,380000,AZN,3,156.0,4,18,True,False,False,Şah İsmayıl Xətai,Bakı,2435.9
6206537,338000,AZN,2,110.0,13,14,True,False,False,Gənclik,Bakı,3072.73
6490251,218000,AZN,2,68.0,4,17,True,False,False,Elmlər Akademiyası,Bakı,3205.88
6490245,207000,AZN,2,70.0,5,5,True,False,False,Elmlər Akademiyası,Bakı,2957.14
6368967,170000,AZN,2,45.0,3,5,True,False,False,Elmlər Akademiyası,Bakı,3777.78
6477004,109000,AZN,1,40.0,9,9,True,False,False,Həzi Aslanov,Bakı,2725.0
6490244,190000,AZN,2,60.0,9,16,True,False,False,Yasamal,Bakı,3166.67
6490238,122000,AZN,2,40.0,2,5,True,False,False,Memar Əcəmi,Bakı,3050.0
6490240,500000,AZN,3,115.0,14,18,True,False,False,Nərimanov,Bakı,4347.83
5984167,205000,AZN,2,64.0,6,20,True,False,False,Həzi Aslanov,Bakı,3203.12
6482501,247000,AZN,3,94.0,2,18,True,False,False,Nəsimi,Bakı,2627.66
6490236,219000,AZN,2,75.0,14,16,False,False,False,Nəriman Nərimanov,Bakı,2920.0
6399399,170000,AZN,2,85.0,6,17,True,False,False,Xətai,Bakı,2000.0
6300363,97500,AZN,2,43.0,6,9,True,False,False,Hövsan,Bakı,2267.44
6490235,157000,AZN,2,51.3,4,14,True,False,False,Xalqlar Dostluğu,Bakı,3060.43
6490233,320000,AZN,3,126.0,2,16,True,False,False,Nəriman Nərimanov,Bakı,2539.68
6285336,184000,AZN,2,68.0,10,13,True,False,False,Həzi Aslanov,Bakı,2705.88
6398756,230000,AZN,4,100.0,2,9,True,False,False,Əhmədli,Bakı,2300.0
6213273,205000,AZN,3,85.0,3,5,True,False,False,Həzi Aslanov,Bakı,2411.76
6419912,180000,AZN,3,85.0,1,9,True,False,False,Həzi Aslanov,Bakı,2117.65
6490224,275000,AZN,3,80.0,4,9,True,False,False,İçəri Şəhər,Bakı,3437.5
6469664,290000,AZN,2,85.0,3,16,True,False,False,Nizami,Bakı,3411.76
6490222,288000,AZN,3,110.0,7,17,True,False,False,Nəsimi,Bakı,2618.18
6373290,890000,AZN,4,240.0,13,14,True,False,False,İçəri Şəhər,Bakı,3708.33
6486609,240000,AZN,3,97.0,3,17,False,False,False,Azadlıq Prospekti,Bakı,2474.23
6398790,276000,AZN,3,88.0,3,17,True,False,False,Həzi Aslanov,Bakı,3136.36
6376673,179000,AZN,2,60.0,8,9,True,False,False,Əhmədli,Bakı,2983.33
6311532,189000,AZN,2,71.0,12,13,False,False,False,Qara Qarayev,Bakı,2661.97
6366704,215000,AZN,3,85.0,4,9,True,False,False,Nəsimi,Bakı,2529.41
6323861,635000,AZN,4,255.0,17,22,False,False,False,28 May,Bakı,2490.2
6490218,109000,AZN,2,36.0,8,9,True,False,False,Qaraçuxur,Bakı,3027.78
6398817,240000,AZN,3,82.0,14,17,True,False,False,Həzi Aslanov,Bakı,2926.83
6458101,225000,AZN,3,81.0,9,10,True,False,False,Xalqlar Dostluğu,Bakı,2777.78
6307789,172000,AZN,3,75.0,5,9,True,False,False,Bakıxanov,Bakı,2293.33
6490213,240000,AZN,4,100.0,4,9,True,False,False,Əhmədli,Bakı,2400.0
6490211,275000,AZN,3,125.0,4,12,True,False,False,İnşaatçılar,Bakı,2200.0
6445095,184000,AZN,2,50.0,15,20,True,False,False,20 Yanvar,Bakı,3680.0
6445358,188000,AZN,2,50.0,12,20,True,False,False,20 Yanvar,Bakı,3760.0
6164501,275000,AZN,2,90.0,9,16,True,False,False,Nəriman Nərimanov,Bakı,3055.56
5591535,305000,AZN,4,150.0,3,17,False,False,False,Azadlıq Prospekti,Bakı,2033.33
6490201,280000,AZN,2,80.0,15,16,True,False,False,Gənclik,Bakı,3500.0
6490198,165000,AZN,2,62.0,18,18,True,False,False,Həzi Aslanov,Bakı,2661.29
5329184,285000,AZN,3,82.0,7,16,True,False,False,Nəriman Nərimanov,Bakı,3475.61
6375963,225000,AZN,3,80.0,8,9,True,False,False,Əhmədli,Bakı,2812.5
6413328,150000,AZN,2,62.0,2,19,True,False,False,Həzi Aslanov,Bakı,2419.35
6459429,187000,AZN,3,98.0,4,7,True,False,False,Xətai,Bakı,1908.16
6465493,155000,AZN,2,55.0,4,16,True,False,False,Həzi Aslanov,Bakı,2818.18
6402576,450000,AZN,4,138.0,14,17,True,False,False,Qara Qarayev,Bakı,3260.87
6435223,345000,AZN,3,108.0,14,17,True,False,False,Qara Qarayev,Bakı,3194.44
6490196,255000,AZN,3,132.5,11,16,False,False,False,Xətai,Bakı,1924.53
6459726,278000,AZN,3,125.0,9,17,True,False,False,Həzi Aslanov,Bakı,2224.0
6460812,355000,AZN,3,146.0,6,18,True,False,False,Xətai,Bakı,2431.51
5782457,138000,AZN,3,65.0,2,5,True,False,False,Biləcəri,Bakı,2123.08
6473918,175000,AZN,2,55.0,14,17,True,False,False,Həzi Aslanov,Bakı,3181.82
6469680,198000,AZN,2,65.0,14,17,True,False,False,Həzi Aslanov,Bakı,3046.15
6490195,269000,AZN,2,63.0,6,7,True,False,False,Nəsimi,Bakı,4269.84
6467748,310000,AZN,3,90.0,7,14,True,False,False,Həzi Aslanov,Bakı,3444.44
6467588,229000,AZN,3,105.0,16,18,True,False,False,Həzi Aslanov,Bakı,2180.95
6481889,171000,AZN,2,53.0,18,19,True,False,False,Xətai,Bakı,3226.42
6490192,255000,AZN,3,127.0,16,17,True,False,False,Memar Əcəmi,Bakı,2007.87
6483088,165000,AZN,2,68.0,15,19,True,False,False,Həzi Aslanov,Bakı,2426.47
6473484,175000,AZN,2,60.0,14,18,True,False,False,Həzi Aslanov,Bakı,2916.67
6265106,155000,AZN,2,44.0,5,13,True,False,False,Həzi Aslanov,Bakı,3522.73
6483104,242000,AZN,3,88.0,6,19,True,False,False,Xətai,Bakı,2750.0
6459687,249000,AZN,2,53.0,9,17,True,False,False,Nəriman Nərimanov,Bakı,4698.11
6474220,290000,AZN,3,110.0,7,20,True,False,False,Xətai,Bakı,2636.36
6468781,185000,AZN,2,65.0,14,17,True,False,False,Həzi Aslanov,Bakı,2846.15
6490191,235000,AZN,2,80.0,16,17,True,False,False,Azadlıq Prospekti,Bakı,2937.5
6459414,253000,AZN,3,106.0,10,19,True,False,False,Nizami,Bakı,2386.79
6467648,179000,AZN,2,53.0,3,16,True,False,False,Həzi Aslanov,Bakı,3377.36
6397913,699000,AZN,3,160.0,6,8,True,False,False,Xətai,Bakı,4368.75
6483223,240000,AZN,2,89.0,3,12,True,False,False,Əhmədli,Bakı,2696.63
6368018,367000,AZN,4,132.0,5,16,False,False,False,28 May,Bakı,2780.3
6483241,289000,AZN,3,95.0,15,20,True,False,False,Həzi Aslanov,Bakı,3042.11
6483245,184000,AZN,2,69.0,10,14,True,False,False,Həzi Aslanov,Bakı,2666.67
6472870,210000,AZN,2,68.0,14,15,True,False,False,Həzi Aslanov,Bakı,3088.24
6490187,160000,AZN,2,60.0,2,9,True,False,False,Əhmədli,Bakı,2666.67
6481853,175000,AZN,2,53.0,12,19,True,False,False,Xətai,Bakı,3301.89
6404061,459000,AZN,3,117.0,8,16,True,False,False,Gənclik,Bakı,3923.08
6481834,175000,AZN,3,53.0,15,19,True,False,False,Xətai,Bakı,3301.89
6414629,142000,AZN,3,70.0,5,5,True,False,False,Həzi Aslanov,Bakı,2028.57
6483469,190000,AZN,2,67.0,15,18,True,False,False,Əhmədli,Bakı,2835.82
6404213,605000,AZN,4,240.0,5,18,True,False,False,Gənclik,Bakı,2520.83
6485414,218000,AZN,2,63.0,6,16,True,False,False,Qara Qarayev,Bakı,3460.32
6490180,294000,AZN,3,112.0,8,17,False,False,False,Azadlıq Prospekti,Bakı,2625.0
6311289,239900,AZN,3,110.0,11,17,True,False,False,Həzi Aslanov,Bakı,2180.91
6485424,260000,AZN,2,76.0,9,17,True,False,False,Qara Qarayev,Bakı,3421.05
6038183,293000,AZN,3,112.8,11,14,False,False,False,Azadlıq Prospekti,Bakı,2597.52
6382577,142000,AZN,3,75.0,2,5,True,False,False,Mərdəkan,Bakı,1893.33
6468119,635000,AZN,4,160.0,8,17,True,False,False,Elmlər Akademiyası,Bakı,3968.75
6478812,239000,AZN,2,95.0,14,20,True,False,False,Xətai,Bakı,2515.79
6490177,219000,AZN,3,85.0,6,9,True,False,False,Memar Əcəmi,Bakı,2576.47
6483490,188000,AZN,2,68.0,17,20,True,False,False,Həzi Aslanov,Bakı,2764.71
6399640,335000,AZN,2,85.0,5,17,True,False,False,Nəsimi,Bakı,3941.18
6490176,124900,AZN,2,60.0,2,5,True,False,False,Xalqlar Dostluğu,Bakı,2081.67
6438890,535000,AZN,4,210.0,2,8,True,False,False,Nərimanov,Bakı,2547.62
6184475,175000,AZN,3,75.0,3,5,True,False,False,Xətai,Bakı,2333.33
6377529,318000,AZN,3,105.0,6,15,True,False,False,Xətai,Bakı,3028.57
6187381,144000,AZN,3,80.0,1,9,True,False,False,Yeni Günəşli,Bakı,1800.0
6204248,207000,AZN,4,105.0,3,9,True,False,False,Əhmədli,Bakı,1971.43
5852747,105000,AZN,2,30.0,6,9,True,False,False,Əhmədli,Bakı,3500.0
6201347,195000,AZN,5,120.0,9,9,True,False,False,Köhnə Günəşli,Bakı,1625.0
6352272,290000,AZN,4,104.0,5,7,True,False,False,Şah İsmayıl Xətai,Bakı,2788.46
6490172,360000,AZN,2,108.8,5,17,False,False,False,28 May,Bakı,3308.82
6490171,195000,AZN,3,80.0,4,5,True,False,False,Xalqlar Dostluğu,Bakı,2437.5
6210968,175000,AZN,3,80.0,9,9,True,False,False,Xətai,Bakı,2187.5
6474355,156000,AZN,2,60.0,3,16,True,False,False,Yeni Yasamal,Bakı,2600.0
6490170,776000,AZN,4,194.0,10,14,False,False,False,Nizami,Bakı,4000.0
6364024,115900,AZN,2,57.0,2,10,True,False,False,Yeni Günəşli,Bakı,2033.33
6473907,795000,AZN,4,171.0,12,17,True,False,False,Gənclik,Bakı,4649.12
6256009,178000,AZN,3,80.0,9,9,True,False,False,Əhmədli,Bakı,2225.0
6148318,530000,AZN,4,222.0,10,18,True,False,False,Elmlər Akademiyası,Bakı,2387.39
6400064,160000,AZN,2,41.0,6,9,True,False,False,Gənclik,Bakı,3902.44
5795419,143000,AZN,2,55.0,3,5,True,False,False,Memar Əcəmi,Bakı,2600.0
6406825,123000,AZN,2,51.0,19,19,True,False,False,Xalqlar Dostluğu,Bakı,2411.76
6436808,139000,AZN,2,65.0,8,9,True,False,False,Həzi Aslanov,Bakı,2138.46
6168607,320000,AZN,2,72.1,5,7,True,False,False,Sea Breeze,Bakı,4438.28
6404113,670000,AZN,4,198.0,2,12,True,False,False,Gənclik,Bakı,3383.84
6472428,158000,AZN,2,65.0,9,18,True,False,False,İnşaatçılar,Bakı,2430.77
6387376,93500,AZN,2,57.0,11,11,True,False,False,Masazır,Bakı,1640.35
6404161,670000,AZN,4,215.0,9,17,True,False,False,Nizami,Bakı,3116.28
6490162,248000,AZN,2,61.5,10,20,True,False,False,8 Noyabr,Bakı,4032.52
5548722,660000,AZN,3,148.4,6,8,False,False,False,Ağ şəhər,Bakı,4447.44
6346507,460000,AZN,3,95.0,15,20,True,False,False,Ağ şəhər,Bakı,4842.11
6432807,178000,AZN,3,76.0,2,11,True,False,False,Yeni Günəşli,Bakı,2342.11
6444202,79500,AZN,2,53.0,4,6,True,False,False,Masazır,Bakı,1500.0
6490155,420000,AZN,3,120.0,12,17,True,False,False,Gənclik,Bakı,3500.0
6490154,300000,AZN,3,138.0,3,18,False,False,False,8 Noyabr,Bakı,2173.91
6490156,179000,AZN,2,65.0,8,17,True,False,False,Nəsimi,Bakı,2753.85
6387070,105000,AZN,3,67.0,5,7,True,False,False,Masazır,Bakı,1567.16
6269569,77500,AZN,2,51.0,1,6,True,False,False,Masazır,Bakı,1519.61
6382206,85000,AZN,2,51.0,3,6,True,False,False,Masazır,Bakı,1666.67
6490151,174000,AZN,3,65.0,3,5,True,False,False,Memar Əcəmi,Bakı,2676.92
6478257,229900,AZN,2,85.3,9,15,False,False,False,Qara Qarayev,Bakı,2695.19
6434185,275000,AZN,3,120.0,10,17,True,False,False,Həzi Aslanov,Bakı,2291.67
6490150,215000,AZN,2,54.0,3,16,True,False,False,Nərimanov,Bakı,3981.48
6334975,160000,AZN,3,60.0,4,6,True,False,False,Həzi Aslanov,Bakı,2666.67
6489053,135000,AZN,2,48.0,4,9,True,False,False,İnşaatçılar,Bakı,2812.5
5330355,265000,AZN,3,148.0,16,17,False,False,False,Həzi Aslanov,Bakı,1790.54
6485754,136000,AZN,2,50.0,9,17,True,False,False,Yeni Günəşli,Bakı,2720.0
6490149,179000,AZN,3,85.0,2,6,False,False,False,Elmlər Akademiyası,Bakı,2105.88
6490147,355000,AZN,3,108.0,8,18,True,False,False,Badamdar,Bakı,3287.04
6490146,173000,AZN,2,44.0,7,11,True,False,False,Gənclik,Bakı,3931.82
6215193,259000,AZN,2,71.5,15,16,True,False,False,Koroğlu,Bakı,3622.38
6322778,134000,AZN,2,65.0,5,5,True,False,False,Həzi Aslanov,Bakı,2061.54
6490138,185000,AZN,2,44.0,4,17,True,False,False,Gənclik,Bakı,4204.55
6429354,255000,AZN,2,55.0,1,2,True,False,False,İçəri Şəhər,Bakı,4636.36
6243484,225000,AZN,3,80.0,4,9,True,False,False,Həzi Aslanov,Bakı,2812.5
6490130,350000,AZN,2,95.0,16,20,True,False,False,Nərimanov,Bakı,3684.21
6449641,300000,AZN,3,80.0,5,5,True,False,False,Nizami,Bakı,3750.0
6463960,165000,AZN,2,65.0,8,9,True,False,False,Əhmədli,Bakı,2538.46
6464010,235000,AZN,2,70.0,18,19,True,False,False,Qara Qarayev,Bakı,3357.14
6345311,342000,AZN,3,150.0,11,17,True,False,False,Həzi Aslanov,Bakı,2280.0
5750655,250000,AZN,3,120.0,1,5,True,False,False,Həzi Aslanov,Bakı,2083.33
6393153,205000,AZN,3,85.0,6,9,True,False,False,Həzi Aslanov,Bakı,2411.76
6391038,233000,AZN,5,110.0,2,9,True,False,False,Həzi Aslanov,Bakı,2118.18
6450515,199000,AZN,2,60.0,2,5,True,False,False,Nəsimi,Bakı,3316.67
6490123,191500,AZN,2,66.0,4,9,True,False,False,Əhmədli,Bakı,2901.52
6459695,188000,AZN,2,60.0,5,5,True,False,False,Yasamal,Bakı,3133.33
6456057,270000,AZN,3,98.0,7,14,True,False,False,Səbail,Bakı,2755.1
6473085,175000,AZN,3,75.0,8,9,True,False,False,Yeni Günəşli,Bakı,2333.33
6482544,209900,AZN,2,60.0,7,9,True,False,False,Gənclik,Bakı,3498.33
5979057,419500,AZN,3,101.0,14,16,False,False,False,Nəriman Nərimanov,Bakı,4153.47
6353725,157000,AZN,2,67.0,2,5,True,False,False,Xətai,Bakı,2343.28
6389945,145000,AZN,2,55.0,5,6,True,False,False,Həzi Aslanov,Bakı,2636.36
6347233,276000,AZN,3,88.0,3,17,True,False,False,Həzi Aslanov,Bakı,3136.36
6290794,340000,AZN,2,90.0,6,17,True,False,False,Nərimanov,Bakı,3777.78
6371385,280000,AZN,4,130.0,2,17,True,False,False,Həzi Aslanov,Bakı,2153.85
5947586,318000,AZN,3,105.0,6,15,True,False,False,Həzi Aslanov,Bakı,3028.57
6421408,169000,AZN,2,59.0,14,16,True,False,False,Həzi Aslanov,Bakı,2864.41
6347275,237000,AZN,3,85.0,2,16,True,False,False,Səbail,Bakı,2788.24
6105522,229000,AZN,3,98.0,5,15,True,False,False,Yeni Günəşli,Bakı,2336.73
6490117,145000,AZN,3,72.9,7,9,True,False,False,Suraxanı,Bakı,1989.03
6380864,205000,AZN,2,65.0,7,9,True,False,False,Gənclik,Bakı,3153.85
6405381,300000,AZN,3,100.0,3,10,True,False,False,Nəsimi,Bakı,3000.0
6345986,475000,AZN,4,192.0,16,20,False,False,False,Nəsimi,Bakı,2473.96
6347004,276000,AZN,3,88.0,3,17,True,False,False,Həzi Aslanov,Bakı,3136.36
6435822,238000,AZN,2,73.0,14,14,False,False,False,Nəriman Nərimanov,Bakı,3260.27
6430916,409000,AZN,3,118.0,6,17,True,False,False,Nərimanov,Bakı,3466.1
6435750,455000,AZN,3,136.0,9,16,True,False,False,Nəsimi,Bakı,3345.59
5620193,215000,AZN,3,120.0,13,14,True,False,False,Bakıxanov,Bakı,1791.67
6476338,192000,AZN,2,67.0,4,17,True,False,False,Həzi Aslanov,Bakı,2865.67
6407172,155000,AZN,2,55.0,2,9,True,False,False,Bakıxanov,Bakı,2818.18
6394431,189000,AZN,3,70.0,7,9,True,False,False,Həzi Aslanov,Bakı,2700.0
6076334,245000,AZN,2,77.0,2,16,True,False,False,20 Yanvar,Bakı,3181.82
6490105,600000,AZN,4,260.0,18,18,True,False,False,Şah İsmayıl Xətai,Bakı,2307.69
6411821,285000,AZN,3,98.0,9,18,True,False,False,28 May,Bakı,2908.16
6490104,160000,AZN,2,62.0,3,9,True,False,False,Yeni Yasamal,Bakı,2580.65
6003725,290000,AZN,2,75.0,14,18,True,False,False,Şah İsmayıl Xətai,Bakı,3866.67
6490101,475000,AZN,4,195.0,10,17,False,False,False,Şah İsmayıl Xətai,Bakı,2435.9
6237817,660000,AZN,4,174.0,5,16,True,False,False,Nəriman Nərimanov,Bakı,3793.1
4850287,620000,AZN,4,112.0,3,5,True,False,False,Sahil,Bakı,5535.71
6490099,265000,AZN,3,100.0,8,16,False,False,False,Qara Qarayev,Bakı,2650.0
6169020,349000,AZN,2,92.0,8,18,True,False,False,Nəriman Nərimanov,Bakı,3793.48
5988314,575000,AZN,4,125.0,8,16,True,False,False,Nəsimi,Bakı,4600.0
6236143,156000,AZN,2,62.0,5,6,True,False,False,Həzi Aslanov,Bakı,2516.13
4842535,365000,AZN,4,160.0,17,18,False,False,False,Nəsimi,Bakı,2281.25
6481718,229000,AZN,2,96.0,16,17,True,False,False,Həzi Aslanov,Bakı,2385.42
6401701,189000,AZN,3,65.0,7,9,True,False,False,Həzi Aslanov,Bakı,2907.69
6232955,455000,AZN,3,115.0,6,16,True,False,False,Nəsimi,Bakı,3956.52
6490089,185000,AZN,3,47.0,5,9,True,False,False,Elmlər Akademiyası,Bakı,3936.17
6157368,139000,AZN,2,65.0,6,12,True,False,False,Bakıxanov,Bakı,2138.46
6411536,428000,AZN,3,155.0,7,17,True,False,False,Elmlər Akademiyası,Bakı,2761.29
6490086,395000,AZN,3,105.0,18,19,True,False,False,Nəriman Nərimanov,Bakı,3761.9
6490087,285000,AZN,5,125.0,2,9,True,False,False,Əhmədli,Bakı,2280.0
6490085,158000,AZN,2,60.0,2,5,True,False,False,Memar Əcəmi,Bakı,2633.33
6490070,157000,AZN,2,44.0,5,5,True,False,False,İnşaatçılar,Bakı,3568.18
6490051,170000,AZN,2,85.0,7,13,True,False,False,Həzi Aslanov,Bakı,2000.0
6421633,275000,AZN,3,88.0,6,16,True,False,False,Həzi Aslanov,Bakı,3125.0
6490083,105000,AZN,2,36.0,2,5,True,False,False,8-ci mikrorayon,Bakı,2916.67
6490079,158000,AZN,3,60.0,9,9,True,False,False,Əhmədli,Bakı,2633.33
6362756,323000,AZN,4,170.0,4,7,False,False,False,Nərimanov,Bakı,1900.0
6490077,459000,AZN,3,93.0,14,20,True,False,False,Ağ şəhər,Bakı,4935.48
6431798,119472,AZN,1,33.0,28,29,True,False,False,Sea Breeze,Bakı,3620.36
6490074,87000,AZN,2,42.0,2,8,True,False,False,Masazır,Bakı,2071.43
6490069,207000,AZN,2,61.0,5,5,True,False,False,Elmlər Akademiyası,Bakı,3393.44
6490071,343000,AZN,3,126.0,2,16,True,False,False,Badamdar,Bakı,2722.22
5797463,178000,AZN,3,75.0,3,5,True,False,False,İnşaatçılar,Bakı,2373.33
6221710,1320000,AZN,4,220.0,4,20,False,False,False,Ağ şəhər,Bakı,6000.0
6490066,387000,AZN,2,85.0,8,16,True,False,False,Şah İsmayıl Xətai,Bakı,4552.94
5717511,247000,AZN,3,75.0,4,5,True,False,False,Elmlər Akademiyası,Bakı,3293.33
6490065,330000,AZN,3,93.0,14,19,True,False,False,İnşaatçılar,Bakı,3548.39
6490063,325000,AZN,3,135.0,12,17,True,False,False,9-cu mikrorayon,Bakı,2407.41
6399186,185000,AZN,3,60.0,3,17,True,False,False,Həzi Aslanov,Bakı,3083.33
6490061,280000,AZN,4,99.0,3,9,True,False,False,Hövsan,Bakı,2828.28
6490060,103200,AZN,2,68.8,15,17,False,False,False,Binəqədi,Bakı,1500.0
6490055,380000,AZN,3,150.0,16,21,True,False,False,28 May,Bakı,2533.33
6490057,177000,AZN,2,55.0,13,15,True,False,False,Həzi Aslanov,Bakı,3218.18
6449194,270000,AZN,3,90.0,14,19,True,False,False,Şah İsmayıl Xətai,Bakı,3000.0
6474221,250000,AZN,3,93.0,2,20,True,False,False,Nəsimi,Bakı,2688.17
6470636,380000,AZN,3,95.0,13,16,True,False,False,Nəriman Nərimanov,Bakı,4000.0
5668264,360000,AZN,3,96.0,14,18,True,False,False,Şah İsmayıl Xətai,Bakı,3750.0
6490046,198000,AZN,2,55.0,4,5,True,False,False,Nərimanov,Bakı,3600.0
6484274,435000,AZN,3,145.0,7,17,True,False,False,Elmlər Akademiyası,Bakı,3000.0
6490040,265000,AZN,3,127.0,11,12,True,False,False,Yeni Yasamal,Bakı,2086.61
6490041,540000,AZN,4,192.0,6,14,True,False,False,28 May,Bakı,2812.5
6490039,205000,AZN,3,62.0,3,5,True,False,False,Neftçilər,Bakı,3306.45
6376335,178000,AZN,2,55.0,9,20,True,False,False,20 Yanvar,Bakı,3236.36
6464680,376300,AZN,3,156.8,13,18,False,False,False,Nərimanov,Bakı,2399.87
6490033,177000,AZN,2,55.0,13,15,True,False,False,Həzi Aslanov,Bakı,3218.18
6464653,379200,AZN,3,158.0,15,18,False,False,False,Nərimanov,Bakı,2400.0
6464656,271000,AZN,2,113.1,5,17,False,False,False,Nərimanov,Bakı,2396.11
6451401,127500,AZN,2,36.0,4,5,True,False,False,Nəsimi,Bakı,3541.67
6133658,289000,AZN,2,75.0,17,21,True,False,False,Şah İsmayıl Xətai,Bakı,3853.33
6490034,460000,AZN,3,148.0,9,21,True,False,False,8 Noyabr,Bakı,3108.11
6461186,165000,AZN,2,61.0,15,17,True,False,False,Yeni Günəşli,Bakı,2704.92
6439142,165000,AZN,3,70.0,2,15,True,False,False,Yeni Günəşli,Bakı,2357.14
6490031,158000,AZN,2,55.0,2,5,True,False,False,Memar Əcəmi,Bakı,2872.73
6490028,425000,AZN,3,137.0,13,16,True,False,False,Nəsimi,Bakı,3102.19
6425230,233000,AZN,3,95.0,14,17,True,False,False,Memar Əcəmi,Bakı,2452.63
6490027,345000,AZN,3,125.0,5,17,True,False,False,Yeni Yasamal,Bakı,2760.0
6490025,165000,AZN,2,65.0,8,9,True,False,False,Əhmədli,Bakı,2538.46
5966293,208000,AZN,2,51.0,10,16,True,False,False,Dərnəgül,Bakı,4078.43
6121960,460000,AZN,3,122.0,4,17,True,False,False,Gənclik,Bakı,3770.49
6337642,310000,AZN,3,105.0,8,16,True,False,False,Neftçilər,Bakı,2952.38
6490015,450000,AZN,3,115.0,5,16,True,False,False,Nəsimi,Bakı,3913.04
6490021,198000,AZN,3,62.0,2,5,True,False,False,Elmlər Akademiyası,Bakı,3193.55
6403128,195000,AZN,2,65.0,6,9,True,False,False,Azadlıq Prospekti,Bakı,3000.0
6373865,91000,AZN,2,62.0,6,16,True,False,False,Abşeron,Xırdalan,1467.74
6395966,120000,AZN,3,68.0,2,6,True,False,False,Masazır,Bakı,1764.71
5956024,166000,AZN,3,80.0,1,9,True,False,False,Əhmədli,Bakı,2075.0
6490016,310000,AZN,4,240.0,13,13,True,False,False,Nəsimi,Bakı,1291.67
6490014,157800,AZN,2,55.0,2,5,True,False,False,Memar Əcəmi,Bakı,2869.09
6490013,225000,AZN,3,103.3,4,16,False,False,False,Həzi Aslanov,Bakı,2178.12
6490012,375000,AZN,2,68.0,10,20,True,False,False,Şah İsmayıl Xətai,Bakı,5514.71
6430939,165000,AZN,3,69.0,3,17,True,False,False,Yeni Günəşli,Bakı,2391.3
6468762,585000,AZN,4,181.2,6,16,True,False,False,Nəriman Nərimanov,Bakı,3228.48
6069827,345000,AZN,3,92.0,13,18,True,False,False,8 Noyabr,Bakı,3750.0
6382648,270000,AZN,3,82.0,7,7,True,False,False,Şah İsmayıl Xətai,Bakı,3292.68
6490008,206000,AZN,3,115.0,11,15,False,False,False,Avtovağzal,Bakı,1791.3
6490005,164500,AZN,3,80.0,1,9,True,False,False,Köhnə Günəşli,Bakı,2056.25
5386639,206000,AZN,3,96.0,7,17,True,False,False,Yeni Yasamal,Bakı,2145.83
6098496,165000,AZN,2,83.0,10,16,True,False,False,Abşeron,Xırdalan,1987.95
6490001,80000,AZN,2,44.0,3,5,True,False,False,Masazır,Bakı,1818.18
5461356,830000,AZN,8,250.0,2,2,True,False,False,Nizami,Bakı,3320.0
6438994,238000,AZN,4,110.0,6,9,True,False,False,Yeni Yasamal,Bakı,2163.64
5340767,183000,AZN,2,56.0,8,18,True,False,False,Memar Əcəmi,Bakı,3267.86
6315270,232000,AZN,3,132.0,7,20,False,False,False,İnşaatçılar,Bakı,1757.58
6474796,397000,AZN,2,96.0,4,19,True,False,False,28 May,Bakı,4135.42
6311913,360000,AZN,4,180.0,4,18,True,False,False,Memar Əcəmi,Bakı,2000.0
5829390,150000,AZN,2,55.0,4,5,True,False,False,20 Yanvar,Bakı,2727.27
6489994,245000,AZN,3,87.0,10,15,True,False,False,Azadlıq Prospekti,Bakı,2816.09
6489997,220000,AZN,3,90.0,10,16,True,False,False,Həzi Aslanov,Bakı,2444.44
6489996,185000,AZN,2,65.0,7,9,True,False,False,9-cu mikrorayon,Bakı,2846.15
6489995,274000,AZN,2,59.0,5,18,True,False,False,Nəriman Nərimanov,Bakı,4644.07
6154628,192000,AZN,2,71.0,6,10,True,False,False,Həzi Aslanov,Bakı,2704.23
6376906,295000,AZN,3,125.0,17,21,True,False,False,İnşaatçılar,Bakı,2360.0
5703477,162000,AZN,2,57.0,6,16,True,False,False,Həzi Aslanov,Bakı,2842.11
6405767,202000,AZN,2,83.0,15,15,False,False,False,Nəriman Nərimanov,Bakı,2433.73
6122549,170000,AZN,2,55.0,14,20,True,False,False,Həzi Aslanov,Bakı,3090.91
6466824,185000,AZN,2,65.0,7,9,True,False,False,Memar Əcəmi,Bakı,2846.15
6155749,83000,AZN,2,57.0,1,6,True,False,False,Masazır,Bakı,1456.14
6407034,547000,AZN,3,154.0,9,16,False,False,False,Nizami,Bakı,3551.95
5442671,280000,AZN,3,110.0,19,20,True,False,False,8 Noyabr,Bakı,2545.45
6486488,89500,AZN,2,42.0,3,4,True,False,False,Masazır,Bakı,2130.95
5824417,144450,AZN,4,107.0,7,11,False,False,False,Məmmədli,Bakı,1350.0
6405835,295000,AZN,2,90.0,4,16,True,False,False,Şah İsmayıl Xətai,Bakı,3277.78
6489990,208000,AZN,3,75.0,16,18,True,False,False,Yasamal,Bakı,2773.33
6489986,585000,AZN,4,181.4,6,16,True,False,False,Nəriman Nərimanov,Bakı,3224.92
6471309,116000,AZN,2,36.0,5,5,True,False,False,Memar Əcəmi,Bakı,3222.22
6489987,278000,AZN,5,110.0,3,5,True,False,False,Azadlıq Prospekti,Bakı,2527.27
6136176,226000,AZN,5,125.0,2,9,True,False,False,Əhmədli,Bakı,1808.0
6323457,105000,AZN,4,83.0,4,6,True,False,False,Masazır,Bakı,1265.06
6489981,197000,AZN,4,90.0,2,9,True,False,False,Neftçilər,Bakı,2188.89
6093208,280000,AZN,4,142.0,18,20,True,False,False,Yeni Yasamal,Bakı,1971.83
6489978,169000,AZN,3,90.0,3,5,True,False,False,Memar Əcəmi,Bakı,1877.78
4887581,440000,AZN,3,127.0,16,18,True,False,False,Səbail,Bakı,3464.57
4887615,665000,AZN,5,222.0,8,18,True,False,False,Səbail,Bakı,2995.5
6160764,400000,AZN,3,117.0,6,15,True,False,False,28 May,Bakı,3418.8
6489875,205000,AZN,2,67.0,7,17,True,False,False,Əhmədli,Bakı,3059.7
4813690,605000,AZN,3,189.0,4,14,False,False,False,Nizami,Bakı,3201.06
6489976,179000,AZN,2,65.0,3,10,True,False,False,Xalqlar Dostluğu,Bakı,2753.85
6163462,1325000,AZN,5,265.0,16,17,False,False,False,Elmlər Akademiyası,Bakı,5000.0
6086520,225000,AZN,4,85.0,6,9,True,False,False,Həzi Aslanov,Bakı,2647.06
5617629,290000,AZN,3,158.0,3,6,True,False,False,Şıxov,Bakı,1835.44
5853595,875000,AZN,5,203.0,3,8,False,False,False,Ağ şəhər,Bakı,4310.34
6456243,205000,AZN,2,70.0,7,9,True,False,False,Gənclik,Bakı,2928.57
6460893,520071,AZN,2,83.0,6,6,True,False,False,Ağ şəhər,Bakı,6265.92
6402302,530000,AZN,3,155.0,17,19,True,False,False,Nizami,Bakı,3419.35
6402334,500000,AZN,4,200.0,18,19,True,False,False,Nizami,Bakı,2500.0
5730140,340000,AZN,3,120.0,5,14,True,False,False,28 May,Bakı,2833.33
6183902,110000,AZN,3,71.0,3,6,True,False,False,Masazır,Bakı,1549.3
6395218,255000,AZN,3,90.0,3,18,True,False,False,Neftçilər,Bakı,2833.33
6405856,173000,AZN,2,50.0,7,11,True,False,False,28 May,Bakı,3460.0
6489972,223000,AZN,2,73.0,9,18,True,False,False,Azadlıq Prospekti,Bakı,3054.79
6118053,365000,AZN,3,90.0,2,17,True,False,False,İçəri Şəhər,Bakı,4055.56
6311840,85000,AZN,2,62.0,12,13,True,False,False,Masazır,Bakı,1370.97
6462412,208000,AZN,3,80.0,11,13,True,False,False,Neftçilər,Bakı,2600.0
6197918,150000,AZN,2,46.0,12,12,True,False,False,Bakıxanov,Bakı,3260.87
5968407,310000,AZN,3,108.0,11,16,True,False,False,Qara Qarayev,Bakı,2870.37
5923895,177000,AZN,2,51.0,13,15,True,False,False,Həzi Aslanov,Bakı,3470.59
6483527,175000,AZN,4,120.0,3,6,True,False,False,Masazır,Bakı,1458.33
6459461,175000,AZN,3,65.0,4,9,True,False,False,Əhmədli,Bakı,2692.31
6354316,115000,AZN,3,64.0,9,9,True,False,False,Hövsan,Bakı,1796.88
6352412,215000,AZN,3,60.0,5,5,True,False,False,Gənclik,Bakı,3583.33
6489966,154000,AZN,2,55.0,3,5,True,False,False,Memar Əcəmi,Bakı,2800.0
6489965,268000,AZN,2,90.0,16,17,True,False,False,Xətai,Bakı,2977.78
6489964,210000,AZN,3,85.0,1,5,True,False,False,Səbail,Bakı,2470.59
6379053,380000,AZN,3,116.0,10,14,True,False,False,28 May,Bakı,3275.86
6255467,201042,AZN,1,43.8,3,10,False,False,False,Nardaran,Bakı,4590.0
6355895,157000,AZN,2,52.0,3,9,True,False,False,Nərimanov,Bakı,3019.23
6477514,165000,AZN,4,110.0,7,9,True,False,False,Qaraçuxur,Bakı,1500.0
6238023,156500,AZN,2,62.0,5,6,True,False,False,Xətai,Bakı,2524.19
6389645,525000,AZN,4,178.0,12,17,True,False,False,Nəsimi,Bakı,2949.44
6322749,342000,AZN,3,150.0,11,18,True,False,False,Həzi Aslanov,Bakı,2280.0
6255499,187000,AZN,1,40.7,4,10,False,False,False,Nardaran,Bakı,4594.59
6476977,174700,AZN,2,60.0,14,18,True,False,False,Həzi Aslanov,Bakı,2911.67
6489957,235000,AZN,2,60.0,3,6,True,False,False,Nizami,Bakı,3916.67
6243391,156000,AZN,2,62.0,5,6,True,False,False,Həzi Aslanov,Bakı,2516.13
6489956,185000,AZN,2,40.0,2,5,True,False,False,28 May,Bakı,4625.0
3778417,760000,AZN,4,200.0,7,16,True,False,False,Nəriman Nərimanov,Bakı,3800.0
6147804,305000,AZN,2,100.0,15,21,False,False,False,Nəsimi,Bakı,3050.0
6489953,460000,AZN,3,161.0,13,16,True,False,False,28 May,Bakı,2857.14
6489948,198000,AZN,2,62.0,5,18,True,False,False,20 Yanvar,Bakı,3193.55
6317320,1200000,AZN,4,245.0,15,22,True,False,False,28 May,Bakı,4897.96
5926688,490000,AZN,3,130.0,12,16,True,False,False,Nəriman Nərimanov,Bakı,3769.23
6489947,130000,AZN,2,50.0,8,16,True,False,False,Massiv D,Bakı,2600.0
6438481,510000,AZN,4,120.0,3,4,True,False,False,İçəri Şəhər,Bakı,4250.0
6087146,349000,AZN,3,90.0,4,5,True,False,False,Nizami,Bakı,3877.78
5346247,210000,AZN,5,120.0,2,9,True,False,False,Xətai,Bakı,1750.0
6032887,340000,AZN,3,146.0,15,16,False,False,False,20 Yanvar,Bakı,2328.77
6475202,270000,AZN,3,80.0,4,5,True,False,False,Yasamal,Bakı,3375.0
6459357,610000,AZN,3,172.0,6,17,True,False,False,Elmlər Akademiyası,Bakı,3546.51
6489941,1214000,AZN,4,213.0,5,8,False,False,False,Ağ şəhər,Bakı,5699.53
6309945,167000,AZN,4,65.0,1,9,True,False,False,Hövsan,Bakı,2569.23
6390593,182000,AZN,2,62.0,6,12,True,False,False,İnşaatçılar,Bakı,2935.48
6322728,175000,AZN,3,65.0,7,9,True,False,False,Neftçilər,Bakı,2692.31
6489937,170000,AZN,4,107.0,5,11,True,False,False,Məmmədli,Bakı,1588.79
6489933,340000,AZN,3,94.0,7,16,True,False,False,Neftçilər,Bakı,3617.02
6489932,345000,AZN,3,150.0,5,18,True,False,False,Nəsimi,Bakı,2300.0
6404442,141000,AZN,1,35.0,2,5,True,False,False,Yasamal,Bakı,4028.57
6402680,380000,AZN,2,75.0,6,18,True,False,False,Səbail,Bakı,5066.67
6402750,585000,AZN,3,130.0,6,12,True,False,False,Nizami,Bakı,4500.0
6489925,150000,AZN,2,50.0,5,20,True,False,False,Yeni Yasamal,Bakı,3000.0
6489931,279000,AZN,3,140.0,16,19,True,False,False,İnşaatçılar,Bakı,1992.86
6431026,290000,AZN,3,69.0,16,18,True,False,False,Bakmil,Bakı,4202.9
6352017,65000,AZN,1,20.0,1,6,True,False,False,Bayıl,Bakı,3250.0
6421775,139000,AZN,2,45.0,3,5,True,False,False,Memar Əcəmi,Bakı,3088.89
6489924,495000,AZN,3,92.0,5,18,True,False,False,28 May,Bakı,5380.43
6467349,1039600,AZN,4,226.1,12,18,False,False,False,Gənclik,Bakı,4597.97
6421737,114000,AZN,2,68.0,4,9,True,False,False,Masazır,Bakı,1676.47
6467370,1251000,AZN,4,272.4,12,18,False,False,False,Gənclik,Bakı,4592.51
6489923,240000,AZN,2,62.0,12,16,True,False,False,Dərnəgül,Bakı,3870.97
6356846,140000,AZN,3,55.0,2,5,True,False,False,Memar Əcəmi,Bakı,2545.45
5946803,80500,AZN,2,57.0,5,6,True,False,False,Masazır,Bakı,1412.28
6485810,295000,AZN,3,110.0,16,17,True,False,False,Səbail,Bakı,2681.82
6489921,227500,AZN,3,130.0,10,12,False,False,False,Bakıxanov,Bakı,1750.0
5739939,200000,AZN,2,65.0,7,9,True,False,False,Gənclik,Bakı,3076.92
6252317,210000,AZN,2,66.0,14,16,True,False,False,Həzi Aslanov,Bakı,3181.82
6327495,157000,AZN,2,55.0,3,9,True,False,False,Nərimanov,Bakı,2854.55
6310988,59000,AZN,1,54.0,5,6,False,False,False,Masazır,Bakı,1092.59
6477535,348000,AZN,3,135.0,12,14,True,False,False,Nərimanov,Bakı,2577.78
6473719,175000,AZN,2,60.0,14,18,True,False,False,Həzi Aslanov,Bakı,2916.67
6460943,134000,AZN,1,36.0,4,5,True,False,False,Şah İsmayıl Xətai,Bakı,3722.22
6123470,470000,AZN,2,105.0,11,15,True,False,False,Nəsimi,Bakı,4476.19
6489917,232000,AZN,3,132.0,8,20,False,False,False,İnşaatçılar,Bakı,1757.58
6150088,150000,AZN,2,65.0,3,5,True,False,False,Memar Əcəmi,Bakı,2307.69
5799767,720000,AZN,4,230.0,5,16,True,False,False,Nəsimi,Bakı,3130.43
5885251,145000,AZN,2,58.0,3,5,True,False,False,Memar Əcəmi,Bakı,2500.0
6489914,275000,AZN,3,80.0,4,9,True,False,False,İçəri Şəhər,Bakı,3437.5
6182246,378000,AZN,4,146.0,5,19,True,False,False,Həzi Aslanov,Bakı,2589.04
6145180,420000,AZN,3,170.0,8,15,True,False,False,Nəriman Nərimanov,Bakı,2470.59
6317570,310000,AZN,3,158.0,4,6,True,False,False,Səbail,Bakı,1962.03
6489913,165000,AZN,2,61.0,15,17,True,False,False,Massiv D,Bakı,2704.92
6334493,122000,AZN,2,65.0,6,7,True,False,False,Hövsan,Bakı,1876.92
6299148,180000,AZN,3,65.0,5,5,True,False,False,Neftçilər,Bakı,2769.23
6299451,165000,AZN,2,75.0,3,20,True,False,False,Nizami,Bakı,2200.0
6476051,245000,AZN,3,89.5,6,16,True,False,False,Yeni Yasamal,Bakı,2737.43
6296375,79500,AZN,2,48.0,4,8,True,False,False,Masazır,Bakı,1656.25
6489912,520000,AZN,4,191.0,9,16,True,False,False,Elmlər Akademiyası,Bakı,2722.51
6091284,280312,AZN,2,90.5,6,14,False,False,False,Nardaran,Bakı,3097.37
6414082,177000,AZN,2,55.0,13,15,True,False,False,Həzi Aslanov,Bakı,3218.18
6433364,235000,AZN,3,90.0,7,14,True,False,False,Neftçilər,Bakı,2611.11
6453021,230000,AZN,3,90.0,12,16,True,False,False,Neftçilər,Bakı,2555.56
6365859,215000,AZN,2,63.7,11,16,True,False,False,Xətai,Bakı,3375.2
6433616,143000,AZN,2,40.0,3,16,True,False,False,Qara Qarayev,Bakı,3575.0
6489903,190000,AZN,2,74.5,8,16,True,False,False,Həzi Aslanov,Bakı,2550.34
6489905,190000,AZN,3,72.0,13,17,True,False,False,Həzi Aslanov,Bakı,2638.89
6433863,158000,AZN,2,50.0,1,5,True,False,False,Qara Qarayev,Bakı,3160.0
6489904,135000,AZN,3,62.0,8,9,True,False,False,Yeni Günəşli,Bakı,2177.42
6453051,225000,AZN,2,70.0,15,16,True,False,False,Neftçilər,Bakı,3214.29
6215049,490000,AZN,6,270.0,19,20,True,False,False,8 Noyabr,Bakı,1814.81
6476544,368000,AZN,4,132.0,5,15,False,False,False,28 May,Bakı,2787.88
6347540,132000,AZN,2,35.0,1,5,True,False,False,Neftçilər,Bakı,3771.43
6489900,234000,AZN,1,54.4,4,16,False,False,False,Nizami,Bakı,4301.47
6489897,1530000,AZN,4,198.0,9,13,True,False,False,Nəsimi,Bakı,7727.27
6423669,250000,AZN,3,100.0,7,11,True,False,False,Neftçilər,Bakı,2500.0
6472417,190000,AZN,3,90.0,8,14,True,False,False,Xətai,Bakı,2111.11
5848902,335000,AZN,4,156.0,16,17,False,False,False,Badamdar,Bakı,2147.44
6091372,856600,AZN,3,229.0,10,14,False,False,False,Nardaran,Bakı,3740.61
6471337,115000,AZN,1,32.0,5,5,True,False,False,Nəsimi,Bakı,3593.75
6091409,196900,AZN,1,58.9,8,14,False,False,False,Nardaran,Bakı,3342.95
6385790,458000,AZN,3,130.0,12,16,True,False,False,Şah İsmayıl Xətai,Bakı,3523.08
6091254,197520,AZN,1,58.2,10,14,False,False,False,Nardaran,Bakı,3393.81
6091810,209305,AZN,1,63.5,6,14,False,False,False,Nardaran,Bakı,3296.14
6091770,140280,AZN,1,43.0,13,14,False,False,False,Nardaran,Bakı,3262.33
6091786,239955,AZN,2,73.9,4,14,False,False,False,Nardaran,Bakı,3247.02
6248327,240000,AZN,2,100.0,4,16,True,False,False,Nəsimi,Bakı,2400.0
6255412,499000,AZN,3,132.5,6,14,False,False,False,Nardaran,Bakı,3766.04
6479131,210000,AZN,3,75.0,17,20,True,False,False,Memar Əcəmi,Bakı,2800.0
6091419,139300,AZN,1,43.0,12,14,False,False,False,Nardaran,Bakı,3239.53
6453571,365000,AZN,3,133.0,13,15,True,False,False,Nəsimi,Bakı,2744.36
6450796,355000,AZN,3,115.0,4,14,True,False,False,8-ci mikrorayon,Bakı,3086.96
6489893,244000,AZN,3,137.0,13,13,True,False,False,Yeni Günəşli,Bakı,1781.02
6193923,124000,AZN,2,45.0,3,5,True,False,False,Həzi Aslanov,Bakı,2755.56
6233820,200000,AZN,2,54.0,3,18,True,False,False,Nərimanov,Bakı,3703.7
6322077,177000,AZN,2,62.0,5,16,True,False,False,Memar Əcəmi,Bakı,2854.84
6412056,310000,AZN,4,110.0,16,18,True,False,False,Dərnəgül,Bakı,2818.18
6433265,273000,AZN,2,60.0,4,17,True,False,False,Nəriman Nərimanov,Bakı,4550.0
6489887,225000,AZN,3,75.0,2,5,True,False,False,Nərimanov,Bakı,3000.0
6405766,250000,AZN,3,112.0,14,19,,False,False,Bakıxanov,Bakı,2232.14
6425776,249000,AZN,2,54.0,9,16,True,False,False,Nəriman Nərimanov,Bakı,4611.11
6489888,340000,AZN,4,130.0,19,20,True,False,False,Xalqlar Dostluğu,Bakı,2615.38
6374519,95900,AZN,2,35.0,1,3,True,False,False,Sahil,Bakı,2740.0
6480909,255000,AZN,2,49.0,8,20,True,False,False,Nəsimi,Bakı,5204.08
6480969,355000,AZN,3,108.0,8,18,True,False,False,Badamdar,Bakı,3287.04
6454613,225000,AZN,3,90.0,8,9,True,False,False,Nəsimi,Bakı,2500.0
6281819,273000,AZN,2,113.1,10,16,False,False,False,Nərimanov,Bakı,2413.79
6454657,245000,AZN,3,90.0,7,9,True,False,False,Nəsimi,Bakı,2722.22
6489885,160000,AZN,2,74.6,2,20,True,False,False,Əhmədli,Bakı,2144.77
6487693,485000,AZN,3,130.0,8,17,True,False,False,28 May,Bakı,3730.77
6489882,160000,AZN,2,65.0,3,9,True,False,False,Yeni Yasamal,Bakı,2461.54
6489883,295000,AZN,4,110.0,18,19,True,False,False,Badamdar,Bakı,2681.82
6487496,695000,AZN,4,178.0,5,16,True,False,False,Nəriman Nərimanov,Bakı,3904.49
6489878,212000,AZN,3,80.0,7,9,True,False,False,Xalqlar Dostluğu,Bakı,2650.0
6130738,276000,AZN,3,135.0,5,12,True,False,False,Həzi Aslanov,Bakı,2044.44
6430181,149900,AZN,1,42.0,3,4,True,False,False,28 May,Bakı,3569.05
6469459,165000,AZN,1,62.0,18,18,True,False,False,Xətai,Bakı,2661.29
6489876,239000,AZN,4,94.0,4,9,True,False,False,Əhmədli,Bakı,2542.55
6402578,229500,AZN,3,178.0,7,15,True,False,False,Bakıxanov,Bakı,1289.33
6489871,205000,AZN,2,67.0,7,17,True,False,False,Həzi Aslanov,Bakı,3059.7
6475076,649000,AZN,4,190.0,16,18,False,False,False,28 May,Bakı,3415.79
6465246,80000,AZN,2,50.0,18,18,True,False,False,Binəqədi,Bakı,1600.0
6489869,420000,AZN,4,202.0,10,16,True,False,False,Nizami,Bakı,2079.21
6478453,174500,AZN,2,60.0,4,4,True,False,False,Şah İsmayıl Xətai,Bakı,2908.33
6489870,429000,AZN,3,151.0,16,18,True,False,False,Badamdar,Bakı,2841.06
6446929,745000,AZN,4,196.1,6,17,False,False,False,Nəsimi,Bakı,3799.08
6489868,380000,AZN,3,138.0,13,17,True,False,False,Nəsimi,Bakı,2753.62
6460720,480000,AZN,3,95.0,5,20,True,False,False,Şah İsmayıl Xətai,Bakı,5052.63
6460672,480000,AZN,3,146.0,9,17,False,False,False,28 May,Bakı,3287.67
6469161,340000,AZN,3,120.0,9,15,True,False,False,İnşaatçılar,Bakı,2833.33
5734677,285000,AZN,1,45.0,6,6,True,False,False,Ağ şəhər,Bakı,6333.33
6489865,161000,AZN,1,61.0,13,14,True,False,False,Dərnəgül,Bakı,2639.34
6489862,345000,AZN,3,141.0,3,19,True,False,False,20 Yanvar,Bakı,2446.81
6439338,145000,AZN,2,41.0,3,5,True,False,False,Memar Əcəmi,Bakı,3536.59
6468566,565000,AZN,3,120.0,8,15,True,False,False,İçəri Şəhər,Bakı,4708.33
6468649,560000,AZN,3,110.0,5,17,True,False,False,28 May,Bakı,5090.91
6474321,288000,AZN,2,100.0,11,18,False,False,False,Gənclik,Bakı,2880.0
6489852,155000,AZN,2,58.0,9,9,True,False,False,Memar Əcəmi,Bakı,2672.41
6489851,225000,AZN,3,80.0,8,9,True,False,False,Əhmədli,Bakı,2812.5
6472217,310000,AZN,3,80.0,8,16,True,False,False,28 May,Bakı,3875.0
6489850,185000,AZN,2,68.0,5,5,True,False,False,Elmlər Akademiyası,Bakı,2720.59
6489849,220000,AZN,3,85.0,8,16,True,False,False,Xətai,Bakı,2588.24
6489848,485000,AZN,5,190.0,8,17,True,False,False,Elmlər Akademiyası,Bakı,2552.63
6489845,200000,AZN,2,35.0,1,17,True,False,False,28 May,Bakı,5714.29
6489846,210000,AZN,3,76.0,3,11,True,False,False,Əhmədli,Bakı,2763.16
5987475,870000,AZN,4,181.0,6,17,True,False,False,Elmlər Akademiyası,Bakı,4806.63
6069447,920000,AZN,4,185.0,3,17,True,False,False,Elmlər Akademiyası,Bakı,4972.97
6404923,850000,AZN,6,360.0,10,11,True,False,False,Şah İsmayıl Xətai,Bakı,2361.11
6489841,259000,AZN,3,107.0,15,19,True,False,False,İnşaatçılar,Bakı,2420.56
6427487,99000,AZN,2,41.0,5,11,True,False,False,Abşeron,Xırdalan,2414.63
6489840,309000,AZN,4,124.0,7,14,True,False,False,Əhmədli,Bakı,2491.94
6058848,175000,AZN,3,60.0,8,9,True,False,False,Həzi Aslanov,Bakı,2916.67
6379422,274000,AZN,3,120.0,4,18,True,False,False,Həzi Aslanov,Bakı,2283.33
6369639,219000,AZN,4,85.0,2,5,True,False,False,Neftçilər,Bakı,2576.47
6489837,169000,AZN,3,85.0,3,5,True,False,False,Memar Əcəmi,Bakı,1988.24
6381079,162000,AZN,2,58.0,6,16,True,False,False,Həzi Aslanov,Bakı,2793.1
6489836,91000,AZN,2,54.0,10,11,True,False,False,Masazır,Bakı,1685.19
6069722,226000,AZN,2,80.0,6,19,True,False,False,Xətai,Bakı,2825.0
6434027,330000,AZN,3,95.0,14,20,True,False,False,İnşaatçılar,Bakı,3473.68
6273887,189000,AZN,3,90.0,4,16,True,False,False,Nəsimi,Bakı,2100.0
6489834,175000,AZN,2,71.0,4,9,True,False,False,Nəsimi,Bakı,2464.79
6473200,175000,AZN,2,55.0,14,17,True,False,False,Həzi Aslanov,Bakı,3181.82
5998125,240000,AZN,3,100.0,2,5,True,False,False,Bakıxanov,Bakı,2400.0
6287117,102000,AZN,3,55.0,3,4,True,False,False,Qaraçuxur,Bakı,1854.55
6345950,195000,AZN,4,100.0,1,5,True,False,False,Nərimanov,Bakı,1950.0
6330746,395000,AZN,3,118.0,5,12,False,False,False,28 May,Bakı,3347.46
6240318,251000,AZN,3,85.0,5,9,True,False,False,Nərimanov,Bakı,2952.94
5783735,470000,AZN,3,165.0,1,12,True,False,False,Nəriman Nərimanov,Bakı,2848.48
6189951,212000,AZN,2,92.0,17,18,True,False,False,Qara Qarayev,Bakı,2304.35
6489829,210000,AZN,2,65.0,14,16,True,False,False,Həzi Aslanov,Bakı,3230.77
6489036,289000,AZN,2,90.0,4,17,True,False,False,Qara Qarayev,Bakı,3211.11
6187056,235000,AZN,2,100.0,8,16,True,False,False,Nizami,Bakı,2350.0
6176452,167000,AZN,3,70.0,1,5,True,False,False,Memar Əcəmi,Bakı,2385.71
6464698,395000,AZN,3,103.0,18,19,True,False,False,Nəriman Nərimanov,Bakı,3834.95
6252975,219000,AZN,3,85.0,7,9,True,False,False,Xalqlar Dostluğu,Bakı,2576.47
6489825,127500,AZN,1,42.0,10,12,True,False,False,Yasamal,Bakı,3035.71
4862606,62000,AZN,1,57.0,5,6,False,False,False,Masazır,Bakı,1087.72
6393408,465000,AZN,3,140.0,15,16,True,False,False,Gənclik,Bakı,3321.43
6405046,151000,AZN,2,52.0,12,18,True,False,False,İnşaatçılar,Bakı,2903.85
6403698,225000,AZN,5,130.0,7,9,True,False,False,Yeni Yasamal,Bakı,1730.77
6404972,159000,AZN,2,68.0,9,16,True,False,False,Yeni Yasamal,Bakı,2338.24
6440642,365000,AZN,3,101.0,3,18,True,False,False,Nəriman Nərimanov,Bakı,3613.86
6322591,230000,AZN,3,115.0,19,20,True,False,False,İnşaatçılar,Bakı,2000.0
6399537,272000,AZN,3,125.0,18,19,True,False,False,İnşaatçılar,Bakı,2176.0
6440596,255000,AZN,2,68.0,18,19,True,False,False,Nəriman Nərimanov,Bakı,3750.0
6486148,89000,AZN,2,62.0,1,6,True,False,False,Masazır,Bakı,1435.48
6405653,655000,AZN,3,150.0,6,18,True,False,False,Elmlər Akademiyası,Bakı,4366.67
6470331,190000,AZN,3,64.0,12,18,True,False,False,7-ci mikrorayon,Bakı,2968.75
6387656,95000,AZN,3,73.0,2,5,True,False,False,Masazır,Bakı,1301.37
6429734,265000,AZN,3,106.0,8,16,True,False,False,Həzi Aslanov,Bakı,2500.0
6484494,245000,AZN,3,102.0,13,18,True,False,False,Memar Əcəmi,Bakı,2401.96
6478623,188000,AZN,2,62.0,5,18,True,False,False,Memar Əcəmi,Bakı,3032.26
6392498,355000,AZN,2,84.0,7,20,True,False,False,Elmlər Akademiyası,Bakı,4226.19
6485583,154000,AZN,2,48.0,2,9,True,False,False,Xalqlar Dostluğu,Bakı,3208.33
6476828,198000,AZN,3,75.0,13,17,True,False,False,Nəsimi,Bakı,2640.0
6432134,288000,AZN,3,110.0,7,20,True,False,False,Həzi Aslanov,Bakı,2618.18
6385040,795000,AZN,4,171.0,12,17,True,False,False,Nəsimi,Bakı,4649.12
6489818,495000,AZN,4,182.0,4,17,True,False,False,Dərnəgül,Bakı,2719.78
6489005,225000,AZN,4,90.0,4,16,True,False,False,20 Yanvar,Bakı,2500.0
6484385,225000,AZN,2,80.0,10,16,True,False,False,7-ci mikrorayon,Bakı,2812.5
6467501,230000,AZN,3,115.0,5,10,True,False,False,Xalqlar Dostluğu,Bakı,2000.0
6399387,158000,AZN,3,71.0,2,5,True,False,False,Badamdar,Bakı,2225.35
6489815,62000,AZN,2,32.0,1,15,True,False,False,Abşeron,Xırdalan,1937.5
6486396,149000,AZN,3,85.0,4,5,True,False,False,Əhmədli,Bakı,1752.94
6489813,186000,AZN,2,80.0,3,17,True,False,False,Əhmədli,Bakı,2325.0
6163165,305000,AZN,3,135.0,5,17,True,False,False,Memar Əcəmi,Bakı,2259.26
6487419,295000,AZN,3,101.0,12,17,True,False,False,20 Yanvar,Bakı,2920.79
6469414,285000,AZN,2,70.0,13,19,True,False,False,8-ci mikrorayon,Bakı,4071.43
6426411,207000,AZN,4,90.0,2,5,True,False,False,Xalqlar Dostluğu,Bakı,2300.0
6445828,320000,AZN,4,110.0,3,9,True,False,False,Nəriman Nərimanov,Bakı,2909.09
6405644,178000,AZN,3,68.8,8,17,True,False,False,Massiv D,Bakı,2587.21
5727068,309999,AZN,3,126.0,4,19,False,False,False,Həzi Aslanov,Bakı,2460.31
6403967,165000,AZN,2,65.0,8,9,True,False,False,Əhmədli,Bakı,2538.46
6489811,293000,AZN,2,80.0,10,11,True,False,False,8 Noyabr,Bakı,3662.5
6489810,350000,AZN,3,125.0,7,19,True,False,False,Xalqlar Dostluğu,Bakı,2800.0
6480966,128000,AZN,2,45.0,3,9,True,False,False,Əhmədli,Bakı,2844.44
6489806,220000,AZN,3,87.0,2,9,True,False,False,20 Yanvar,Bakı,2528.74
6339484,250000,AZN,4,94.0,9,9,True,False,False,Memar Əcəmi,Bakı,2659.57
6332772,141000,AZN,2,50.0,3,5,True,False,False,Neftçilər,Bakı,2820.0
6354972,81500,AZN,2,50.0,7,11,True,False,False,Abşeron,Xırdalan,1630.0
6480891,172000,AZN,5,120.0,9,9,True,False,False,Suraxanı,Bakı,1433.33
6489808,105000,AZN,2,60.0,4,4,True,False,False,Lökbatan,Bakı,1750.0
6445349,254000,AZN,4,110.0,4,9,True,False,False,İnşaatçılar,Bakı,2309.09
6406193,205000,AZN,3,105.0,8,11,True,False,False,Qaraçuxur,Bakı,1952.38
6119689,220000,AZN,4,115.0,6,9,True,False,False,Bakıxanov,Bakı,1913.04
6473427,420000,AZN,3,118.0,13,16,True,False,False,Gənclik,Bakı,3559.32
6460924,237000,AZN,4,95.0,2,5,True,False,False,Bakıxanov,Bakı,2494.74
6268529,679000,AZN,4,195.0,4,16,False,False,False,28 May,Bakı,3482.05
6311125,82000,AZN,2,50.0,5,16,True,False,False,Abşeron,Xırdalan,1640.0
6410322,170000,AZN,2,55.0,15,17,True,False,False,Xətai,Bakı,3090.91
6488630,160000,AZN,2,56.0,19,20,True,False,False,Əhmədli,Bakı,2857.14
6344713,82000,AZN,2,50.0,5,16,True,False,False,Avtovağzal,Bakı,1640.0
6489804,218000,AZN,3,92.0,5,9,True,False,False,Nəsimi,Bakı,2369.57
6326042,121000,AZN,2,50.2,9,20,True,False,False,İnşaatçılar,Bakı,2410.36
6328187,210000,AZN,3,96.0,7,17,True,False,False,İnşaatçılar,Bakı,2187.5
6239981,266800,AZN,3,116.0,15,15,False,False,False,Bakıxanov,Bakı,2300.0
6489803,178000,AZN,2,65.0,4,9,True,False,False,Həzi Aslanov,Bakı,2738.46
6489801,171000,AZN,3,85.0,3,5,True,False,False,Memar Əcəmi,Bakı,2011.76
6489798,220000,AZN,3,85.0,6,9,True,False,False,Memar Əcəmi,Bakı,2588.24
6486759,245000,AZN,3,80.0,16,18,True,False,False,Memar Əcəmi,Bakı,3062.5
6097692,181000,AZN,2,65.0,2,9,True,False,False,Azadlıq Prospekti,Bakı,2784.62
6335515,215000,AZN,2,88.0,8,12,True,False,False,İnşaatçılar,Bakı,2443.18
6468928,155000,AZN,1,51.0,2,16,True,False,False,Azadlıq Prospekti,Bakı,3039.22
5369579,330000,AZN,3,100.0,2,5,True,False,False,Şah İsmayıl Xətai,Bakı,3300.0
6335424,78500,AZN,3,63.0,4,4,True,False,False,Abşeron,Xırdalan,1246.03
6400859,227000,AZN,4,105.0,4,5,True,False,False,Həzi Aslanov,Bakı,2161.9
6489796,170000,AZN,3,60.0,1,9,True,False,False,Neftçilər,Bakı,2833.33
6434825,148000,AZN,2,58.0,2,5,True,False,False,Memar Əcəmi,Bakı,2551.72
6405258,215000,AZN,3,75.0,7,9,True,False,False,Xalqlar Dostluğu,Bakı,2866.67
6489795,265000,AZN,4,85.0,3,5,True,False,False,Yasamal,Bakı,3117.65
5936000,235000,AZN,3,85.0,2,9,True,False,False,Qara Qarayev,Bakı,2764.71
5831598,175000,AZN,2,60.0,1,9,True,False,False,Qara Qarayev,Bakı,2916.67
6344256,224000,AZN,1,60.0,5,7,True,False,False,Sea Breeze,Bakı,3733.33
6026415,110000,AZN,2,48.0,5,5,True,False,False,Memar Əcəmi,Bakı,2291.67
5995041,295000,AZN,3,92.0,10,14,True,False,False,Qara Qarayev,Bakı,3206.52
6482472,350000,AZN,3,160.0,4,22,True,False,False,20 Yanvar,Bakı,2187.5
6489794,160000,AZN,2,75.0,2,20,True,False,False,Əhmədli,Bakı,2133.33
5954644,510000,AZN,4,147.0,7,7,False,False,False,Ağ şəhər,Bakı,3469.39
6214795,637000,AZN,4,150.0,8,8,False,False,False,Ağ şəhər,Bakı,4246.67
6036951,720000,AZN,4,195.0,2,7,False,False,False,Ağ şəhər,Bakı,3692.31
6489792,148000,AZN,1,55.0,13,17,True,False,False,Yeni Yasamal,Bakı,2690.91
6489788,320000,AZN,3,97.5,3,16,False,False,False,Nəriman Nərimanov,Bakı,3282.05
6452457,385000,AZN,3,156.0,6,16,True,False,False,Şah İsmayıl Xətai,Bakı,2467.95
6251971,171000,AZN,2,70.0,10,18,True,False,False,Nəsimi,Bakı,2442.86
6036936,490000,AZN,2,95.0,2,8,True,False,False,Ağ şəhər,Bakı,5157.89
6424463,640000,AZN,4,150.0,5,8,False,False,False,Ağ şəhər,Bakı,4266.67
6425785,121000,AZN,2,64.0,5,5,True,False,False,Memar Əcəmi,Bakı,1890.62
6378269,598000,AZN,3,136.0,3,7,False,False,False,Ağ şəhər,Bakı,4397.06
6192806,600000,AZN,3,157.0,18,20,False,False,False,Ağ şəhər,Bakı,3821.66
6482539,289000,AZN,3,134.0,8,17,True,False,False,Nəsimi,Bakı,2156.72
6334686,235000,AZN,3,75.0,2,5,True,False,False,Memar Əcəmi,Bakı,3133.33
6325302,228000,AZN,3,72.0,7,14,True,False,False,İnşaatçılar,Bakı,3166.67
6239655,250000,AZN,2,65.0,5,17,True,False,False,Koroğlu,Bakı,3846.15
6336807,180000,AZN,2,63.0,3,18,True,False,False,İnşaatçılar,Bakı,2857.14
6021477,265000,AZN,3,106.0,8,16,True,False,False,Həzi Aslanov,Bakı,2500.0
6329741,157000,AZN,3,80.0,1,9,True,False,False,Əhmədli,Bakı,1962.5
6474700,695000,AZN,4,152.0,9,18,True,False,False,Nəsimi,Bakı,4572.37
6474006,290000,AZN,2,62.0,11,18,True,False,False,Nəsimi,Bakı,4677.42
6489781,205000,AZN,2,67.0,7,17,True,False,False,Əhmədli,Bakı,3059.7
6489779,184000,AZN,2,65.0,4,11,True,False,False,Elmlər Akademiyası,Bakı,2830.77
6022216,160000,AZN,3,65.0,1,4,True,False,False,Sahil,Bakı,2461.54
6359380,3200000,AZN,8,890.0,14,15,False,False,False,Nizami,Bakı,3595.51
6439408,121000,AZN,2,68.0,19,20,True,False,False,Bakıxanov,Bakı,1779.41
6489767,96900,AZN,1,35.0,5,9,True,False,False,Yeni Günəşli,Bakı,2768.57
6270462,160000,AZN,5,125.0,1,5,True,False,False,Bakıxanov,Bakı,1280.0
6199121,235000,AZN,2,102.0,6,17,True,False,False,Bayıl,Bakı,2303.92
6489764,181000,AZN,2,70.0,7,12,True,False,False,Biləcəri,Bakı,2585.71
6447067,165000,AZN,1,62.0,18,18,True,False,False,Həzi Aslanov,Bakı,2661.29
6458411,82500,AZN,2,52.7,2,7,True,False,False,Abşeron,Bakı,1565.46
6386306,385000,AZN,3,100.0,12,17,True,False,False,28 May,Bakı,3850.0
6235025,465000,AZN,4,171.0,5,16,False,False,False,Şah İsmayıl Xətai,Bakı,2719.3
6286241,116000,AZN,2,80.0,15,16,False,False,False,Abşeron,Xırdalan,1450.0
6463866,125000,AZN,2,48.0,9,9,True,False,False,İnşaatçılar,Bakı,2604.17
6489759,105000,AZN,3,70.0,7,11,True,False,False,Abşeron,Xırdalan,1500.0
6489755,135000,AZN,1,35.0,2,5,True,False,False,Yasamal,Bakı,3857.14
6489752,400000,AZN,3,158.0,16,18,False,False,False,Nəsimi,Bakı,2531.65
6489748,255000,AZN,3,90.0,11,16,True,False,False,Əhmədli,Bakı,2833.33
6235692,345000,AZN,3,132.0,3,16,True,False,False,İnşaatçılar,Bakı,2613.64
6489746,124000,AZN,2,65.0,16,17,True,False,False,Binəqədi,Bakı,1907.69
6112716,720000,AZN,5,395.0,16,16,True,False,False,28 May,Bakı,1822.78
6332182,365000,AZN,3,116.0,14,15,True,False,False,Nəsimi,Bakı,3146.55
6489742,258000,AZN,3,114.0,6,17,True,False,False,Əhmədli,Bakı,2263.16
6489739,160000,AZN,2,56.0,19,19,True,False,False,Əhmədli,Bakı,2857.14
6489738,205000,AZN,3,90.0,6,9,True,False,False,20 Yanvar,Bakı,2277.78
6489737,185000,AZN,2,72.0,3,14,True,False,False,İnşaatçılar,Bakı,2569.44
6489736,195000,AZN,3,78.0,5,9,True,False,False,İnşaatçılar,Bakı,2500.0
6489734,119000,AZN,1,56.0,1,6,True,False,False,Qara Qarayev,Bakı,2125.0
6489733,198000,AZN,4,75.0,3,5,True,False,False,8-ci kilometr,Bakı,2640.0
6489729,255000,AZN,3,65.0,1,4,True,False,False,Gənclik,Bakı,3923.08
6489728,475000,AZN,4,168.0,7,16,True,False,False,Nəsimi,Bakı,2827.38
6489723,500000,AZN,3,143.0,16,16,True,False,False,Neftçilər,Bakı,3496.5
6489720,90000,AZN,2,65.0,3,5,True,False,False,Binə,Bakı,1384.62
6489717,216000,AZN,3,73.0,5,5,True,False,False,İnşaatçılar,Bakı,2958.9
6489716,139000,AZN,2,68.0,16,16,False,False,False,7-ci mikrorayon,Bakı,2044.12
6489715,245000,AZN,3,74.0,7,10,True,False,False,7-ci mikrorayon,Bakı,3310.81
6305486,230000,AZN,3,85.0,2,9,True,False,False,Bakıxanov,Bakı,2705.88
6489588,235000,AZN,5,120.0,3,9,True,False,False,Həzi Aslanov,Bakı,1958.33
6056975,232000,AZN,3,132.0,8,19,False,False,False,İnşaatçılar,Bakı,1757.58
6057026,410000,AZN,3,155.0,9,16,False,False,False,28 May,Bakı,2645.16
6232029,170000,AZN,1,68.4,11,14,False,False,False,Qara Qarayev,Bakı,2485.38
6453201,318000,AZN,2,74.0,7,14,False,False,False,28 May,Bakı,4297.3
6385382,190000,AZN,3,70.0,9,9,True,False,False,Memar Əcəmi,Bakı,2714.29
6473315,110000,AZN,1,30.0,1,2,True,False,False,İçəri Şəhər,Bakı,3666.67
6383932,60000,AZN,2,40.0,1,2,True,False,False,Bayıl,Bakı,1500.0
6440552,168000,AZN,2,40.0,1,4,True,False,False,Sahil,Bakı,4200.0
6469602,189000,AZN,2,70.2,12,13,False,False,False,Qara Qarayev,Bakı,2692.31
6278576,469000,AZN,3,153.0,8,16,True,False,False,Gənclik,Bakı,3065.36
5859229,1400000,AZN,7,285.0,8,20,True,False,False,28 May,Bakı,4912.28
5190011,970000,AZN,4,200.0,6,16,True,False,False,28 May,Bakı,4850.0
6332550,275000,AZN,2,91.0,8,17,True,False,False,20 Yanvar,Bakı,3021.98
6078737,495000,AZN,3,113.0,7,17,True,False,False,Nizami,Bakı,4380.53
5557692,575000,AZN,3,127.0,18,20,True,False,False,Şah İsmayıl Xətai,Bakı,4527.56
6398200,189000,AZN,3,70.0,7,9,True,False,False,Əhmədli,Bakı,2700.0
6385772,153000,AZN,2,47.5,10,17,True,False,False,20 Yanvar,Bakı,3221.05
6280447,335000,AZN,2,66.0,8,16,True,False,False,Nəriman Nərimanov,Bakı,5075.76
6371513,455000,AZN,3,145.0,5,27,True,False,False,8 Noyabr,Bakı,3137.93
6382006,285000,AZN,3,85.0,7,17,True,False,False,Gənclik,Bakı,3352.94
5820426,266999,AZN,2,105.0,7,16,True,False,False,Neftçilər,Bakı,2542.85
6473901,376000,AZN,3,155.0,11,16,True,False,False,Nəsimi,Bakı,2425.81
6463209,179000,AZN,3,65.0,2,9,True,False,False,Xalqlar Dostluğu,Bakı,2753.85
6477450,175000,AZN,2,53.0,14,18,True,False,False,Həzi Aslanov,Bakı,3301.89
5984658,265000,AZN,3,113.0,12,17,True,False,False,Həzi Aslanov,Bakı,2345.13
6457714,215000,AZN,2,71.0,10,17,True,False,False,Qara Qarayev,Bakı,3028.17
6320587,135000,AZN,3,86.0,4,6,True,False,False,Masazır,Bakı,1569.77
6319587,245000,AZN,3,101.1,4,16,False,False,False,7-ci mikrorayon,Bakı,2423.34
6459938,225000,AZN,3,75.0,4,5,True,False,False,Nərimanov,Bakı,3000.0
6426512,225000,AZN,3,90.0,2,9,True,False,False,Memar Əcəmi,Bakı,2500.0
6434112,165000,AZN,2,70.0,3,16,True,False,False,Xalqlar Dostluğu,Bakı,2357.14
6463664,220000,AZN,3,95.0,2,17,True,False,False,Yeni Yasamal,Bakı,2315.79
6447483,195000,AZN,3,115.0,11,17,True,False,False,Xalqlar Dostluğu,Bakı,1695.65
6460281,275000,AZN,3,130.0,9,16,True,False,False,Həzi Aslanov,Bakı,2115.38
6461872,142000,AZN,2,67.0,3,11,True,False,False,Xətai,Bakı,2119.4
6473779,130000,AZN,2,35.0,4,5,True,False,False,Xətai,Bakı,3714.29
6416926,165000,AZN,2,66.0,7,14,False,False,False,Əhmədli,Bakı,2500.0
6442888,165000,AZN,2,55.0,4,20,True,False,False,Xətai,Bakı,3000.0
6197401,245000,AZN,3,77.0,15,16,True,False,False,20 Yanvar,Bakı,3181.82
6377924,230000,AZN,3,118.0,8,17,True,False,False,Həzi Aslanov,Bakı,1949.15
6477835,185000,AZN,4,110.0,1,5,True,False,False,Qaraçuxur,Bakı,1681.82
6488166,145000,AZN,2,73.0,10,16,False,False,False,Avtovağzal,Bakı,1986.3
4931059,487000,AZN,4,192.0,8,9,True,False,False,İçəri Şəhər,Bakı,2536.46
6441028,212000,AZN,2,65.0,2,9,True,False,False,Azadlıq Prospekti,Bakı,3261.54
6442147,305000,AZN,3,110.0,7,15,False,False,False,Nərimanov,Bakı,2772.73
6489703,554000,AZN,2,80.0,10,21,True,False,False,Şah İsmayıl Xətai,Bakı,6925.0
6481400,153000,AZN,2,90.0,3,10,False,False,False,Avtovağzal,Bakı,1700.0
6440638,130000,AZN,2,99.0,17,17,False,False,False,Dərnəgül,Bakı,1313.13
6430044,598000,AZN,3,127.0,5,8,False,False,False,Ağ şəhər,Bakı,4708.66
6489700,137000,AZN,2,55.0,5,5,True,False,False,Dərnəgül,Bakı,2490.91
6370503,100000,AZN,2,35.0,1,4,True,False,False,İçəri Şəhər,Bakı,2857.14
6371854,289000,AZN,2,91.0,5,18,True,False,False,Elmlər Akademiyası,Bakı,3175.82
6441407,795000,AZN,4,180.0,3,18,True,False,False,Elmlər Akademiyası,Bakı,4416.67
6489695,285000,AZN,3,125.0,9,17,True,False,False,7-ci mikrorayon,Bakı,2280.0
6456476,215000,AZN,3,75.0,4,5,True,False,False,İnşaatçılar,Bakı,2866.67
6468086,67500,AZN,2,50.0,6,6,False,False,False,Masazır,Bakı,1350.0
6489689,280000,AZN,2,53.8,15,17,True,False,False,Nəsimi,Bakı,5204.46
6427724,200000,AZN,2,100.0,10,13,False,False,False,M.Ə.Rəsulzadə,Bakı,2000.0
6313958,72000,AZN,2,60.0,4,8,False,False,False,Binəqədi,Bakı,1200.0
6337392,345000,AZN,3,131.0,14,17,True,False,False,20 Yanvar,Bakı,2633.59
6453953,230000,AZN,3,90.0,2,9,True,False,False,Bakıxanov,Bakı,2555.56
6285100,190000,AZN,4,100.0,5,9,True,False,False,Bakıxanov,Bakı,1900.0
6489682,540000,AZN,4,191.8,6,14,True,False,False,28 May,Bakı,2815.43
6467192,185000,AZN,3,75.0,2,5,True,False,False,İnşaatçılar,Bakı,2466.67
6412940,149000,AZN,2,50.0,3,5,True,False,False,Neftçilər,Bakı,2980.0
6373969,259000,AZN,3,90.0,9,18,True,False,False,Neftçilər,Bakı,2877.78
6489675,280000,AZN,3,125.0,16,24,True,False,False,Memar Əcəmi,Bakı,2240.0
6489668,250000,AZN,3,109.0,16,17,True,False,False,Həzi Aslanov,Bakı,2293.58
6461929,313000,AZN,3,131.0,10,17,True,False,False,Nəsimi,Bakı,2389.31
6477783,127000,AZN,2,52.0,5,5,True,False,False,Badamdar,Bakı,2442.31
6246772,390000,AZN,3,148.0,16,17,False,False,False,28 May,Bakı,2635.14
6206140,380000,AZN,3,130.0,3,16,True,False,False,Nəsimi,Bakı,2923.08
6475088,405000,AZN,2,86.0,3,17,True,False,False,Elmlər Akademiyası,Bakı,4709.3
6489664,135500,AZN,2,42.0,1,5,True,False,False,Memar Əcəmi,Bakı,3226.19
6368157,330000,AZN,3,102.0,8,17,True,False,False,Elmlər Akademiyası,Bakı,3235.29
6489663,146000,AZN,2,50.0,4,5,True,False,False,İnşaatçılar,Bakı,2920.0
6489660,275000,AZN,3,87.0,6,17,True,False,False,Həzi Aslanov,Bakı,3160.92
6425407,315000,AZN,2,100.0,8,16,True,False,False,Şah İsmayıl Xətai,Bakı,3150.0
5819620,160000,AZN,3,80.0,8,9,True,False,False,Yeni Günəşli,Bakı,2000.0
6460638,155000,AZN,2,68.0,15,17,True,False,False,Yeni Günəşli,Bakı,2279.41
6248319,118000,AZN,2,43.0,6,9,True,False,False,Yeni Günəşli,Bakı,2744.19
6254134,249000,AZN,1,63.3,3,4,False,False,False,Nardaran,Bakı,3933.65
6405370,130000,AZN,3,110.0,1,4,True,False,False,Abşeron,Xırdalan,1181.82
6489424,250000,AZN,4,110.0,3,9,True,False,False,Yeni Yasamal,Bakı,2272.73
6489654,150000,AZN,2,60.0,3,5,True,False,False,Nərimanov,Bakı,2500.0
6489653,220000,AZN,3,85.0,7,9,True,False,False,İnşaatçılar,Bakı,2588.24
6489652,305000,AZN,4,126.0,19,20,True,False,False,Nizami,Bakı,2420.63
6450190,156000,AZN,1,30.0,3,5,True,False,False,İnşaatçılar,Bakı,5200.0
6483097,530000,AZN,3,110.0,9,16,True,False,False,Nəriman Nərimanov,Bakı,4818.18
6471120,195000,AZN,2,52.0,10,10,True,False,False,Dərnəgül,Bakı,3750.0
6471352,365000,AZN,4,160.0,15,16,True,False,False,20 Yanvar,Bakı,2281.25
6489647,260000,AZN,3,130.0,3,5,False,False,False,Badamdar,Bakı,2000.0
6370605,235000,AZN,3,90.0,6,9,True,False,False,Azadlıq Prospekti,Bakı,2611.11
6455641,197000,AZN,2,75.0,11,17,True,False,False,Həzi Aslanov,Bakı,2626.67
6489641,145000,AZN,2,50.0,2,5,True,False,False,Memar Əcəmi,Bakı,2900.0
6489640,550000,AZN,4,227.0,9,16,False,False,False,Elmlər Akademiyası,Bakı,2422.91
6489637,169000,AZN,2,38.0,5,5,True,False,False,İçəri Şəhər,Bakı,4447.37
6454181,305000,AZN,3,125.0,8,12,True,False,False,Memar Əcəmi,Bakı,2440.0
6281902,330000,AZN,3,105.0,3,16,True,False,False,Qara Qarayev,Bakı,3142.86
6489634,275000,AZN,4,157.0,9,16,True,False,False,Əhmədli,Bakı,1751.59
6319612,143000,AZN,2,55.0,5,5,True,False,False,İnşaatçılar,Bakı,2600.0
6479280,235000,AZN,2,70.0,6,9,True,False,False,İçəri Şəhər,Bakı,3357.14
6400617,121900,AZN,3,75.0,3,4,True,False,False,Abşeron,Xırdalan,1625.33
6489629,275000,AZN,3,125.0,4,11,True,False,False,İnşaatçılar,Bakı,2200.0
6309360,360000,AZN,3,120.0,4,12,True,False,False,Badamdar,Bakı,3000.0
6450934,210000,AZN,3,67.0,2,5,True,False,False,İnşaatçılar,Bakı,3134.33
6444983,255000,AZN,2,76.0,15,17,True,False,False,Qara Qarayev,Bakı,3355.26
6243388,289000,AZN,3,90.0,11,15,True,False,False,Həzi Aslanov,Bakı,3211.11
6051551,186000,AZN,3,103.0,19,19,True,False,False,Əhmədli,Bakı,1805.83
6444978,255000,AZN,2,76.0,13,17,True,False,False,Qara Qarayev,Bakı,3355.26
5906635,217000,AZN,3,82.0,2,9,True,False,False,Həzi Aslanov,Bakı,2646.34
6489352,235000,AZN,3,110.0,14,17,True,False,False,Həzi Aslanov,Bakı,2136.36
6489626,59900,AZN,2,53.0,4,4,True,False,False,Masazır,Bakı,1130.19
6351553,221000,AZN,3,96.0,13,19,True,False,False,Nəsimi,Bakı,2302.08
6350728,285000,AZN,2,83.0,12,18,True,False,False,Nəsimi,Bakı,3433.73
6467129,177000,AZN,2,53.0,7,19,True,False,False,Həzi Aslanov,Bakı,3339.62
6297776,179000,AZN,3,92.0,16,16,True,False,False,Həzi Aslanov,Bakı,1945.65
6059140,230000,AZN,3,65.0,10,15,True,False,False,Həzi Aslanov,Bakı,3538.46
6398927,188000,AZN,2,53.0,17,19,True,False,False,Həzi Aslanov,Bakı,3547.17
6399035,210000,AZN,2,65.0,10,16,True,False,False,Xalqlar Dostluğu,Bakı,3230.77
6398996,287000,AZN,3,110.0,7,20,True,False,False,Həzi Aslanov,Bakı,2609.09
6307787,148000,AZN,2,50.0,8,9,True,False,False,Bakıxanov,Bakı,2960.0
5971175,345000,AZN,2,115.0,8,16,True,False,False,Səbail,Bakı,3000.0
6392499,225000,AZN,2,70.0,6,12,True,False,False,Yasamal,Bakı,3214.29
6489608,165000,AZN,3,70.0,3,3,True,False,False,28 May,Bakı,2357.14
6489606,310000,AZN,3,105.0,13,20,True,False,False,Azadlıq Prospekti,Bakı,2952.38
6349864,154000,AZN,2,65.0,8,9,True,False,False,Xətai,Bakı,2369.23
6489604,255000,AZN,3,100.0,5,16,True,False,False,Nəsimi,Bakı,2550.0
6489603,220000,AZN,3,70.0,3,4,True,False,False,Qara Qarayev,Bakı,3142.86
6450510,450000,AZN,2,81.8,9,18,False,False,False,Ağ şəhər,Bakı,5501.22
6489599,215000,AZN,3,85.0,6,10,True,False,False,Xalqlar Dostluğu,Bakı,2529.41
6489597,145000,AZN,3,50.0,5,5,True,False,False,Memar Əcəmi,Bakı,2900.0
6035032,146000,AZN,2,73.0,8,15,False,False,False,Avtovağzal,Bakı,2000.0
6417475,70000,AZN,3,90.0,5,5,False,False,False,Binəqədi,Bakı,777.78
6489592,210000,AZN,3,85.0,1,5,True,False,False,Səbail,Bakı,2470.59
6452961,137000,AZN,2,45.0,3,5,True,False,False,Memar Əcəmi,Bakı,3044.44
6489586,188000,AZN,2,75.0,17,18,True,False,False,Azadlıq Prospekti,Bakı,2506.67
6352456,198000,AZN,3,75.0,13,17,True,False,False,Azadlıq Prospekti,Bakı,2640.0
6349289,218000,AZN,3,90.0,8,9,True,False,False,Nəsimi,Bakı,2422.22
6269519,317000,AZN,3,107.0,7,20,True,False,False,Dərnəgül,Bakı,2962.62
6454818,328000,AZN,3,135.0,10,17,True,False,False,İnşaatçılar,Bakı,2429.63
6475634,335000,AZN,2,100.0,12,20,True,False,False,Nəsimi,Bakı,3350.0
6284687,190000,AZN,3,90.0,8,11,True,False,False,Zığ,Bakı,2111.11
6489571,380000,AZN,3,110.0,6,16,True,False,False,Şah İsmayıl Xətai,Bakı,3454.55
6489570,210000,AZN,3,86.0,15,15,True,False,False,Həzi Aslanov,Bakı,2441.86
6482534,295000,AZN,3,98.0,3,17,True,False,False,Qara Qarayev,Bakı,3010.2
6039771,400000,AZN,3,145.0,20,27,False,False,False,8 Noyabr,Bakı,2758.62
6489565,220000,AZN,3,85.0,3,4,True,False,False,Qara Qarayev,Bakı,2588.24
6079373,490000,AZN,4,175.0,9,10,True,False,False,Nizami,Bakı,2800.0
5636867,295000,AZN,3,120.0,5,6,True,False,False,Sahil,Bakı,2458.33
6450933,172000,AZN,3,72.0,2,9,True,False,False,Əhmədli,Bakı,2388.89
6250027,79000,AZN,2,57.0,3,4,True,False,False,Masazır,Bakı,1385.96
5975312,495000,AZN,5,200.0,9,10,True,False,False,İçəri Şəhər,Bakı,2475.0
6482054,189000,AZN,2,55.0,12,14,True,False,False,Neftçilər,Bakı,3436.36
6487480,217000,AZN,2,82.0,14,16,True,False,False,Əhmədli,Bakı,2646.34
5792439,579000,AZN,4,206.0,16,17,True,False,False,Nəriman Nərimanov,Bakı,2810.68
6489560,355000,AZN,3,118.0,8,18,True,False,False,Elmlər Akademiyası,Bakı,3008.47
6489559,140000,AZN,3,140.0,10,14,True,False,False,Abşeron,Xırdalan,1000.0
6489554,301000,AZN,2,67.0,3,4,True,False,False,Sea Breeze,Bakı,4492.54
6489553,434000,AZN,3,150.0,4,17,True,False,False,Elmlər Akademiyası,Bakı,2893.33
6471578,325000,AZN,4,127.0,3,6,True,False,False,Həzi Aslanov,Bakı,2559.06
6238408,850000,AZN,4,214.0,6,8,False,False,False,Ağ şəhər,Bakı,3971.96
6131444,617000,AZN,4,121.0,5,6,False,False,False,Ağ şəhər,Bakı,5099.17
6489546,317000,AZN,2,78.0,2,6,True,False,False,Sea Breeze,Bakı,4064.1
6489545,205000,AZN,3,101.0,2,14,True,False,False,Zığ,Bakı,2029.7
6461541,108000,AZN,1,35.0,5,5,True,False,False,Neftçilər,Bakı,3085.71
6489542,165000,AZN,3,65.0,4,5,True,False,False,20 Yanvar,Bakı,2538.46
6475681,275000,AZN,4,125.0,2,5,True,False,False,Avtovağzal,Bakı,2200.0
6442314,129000,AZN,1,35.0,5,5,True,False,False,Nəriman Nərimanov,Bakı,3685.71
6442272,165000,AZN,2,60.0,5,5,True,False,False,Nəsimi,Bakı,2750.0
6348227,279000,AZN,2,80.0,14,17,True,False,False,İçəri Şəhər,Bakı,3487.5
6241529,230000,AZN,3,107.0,11,17,True,False,False,Bakıxanov,Bakı,2149.53
5943230,550000,AZN,4,227.0,9,17,False,False,False,Elmlər Akademiyası,Bakı,2422.91
6453687,128900,AZN,2,40.0,3,5,True,False,False,Memar Əcəmi,Bakı,3222.5
5758266,285000,AZN,4,110.0,8,9,True,False,False,Azadlıq Prospekti,Bakı,2590.91
6489530,284000,AZN,3,91.0,5,15,True,False,False,Həzi Aslanov,Bakı,3120.88
6387889,189000,AZN,3,75.0,3,5,True,False,False,Bakıxanov,Bakı,2520.0
6489527,228000,AZN,3,85.0,2,9,True,False,False,Memar Əcəmi,Bakı,2682.35
6297908,325000,AZN,3,100.0,8,12,True,False,False,Bakıxanov,Bakı,3250.0
6489524,168000,AZN,3,70.0,1,5,True,False,False,Elmlər Akademiyası,Bakı,2400.0
6489522,315000,AZN,3,103.0,12,18,True,False,False,İnşaatçılar,Bakı,3058.25
6489510,240000,AZN,3,72.0,8,10,True,False,False,Azadlıq Prospekti,Bakı,3333.33
6461481,238000,AZN,3,80.0,8,9,True,False,False,Xalqlar Dostluğu,Bakı,2975.0
6210196,235000,AZN,2,97.0,10,16,True,False,False,Xətai,Bakı,2422.68
6066851,170000,AZN,3,108.0,11,11,True,False,False,Xətai,Bakı,1574.07
6333498,219000,AZN,2,88.0,11,17,True,False,False,Həzi Aslanov,Bakı,2488.64
6486432,185400,AZN,3,65.0,4,5,True,False,False,Memar Əcəmi,Bakı,2852.31
6448183,189000,AZN,2,65.0,2,9,True,False,False,Həzi Aslanov,Bakı,2907.69
5836636,162000,AZN,2,57.0,6,17,True,False,False,Həzi Aslanov,Bakı,2842.11
6487711,200000,AZN,3,65.0,3,5,True,False,False,Memar Əcəmi,Bakı,3076.92
6422161,309900,AZN,3,105.0,8,16,True,False,False,Neftçilər,Bakı,2951.43
6487708,133000,AZN,2,36.0,1,5,True,False,False,Nəriman Nərimanov,Bakı,3694.44
6367369,120000,AZN,2,45.0,9,9,True,False,False,Köhnə Günəşli,Bakı,2666.67
6391796,60000,AZN,3,87.0,8,14,True,False,False,Zığ,Bakı,689.66
6452360,260000,AZN,2,85.0,16,17,True,False,False,Həzi Aslanov,Bakı,3058.82
6446921,170000,AZN,4,110.0,1,9,True,False,False,Həzi Aslanov,Bakı,1545.45
6489509,253000,AZN,3,73.0,8,16,False,False,False,28 May,Bakı,3465.75
6489511,220000,AZN,1,40.0,2,4,True,False,False,Sahil,Bakı,5500.0
5208350,1100000,AZN,6,220.0,2,3,False,False,False,Sahil,Bakı,5000.0
6304937,570000,AZN,3,130.0,3,5,True,False,False,Sahil,Bakı,4384.62
6468485,235000,AZN,3,110.0,15,17,True,False,False,Həzi Aslanov,Bakı,2136.36
6489507,83000,AZN,3,76.0,6,6,True,False,False,Masazır,Bakı,1092.11
6450818,299000,AZN,3,130.0,2,16,True,False,False,İnşaatçılar,Bakı,2300.0
6487658,195000,AZN,2,75.0,11,17,True,False,False,Həzi Aslanov,Bakı,2600.0
6428604,137500,AZN,1,38.0,3,5,True,False,False,Memar Əcəmi,Bakı,3618.42
6486589,163500,AZN,2,55.0,2,5,True,False,False,Memar Əcəmi,Bakı,2972.73
6452572,111000,AZN,1,45.0,8,9,True,False,False,Həzi Aslanov,Bakı,2466.67
6489499,160000,AZN,2,65.0,4,9,True,False,False,Qaraçuxur,Bakı,2461.54
6489498,410000,AZN,3,122.0,10,18,True,False,False,Gənclik,Bakı,3360.66
6362320,179000,AZN,2,53.0,3,16,True,False,False,Həzi Aslanov,Bakı,3377.36
6194572,430000,AZN,3,94.0,6,7,True,False,False,Ağ şəhər,Bakı,4574.47
6468500,275000,AZN,2,60.0,4,16,True,False,False,Nəriman Nərimanov,Bakı,4583.33
6483480,309000,AZN,4,133.0,4,6,True,False,False,Həzi Aslanov,Bakı,2323.31
6452348,175000,AZN,2,45.0,4,5,True,False,False,Nəriman Nərimanov,Bakı,3888.89
6459619,455000,AZN,3,145.0,5,27,True,False,False,8 Noyabr,Bakı,3137.93
6154081,850000,AZN,4,190.0,7,20,True,False,False,Ağ şəhər,Bakı,4473.68
6378905,469000,AZN,4,170.0,14,17,True,False,False,Nəriman Nərimanov,Bakı,2758.82
6447188,310000,AZN,4,115.0,16,18,True,False,False,Azadlıq Prospekti,Bakı,2695.65
6489497,183000,AZN,2,55.0,8,12,True,False,False,Bakıxanov,Bakı,3327.27
6154014,495000,AZN,3,110.0,2,7,False,False,False,Ağ şəhər,Bakı,4500.0
6489494,96000,AZN,1,39.0,4,7,True,False,False,Hövsan,Bakı,2461.54
6486973,378000,AZN,3,120.0,4,16,True,False,False,Nərimanov,Bakı,3150.0
6489496,315000,AZN,3,115.0,8,17,True,False,False,Həzi Aslanov,Bakı,2739.13
6154790,750000,AZN,4,144.0,6,7,True,False,False,Ağ şəhər,Bakı,5208.33
6371201,145000,AZN,2,60.0,5,16,True,False,False,Köhnə Günəşli,Bakı,2416.67
6489495,250000,AZN,3,80.0,2,7,True,False,False,Nizami,Bakı,3125.0
6150744,529000,AZN,3,110.0,2,7,True,False,False,Şah İsmayıl Xətai,Bakı,4809.09
6489493,145000,AZN,1,40.0,1,5,True,False,False,8 Noyabr,Bakı,3625.0
6482628,409000,AZN,2,65.0,11,20,True,False,False,Ağ şəhər,Bakı,6292.31
6488862,660000,AZN,3,120.0,3,6,False,False,False,Ağ şəhər,Bakı,5500.0
6489492,175000,AZN,2,58.0,14,17,True,False,False,Həzi Aslanov,Bakı,3017.24
6489488,268000,AZN,2,91.0,2,16,True,False,False,Neftçilər,Bakı,2945.05
6446737,169000,AZN,3,75.0,8,9,True,False,False,Xətai,Bakı,2253.33
5358502,170000,AZN,2,60.0,2,16,True,False,False,Neftçilər,Bakı,2833.33
6489487,320000,AZN,3,115.0,6,17,True,False,False,Binəqədi,Bakı,2782.61
6489484,110000,AZN,2,48.0,2,6,True,False,False,Mehdiabad,Bakı,2291.67
6489483,605000,AZN,3,170.0,2,20,False,False,False,Şah İsmayıl Xətai,Bakı,3558.82
6489475,369000,AZN,3,85.0,4,5,True,False,False,Sea Breeze,Bakı,4341.18
6489470,295000,AZN,4,110.0,11,17,True,False,False,Əhmədli,Bakı,2681.82
6489468,350000,AZN,3,125.0,6,7,True,False,False,Səbail,Bakı,2800.0
5733536,220000,AZN,3,135.0,11,11,True,False,False,Memar Əcəmi,Bakı,1629.63
6489464,340000,AZN,2,82.0,2,4,True,False,False,Sea Breeze,Bakı,4146.34
6489463,110000,AZN,2,30.0,1,3,True,False,False,Sahil,Bakı,3666.67
6489462,138000,AZN,3,75.2,8,12,True,False,False,Hövsan,Bakı,1835.11
6489461,147000,AZN,2,54.0,1,9,True,False,False,Həzi Aslanov,Bakı,2722.22
6476605,135000,AZN,3,78.0,9,12,True,False,False,Hövsan,Bakı,1730.77
6107180,187000,AZN,3,65.0,5,9,True,False,False,Əhmədli,Bakı,2876.92
6467491,397000,AZN,2,99.0,4,18,True,False,False,28 May,Bakı,4010.1
6487546,550000,AZN,4,121.3,7,7,True,False,False,Ağ şəhər,Bakı,4534.21
6488569,386000,AZN,3,101.0,15,20,True,False,False,Nərimanov,Bakı,3821.78
6466758,170000,AZN,3,75.0,7,9,True,False,False,Xətai,Bakı,2266.67
6395871,157000,AZN,2,54.0,4,14,True,False,False,Xalqlar Dostluğu,Bakı,2907.41
6489450,186000,AZN,2,55.0,4,10,True,False,False,Xalqlar Dostluğu,Bakı,3381.82
6489449,189000,AZN,3,86.0,9,9,True,False,False,Memar Əcəmi,Bakı,2197.67
5666751,168000,AZN,2,56.0,6,16,True,False,False,Neftçilər,Bakı,3000.0
6489442,145000,AZN,2,45.0,1,9,True,False,False,Azadlıq Prospekti,Bakı,3222.22
6382191,248000,AZN,3,107.0,8,12,True,False,False,Həzi Aslanov,Bakı,2317.76
6489441,307000,AZN,2,67.0,2,4,True,False,False,Sea Breeze,Bakı,4582.09
6465275,210000,AZN,2,65.0,14,15,True,False,False,Xətai,Bakı,3230.77
5953362,80000,AZN,2,54.0,4,6,True,False,False,Masazır,Bakı,1481.48
6489435,750000,AZN,3,165.0,14,16,False,False,False,İçəri Şəhər,Bakı,4545.45
5469704,635000,AZN,3,163.0,4,20,False,False,False,Ağ şəhər,Bakı,3895.71
6251536,182000,AZN,2,50.0,2,5,,False,False,Elmlər Akademiyası,Bakı,3640.0
6405501,225000,AZN,3,118.0,4,6,True,False,False,Həzi Aslanov,Bakı,1906.78
6073339,125000,AZN,2,54.0,19,19,True,False,False,Xalqlar Dostluğu,Bakı,2314.81
6405534,195000,AZN,3,85.0,5,16,True,False,False,20 Yanvar,Bakı,2294.12
6448685,132000,AZN,3,84.0,8,15,True,False,False,Masazır,Bakı,1571.43
6444071,144000,AZN,3,68.0,5,9,True,False,False,Hövsan,Bakı,2117.65
6471093,102500,AZN,2,63.7,3,5,True,False,False,Masazır,Bakı,1609.11
6288577,275000,AZN,4,100.0,7,9,True,False,False,Xalqlar Dostluğu,Bakı,2750.0
6436948,365000,AZN,3,122.0,8,10,True,False,False,Avtovağzal,Bakı,2991.8
6399755,220000,AZN,5,110.0,9,9,True,False,False,Köhnə Günəşli,Bakı,2000.0
6044863,190000,AZN,3,78.0,5,16,False,False,False,Qara Qarayev,Bakı,2435.9
6205373,251000,AZN,3,85.0,5,9,True,True,False,Nəsimi,Bakı,2952.94
6351665,785000,AZN,4,164.0,13,16,True,False,False,Nizami,Bakı,4786.59
6322810,230000,AZN,5,120.0,3,9,True,False,False,Neftçilər,Bakı,1916.67
6451959,780000,AZN,4,186.0,9,16,True,False,False,28 May,Bakı,4193.55
6288393,177000,AZN,2,62.0,5,14,True,False,False,Neftçilər,Bakı,2854.84
6322918,300000,AZN,3,81.0,14,17,True,False,False,Elmlər Akademiyası,Bakı,3703.7
6450584,425000,AZN,3,136.0,13,15,True,False,False,Nəsimi,Bakı,3125.0
6372993,345000,AZN,2,68.0,3,17,True,False,False,Elmlər Akademiyası,Bakı,5073.53
6489423,210000,AZN,2,52.0,3,4,True,False,False,Elmlər Akademiyası,Bakı,4038.46
6444391,359000,AZN,2,117.2,7,16,True,False,False,Koroğlu,Bakı,3063.14
6489422,115000,AZN,2,50.0,1,4,True,False,False,Həzi Aslanov,Bakı,2300.0
6450221,260000,AZN,3,74.0,11,17,True,False,False,Gənclik,Bakı,3513.51
6489421,195000,AZN,2,61.0,5,9,True,False,False,Xalqlar Dostluğu,Bakı,3196.72
6489419,222000,AZN,2,90.0,3,20,True,False,False,Həzi Aslanov,Bakı,2466.67
6426188,178000,AZN,2,65.0,4,9,True,False,False,Xətai,Bakı,2738.46
6489416,187000,AZN,2,78.0,5,16,False,False,False,Qara Qarayev,Bakı,2397.44
6412831,260000,AZN,3,75.0,8,20,True,False,False,20 Yanvar,Bakı,3466.67
6452307,165000,AZN,3,90.0,4,7,True,False,False,Nizami,Bakı,1833.33
6489404,351000,AZN,2,117.2,8,16,False,False,False,Koroğlu,Bakı,2994.88
6489413,160000,AZN,2,60.0,3,9,True,False,False,İnşaatçılar,Bakı,2666.67
6445809,279000,AZN,2,80.7,5,9,True,False,False,Nəsimi,Bakı,3457.25
6430665,349000,AZN,3,101.7,14,17,True,False,False,Nəsimi,Bakı,3431.66
6031653,190000,AZN,4,130.0,4,5,True,False,False,Bakıxanov,Bakı,1461.54
6388427,495000,AZN,3,113.7,7,12,True,False,False,Nizami,Bakı,4353.56
6452386,272000,AZN,3,100.7,7,17,True,False,False,Elmlər Akademiyası,Bakı,2701.09
6475633,179000,AZN,2,53.0,7,14,False,False,False,28 May,Bakı,3377.36
6398681,235000,AZN,3,121.7,5,17,True,False,False,Həzi Aslanov,Bakı,1930.98
5430201,1100000,AZN,4,185.0,18,20,True,False,False,Ağ şəhər,Bakı,5945.95
6442130,270000,AZN,3,105.0,9,18,True,False,False,Nəriman Nərimanov,Bakı,2571.43
6431889,278000,AZN,4,135.0,3,5,True,False,False,Azadlıq Prospekti,Bakı,2059.26
6338930,380000,AZN,4,155.0,17,18,True,False,False,28 May,Bakı,2451.61
6489410,596000,AZN,3,157.0,16,20,False,False,False,Ağ şəhər,Bakı,3796.18
6489409,366000,AZN,4,143.0,4,12,True,False,False,Memar Əcəmi,Bakı,2559.44
6286072,485000,AZN,3,100.0,12,14,True,False,False,Elmlər Akademiyası,Bakı,4850.0
6489407,210000,AZN,3,76.0,3,10,True,False,False,Həzi Aslanov,Bakı,2763.16
6489403,800000,AZN,5,151.0,2,4,True,False,False,İçəri Şəhər,Bakı,5298.01
6489405,125000,AZN,3,77.0,2,9,True,False,False,Hövsan,Bakı,1623.38
6489402,198000,AZN,3,80.0,6,11,True,False,False,Həzi Aslanov,Bakı,2475.0
6095628,450000,AZN,4,212.0,8,17,True,False,False,Gənclik,Bakı,2122.64
6013355,240000,AZN,2,91.0,2,17,True,False,False,Qara Qarayev,Bakı,2637.36
6489401,308000,AZN,3,126.0,8,17,True,False,False,Həzi Aslanov,Bakı,2444.44
6050105,95000,AZN,2,79.0,10,16,False,False,False,Lökbatan,Bakı,1202.53
6371475,297000,AZN,2,82.0,15,19,True,False,False,Xətai,Bakı,3621.95
6290080,220000,AZN,3,85.0,4,9,True,False,False,Bakıxanov,Bakı,2588.24
6454165,215000,AZN,3,70.0,4,5,True,False,False,Elmlər Akademiyası,Bakı,3071.43
6489397,176000,AZN,2,52.0,9,19,True,False,False,Xətai,Bakı,3384.62
6489395,845000,AZN,3,180.0,5,20,False,False,False,Şah İsmayıl Xətai,Bakı,4694.44
6474830,260000,AZN,3,105.0,10,17,True,False,False,Neftçilər,Bakı,2476.19
6489393,250000,AZN,3,114.0,5,14,True,False,False,Avtovağzal,Bakı,2192.98
6299850,283000,AZN,3,136.0,3,17,True,False,False,8-ci kilometr,Bakı,2080.88
6489388,170000,AZN,2,42.0,15,15,True,False,False,Həzi Aslanov,Bakı,4047.62
6484651,330000,AZN,3,93.0,14,19,True,False,False,İnşaatçılar,Bakı,3548.39
6489371,215000,AZN,2,71.5,5,16,False,False,False,Koroğlu,Bakı,3006.99
6430006,335000,AZN,3,130.0,9,16,True,False,False,Həzi Aslanov,Bakı,2576.92
6236618,319000,AZN,2,105.0,9,17,True,False,False,Gənclik,Bakı,3038.1
6431150,258000,AZN,3,114.0,6,17,True,False,False,Əhmədli,Bakı,2263.16
6458082,175000,AZN,3,80.0,5,5,True,False,False,Xalqlar Dostluğu,Bakı,2187.5
6489373,110000,AZN,2,40.0,3,5,True,False,False,Bakıxanov,Bakı,2750.0
6468345,342000,AZN,3,148.0,11,17,True,False,False,Həzi Aslanov,Bakı,2310.81
6456829,180000,AZN,3,80.0,2,5,True,False,False,Azadlıq Prospekti,Bakı,2250.0
6489372,200000,AZN,2,70.0,2,2,True,False,False,Sahil,Bakı,2857.14
6472415,160000,AZN,2,74.0,2,20,True,False,False,Əhmədli,Bakı,2162.16
6464975,185000,AZN,3,91.4,7,18,True,False,False,Yeni Yasamal,Bakı,2024.07
6269114,175000,AZN,3,65.0,4,9,True,False,False,Əhmədli,Bakı,2692.31
6489367,235000,AZN,3,110.0,14,17,True,False,False,Həzi Aslanov,Bakı,2136.36
6481754,117000,AZN,1,31.0,5,9,True,False,False,Gənclik,Bakı,3774.19
6056396,820000,AZN,6,270.0,12,16,True,False,False,Qara Qarayev,Bakı,3037.04
6489366,225000,AZN,3,94.0,12,16,False,False,False,Qara Qarayev,Bakı,2393.62
6489365,299000,AZN,3,127.0,10,19,True,False,False,Nərimanov,Bakı,2354.33
6384447,110000,AZN,1,35.0,1,5,True,False,False,Neftçilər,Bakı,3142.86
6312762,137000,AZN,2,40.0,1,3,True,False,False,Sahil,Bakı,3425.0
5909898,345000,AZN,3,96.7,17,17,True,False,False,Gənclik,Bakı,3567.74
5843827,535000,AZN,3,139.9,9,17,True,False,False,Nəriman Nərimanov,Bakı,3824.16
6004351,355000,AZN,3,140.0,4,16,True,False,False,İnşaatçılar,Bakı,2535.71
6445261,230000,AZN,3,60.0,3,4,True,False,False,28 May,Bakı,3833.33
6432234,370000,AZN,4,170.0,7,18,True,False,False,Memar Əcəmi,Bakı,2176.47
6061468,325000,AZN,3,150.0,8,9,False,False,False,Nərimanov,Bakı,2166.67
6489359,311000,AZN,4,127.0,10,15,False,False,False,Qara Qarayev,Bakı,2448.82
6359412,215000,AZN,4,100.0,3,4,True,False,False,28 May,Bakı,2150.0
6405829,195000,AZN,1,62.0,10,13,False,False,False,Qara Qarayev,Bakı,3145.16
6318502,320000,AZN,3,146.0,11,16,False,False,False,Neftçilər,Bakı,2191.78
6318501,175000,AZN,1,66.0,14,16,False,False,False,Neftçilər,Bakı,2651.52
6219228,153000,AZN,1,67.0,5,15,False,False,False,Həzi Aslanov,Bakı,2283.58
6024525,187000,AZN,2,87.0,3,16,False,False,False,Həzi Aslanov,Bakı,2149.43
6489357,275000,AZN,3,125.0,2,19,True,False,False,İnşaatçılar,Bakı,2200.0
6067915,242000,AZN,4,110.0,8,15,False,False,False,Neftçilər,Bakı,2200.0
6258617,315000,AZN,4,137.0,8,15,False,False,False,Neftçilər,Bakı,2299.27
6489356,410000,AZN,2,72.0,10,23,False,False,False,28 May,Bakı,5694.44
6432869,550000,AZN,5,245.0,6,9,False,False,False,Nərimanov,Bakı,2244.9
6302560,320000,AZN,3,108.0,10,11,True,False,False,Qara Qarayev,Bakı,2962.96
6489335,520000,AZN,4,205.0,7,17,False,False,False,Nizami,Bakı,2536.59
6489348,294400,AZN,2,93.0,4,10,False,False,False,Nəsimi,Bakı,3165.59
6405894,155000,AZN,1,49.0,5,15,False,False,False,Qara Qarayev,Bakı,3163.27
6405893,163000,AZN,1,52.0,12,15,False,False,False,Qara Qarayev,Bakı,3134.62
5914325,220000,AZN,2,65.0,15,16,True,False,False,Bakıxanov,Bakı,3384.62
6486586,202000,AZN,2,80.0,8,17,True,False,False,Bayıl,Bakı,2525.0
6339638,225000,AZN,2,80.0,7,16,True,False,False,Memar Əcəmi,Bakı,2812.5
6489344,185000,AZN,3,70.0,3,5,True,False,False,Neftçilər,Bakı,2642.86
6489345,165000,AZN,3,80.0,9,9,True,False,False,Sabunçu,Bakı,2062.5
6478292,137000,AZN,2,55.0,2,5,True,False,False,20 Yanvar,Bakı,2490.91
6451926,184000,AZN,2,65.0,2,9,True,False,False,Həzi Aslanov,Bakı,2830.77
6483442,168000,AZN,2,65.0,3,9,True,False,False,Xalqlar Dostluğu,Bakı,2584.62
6385962,229000,AZN,3,94.0,11,16,False,False,False,Neftçilər,Bakı,2436.17
6352703,183000,AZN,2,80.0,16,16,True,False,False,Bayıl,Bakı,2287.5
6489338,225000,AZN,4,80.0,6,9,True,False,False,Həzi Aslanov,Bakı,2812.5
6489339,269000,AZN,2,61.0,8,12,True,False,False,28 May,Bakı,4409.84
6489337,258000,AZN,3,105.0,14,17,True,False,False,Həzi Aslanov,Bakı,2457.14
6469534,369000,AZN,3,127.0,10,20,True,False,False,Nəsimi,Bakı,2905.51
5726679,250000,AZN,2,55.0,3,3,True,False,False,Sahil,Bakı,4545.45
6489334,230000,AZN,3,60.0,3,4,True,False,False,28 May,Bakı,3833.33
6489332,390000,AZN,3,140.0,17,17,True,False,False,Azadlıq Prospekti,Bakı,2785.71
6489330,133500,AZN,2,50.0,15,18,True,False,False,Suraxanı,Bakı,2670.0
6007493,925000,AZN,4,180.0,9,22,False,False,False,28 May,Bakı,5138.89
6489329,230000,AZN,3,60.0,3,4,True,False,False,28 May,Bakı,3833.33
6231405,190000,AZN,2,60.0,6,17,True,False,False,Qara Qarayev,Bakı,3166.67
6489328,133000,AZN,2,55.0,1,5,True,False,False,Bakıxanov,Bakı,2418.18
6393146,167000,AZN,3,85.0,9,9,True,False,False,Xalqlar Dostluğu,Bakı,1964.71
6229957,259000,AZN,3,99.0,7,13,True,False,False,Qara Qarayev,Bakı,2616.16
6059203,257000,AZN,3,90.0,10,17,True,False,False,8 Noyabr,Bakı,2855.56
6489327,154000,AZN,2,50.0,2,10,True,False,False,Xalqlar Dostluğu,Bakı,3080.0
6419929,267000,AZN,3,80.0,8,14,True,False,False,Neftçilər,Bakı,3337.5
6489323,370000,AZN,3,125.0,11,18,True,False,False,8-ci mikrorayon,Bakı,2960.0
6489322,180000,AZN,2,65.0,6,9,True,False,False,Azadlıq Prospekti,Bakı,2769.23
6404807,110000,AZN,2,50.0,1,4,True,False,False,Həzi Aslanov,Bakı,2200.0
6489319,175000,AZN,3,90.0,4,10,True,False,False,Masazır,Bakı,1944.44
6489317,95000,AZN,2,62.0,14,17,True,False,False,Abşeron,Xırdalan,1532.26
6463068,535000,AZN,3,150.0,6,15,True,False,False,28 May,Bakı,3566.67
6460841,313000,AZN,3,131.0,10,17,True,False,False,Memar Əcəmi,Bakı,2389.31
6489312,158000,AZN,2,65.0,9,9,True,False,False,Həzi Aslanov,Bakı,2430.77
6233266,146000,AZN,2,40.0,4,5,True,False,False,Nəriman Nərimanov,Bakı,3650.0
6319328,290000,AZN,3,155.0,11,12,True,False,False,Abşeron,Sumqayıt,1870.97
6468543,130000,AZN,1,35.0,2,5,True,False,False,Nizami,Bakı,3714.29
6452622,405000,AZN,4,144.0,6,16,True,False,False,İnşaatçılar,Bakı,2812.5
6489310,400000,AZN,4,161.0,11,16,True,False,False,Əhmədli,Bakı,2484.47
6450408,124000,AZN,1,40.0,4,5,True,False,False,Nərimanov,Bakı,3100.0
6485245,258000,AZN,4,127.0,9,17,True,False,False,Köhnə Günəşli,Bakı,2031.5
6346426,171000,AZN,2,82.0,14,18,True,False,False,Köhnə Günəşli,Bakı,2085.37
6350452,189000,AZN,3,75.0,4,17,True,False,False,Nəsimi,Bakı,2520.0
6425053,235000,AZN,4,105.0,6,9,True,False,False,İnşaatçılar,Bakı,2238.1
6489307,300000,AZN,3,105.0,5,16,True,False,False,Qara Qarayev,Bakı,2857.14
6489306,140000,AZN,2,80.0,3,15,True,False,False,Abşeron,Xırdalan,1750.0
6405931,187000,AZN,3,80.0,2,9,True,False,False,Yeni Günəşli,Bakı,2337.5
6388649,153000,AZN,1,52.0,5,12,True,False,False,Bakıxanov,Bakı,2942.31
6489304,205000,AZN,2,65.0,14,17,True,False,False,7-ci mikrorayon,Bakı,3153.85
6489284,635000,AZN,3,162.0,4,20,False,False,False,Xətai,Bakı,3919.75
6489301,123000,AZN,3,70.0,8,10,True,False,False,Masazır,Bakı,1757.14
6444677,790000,AZN,4,181.0,18,20,True,False,False,Şah İsmayıl Xətai,Bakı,4364.64
5999974,92800,AZN,1,22.0,1,2,True,False,False,Sahil,Bakı,4218.18
6489298,137000,AZN,2,36.0,1,2,True,False,False,Sahil,Bakı,3805.56
5999990,173500,AZN,2,48.0,2,2,True,False,False,Sahil,Bakı,3614.58
6489296,575000,AZN,4,164.5,11,17,True,False,False,8-ci mikrorayon,Bakı,3495.44
6407092,285000,AZN,3,91.0,5,15,True,False,False,Həzi Aslanov,Bakı,3131.87
6148058,599000,AZN,4,180.0,8,27,True,False,False,8 Noyabr,Bakı,3327.78
6489297,380000,AZN,4,155.0,13,15,True,False,False,Binəqədi,Bakı,2451.61
6489294,240000,AZN,4,75.0,4,9,True,False,False,Əhmədli,Bakı,3200.0
6259881,1190000,AZN,4,210.0,6,17,True,False,False,28 May,Bakı,5666.67
6448574,565000,AZN,4,204.0,10,17,True,False,False,Nəsimi,Bakı,2769.61
4900527,465000,AZN,4,185.0,5,16,False,False,False,Bayıl,Bakı,2513.51
6489292,850000,AZN,3,163.0,12,20,True,False,False,Ağ şəhər,Bakı,5214.72
6489288,258000,AZN,2,85.0,14,16,True,False,False,8-ci mikrorayon,Bakı,3035.29
6211533,430000,AZN,3,136.0,13,15,True,False,False,Nəsimi,Bakı,3161.76
6236595,235000,AZN,2,82.0,16,17,True,False,False,Azadlıq Prospekti,Bakı,2865.85
6463361,259000,AZN,3,100.0,7,13,True,False,False,Qara Qarayev,Bakı,2590.0
6447353,235000,AZN,3,87.0,7,15,False,False,False,Qara Qarayev,Bakı,2701.15
6489286,330000,AZN,3,100.0,18,20,True,False,False,8-ci mikrorayon,Bakı,3300.0
6399218,82000,AZN,2,53.0,1,5,True,False,False,Lökbatan,Bakı,1547.17
6371298,112000,AZN,3,73.0,5,5,True,False,False,Lökbatan,Bakı,1534.25
6489283,310000,AZN,2,65.0,7,27,True,False,False,8 Noyabr,Bakı,4769.23
6400432,147000,AZN,2,67.0,9,12,False,False,False,Xətai,Bakı,2194.03
6010339,130000,AZN,3,70.0,3,5,True,False,False,Lökbatan,Bakı,1857.14
6482518,470000,AZN,4,180.0,15,18,True,False,False,Şah İsmayıl Xətai,Bakı,2611.11
6489280,430000,AZN,3,140.0,10,16,True,False,False,Şah İsmayıl Xətai,Bakı,3071.43
6376340,249000,AZN,3,85.0,11,19,True,False,False,Xətai,Bakı,2929.41
6489279,185000,AZN,2,45.0,2,3,True,False,False,İçəri Şəhər,Bakı,4111.11
6474528,162000,AZN,2,60.0,3,5,True,False,False,Xətai,Bakı,2700.0
6395483,156000,AZN,2,65.0,4,5,True,False,False,Əhmədli,Bakı,2400.0
6489278,335000,AZN,2,60.0,1,7,True,False,False,Ağ şəhər,Bakı,5583.33
6364809,169000,AZN,2,55.0,8,19,True,False,False,Xətai,Bakı,3072.73
6190024,305000,AZN,3,128.0,2,17,True,False,False,Şah İsmayıl Xətai,Bakı,2382.81
6489277,175000,AZN,4,120.0,3,6,True,False,False,Masazır,Bakı,1458.33
6252505,195000,AZN,3,90.0,8,9,True,False,False,Əhmədli,Bakı,2166.67
6398541,175000,AZN,3,85.0,1,9,True,False,False,Əhmədli,Bakı,2058.82
6156441,245000,AZN,2,50.0,15,18,True,False,False,28 May,Bakı,4900.0
6406086,223000,AZN,3,70.0,4,5,True,False,False,Yasamal,Bakı,3185.71
6441866,510000,AZN,4,192.5,14,20,False,False,False,Gənclik,Bakı,2649.35
6489276,180000,AZN,3,89.0,7,14,False,False,False,Həzi Aslanov,Bakı,2022.47
6489275,325000,AZN,2,76.5,8,20,False,False,False,Şah İsmayıl Xətai,Bakı,4248.37
6387481,379000,AZN,2,68.0,10,20,True,False,False,Şah İsmayıl Xətai,Bakı,5573.53
6486127,345000,AZN,3,135.0,15,16,True,False,False,Şah İsmayıl Xətai,Bakı,2555.56
6421381,646000,AZN,3,142.0,14,17,True,False,False,Gənclik,Bakı,4549.3
6478967,365000,AZN,4,150.0,5,10,True,False,False,Gənclik,Bakı,2433.33
6489268,72000,AZN,1,16.0,1,2,True,False,False,Sahil,Bakı,4500.0
6489263,380000,AZN,3,140.0,15,17,True,False,False,8-ci mikrorayon,Bakı,2714.29
6482847,509000,AZN,4,163.0,4,19,False,False,False,Bayıl,Bakı,3122.7
6482468,225000,AZN,3,90.0,8,14,True,False,False,Həzi Aslanov,Bakı,2500.0
6489258,115000,AZN,2,45.0,1,4,True,False,False,Həzi Aslanov,Bakı,2555.56
6420012,74400,AZN,2,62.0,1,3,False,False,False,Buzovna,Bakı,1200.0
6489254,258000,AZN,3,95.0,3,9,True,False,False,İnşaatçılar,Bakı,2715.79
6439273,165000,AZN,3,70.0,3,15,True,False,False,Yeni Günəşli,Bakı,2357.14
6467631,168000,AZN,3,69.1,1,9,True,False,False,Köhnə Günəşli,Bakı,2431.26
6470865,200000,AZN,3,80.0,2,17,True,False,False,Həzi Aslanov,Bakı,2500.0
6222094,205000,AZN,3,94.0,15,15,False,False,False,Neftçilər,Bakı,2180.85
6232449,450000,AZN,3,115.0,5,16,True,False,False,Nəsimi,Bakı,3913.04
6237585,307000,AZN,2,96.0,8,16,True,False,False,Gənclik,Bakı,3197.92
6489245,185000,AZN,2,44.4,4,16,True,False,False,Gənclik,Bakı,4166.67
6364392,205000,AZN,2,50.0,6,16,True,False,False,28 May,Bakı,4100.0
5951655,270000,AZN,3,90.0,4,19,True,False,False,Xətai,Bakı,3000.0
6489244,266000,AZN,3,110.0,12,17,True,False,False,Həzi Aslanov,Bakı,2418.18
5661180,733000,AZN,4,163.0,2,8,False,False,False,Ağ şəhər,Bakı,4496.93
6461990,365000,AZN,3,130.0,13,17,True,False,False,Elmlər Akademiyası,Bakı,2807.69
5663462,875000,AZN,5,202.0,3,8,False,False,False,Ağ şəhər,Bakı,4331.68
6438965,243000,AZN,4,110.0,4,9,True,False,False,İnşaatçılar,Bakı,2209.09
6395957,174500,AZN,2,70.0,5,12,True,False,False,İnşaatçılar,Bakı,2492.86
6440757,165000,AZN,2,55.0,3,20,True,False,False,Həzi Aslanov,Bakı,3000.0
6489240,372000,AZN,3,120.0,11,14,False,False,False,Dərnəgül,Bakı,3100.0
6412159,204000,AZN,2,85.0,4,20,False,False,False,Həzi Aslanov,Bakı,2400.0
6485469,175000,AZN,3,70.0,3,4,True,False,False,Nəriman Nərimanov,Bakı,2500.0
6049140,380000,AZN,3,165.0,15,24,True,False,False,Şah İsmayıl Xətai,Bakı,2303.03
6489239,148000,AZN,3,48.0,3,5,True,False,False,Həzi Aslanov,Bakı,3083.33
6489238,285000,AZN,3,93.0,2,17,True,False,False,20 Yanvar,Bakı,3064.52
6224538,285000,AZN,2,88.0,10,16,True,False,False,Elmlər Akademiyası,Bakı,3238.64
6454119,225000,AZN,5,115.0,8,9,True,False,False,Köhnə Günəşli,Bakı,1956.52
6471259,305000,AZN,2,77.0,8,17,True,False,False,Nəsimi,Bakı,3961.04
6238782,255000,AZN,2,76.0,16,17,True,False,False,Qara Qarayev,Bakı,3355.26
6238792,255000,AZN,2,76.0,15,17,True,False,False,Qara Qarayev,Bakı,3355.26
6400531,480000,AZN,6,156.0,6,17,True,False,False,20 Yanvar,Bakı,3076.92
6465853,294000,AZN,2,90.0,4,16,True,False,False,Şah İsmayıl Xətai,Bakı,3266.67
6489237,272000,AZN,3,100.0,8,16,True,False,False,20 Yanvar,Bakı,2720.0
6419824,243000,AZN,4,100.0,7,9,True,False,False,Xətai,Bakı,2430.0
6397981,379000,AZN,4,157.0,12,16,True,False,False,28 May,Bakı,2414.01
6469668,183900,AZN,2,66.0,4,12,True,False,False,İnşaatçılar,Bakı,2786.36
6489236,300000,AZN,3,72.0,18,18,True,False,False,Bakmil,Bakı,4166.67
6445663,304000,AZN,2,74.0,7,17,True,False,False,Nəriman Nərimanov,Bakı,4108.11
6489234,238000,AZN,2,65.0,12,16,True,False,False,Nizami,Bakı,3661.54
6478013,205000,AZN,2,75.0,15,18,True,False,False,Həzi Aslanov,Bakı,2733.33
6489233,236300,AZN,2,70.0,4,7,False,False,False,Nəsimi,Bakı,3375.71
6394253,188000,AZN,2,53.0,17,19,True,False,False,Həzi Aslanov,Bakı,3547.17
6452094,237000,AZN,3,100.0,1,9,True,False,False,Nərimanov,Bakı,2370.0
6397062,157000,AZN,2,66.0,9,16,True,False,False,Yeni Günəşli,Bakı,2378.79
6281641,210000,AZN,2,68.0,15,17,True,False,False,Həzi Aslanov,Bakı,3088.24
6314435,460000,AZN,4,167.0,6,16,True,False,False,Nəriman Nərimanov,Bakı,2754.49
6489228,145000,AZN,3,86.0,17,17,True,False,False,Əhmədli,Bakı,1686.05
6450402,81000,AZN,2,70.0,1,1,True,False,False,20-ci sahə,Bakı,1157.14
5882373,249000,AZN,2,85.0,6,19,True,False,False,Xətai,Bakı,2929.41
6161748,178000,AZN,2,45.0,12,15,True,False,False,İnşaatçılar,Bakı,3955.56
6487012,348000,AZN,3,137.0,14,17,True,False,False,20 Yanvar,Bakı,2540.15
6297631,195000,AZN,3,80.0,3,5,True,False,False,Nəriman Nərimanov,Bakı,2437.5
6489225,228000,AZN,2,76.0,18,24,False,False,False,Şah İsmayıl Xətai,Bakı,3000.0
6442008,145000,AZN,3,60.0,5,5,True,False,False,Memar Əcəmi,Bakı,2416.67
6489224,355000,AZN,3,130.0,15,18,True,False,False,Azadlıq Prospekti,Bakı,2730.77
5660191,360000,AZN,3,96.0,13,18,True,False,False,Şah İsmayıl Xətai,Bakı,3750.0
6489222,159000,AZN,2,61.0,13,16,True,False,False,Qara Qarayev,Bakı,2606.56
6482569,370000,AZN,3,103.0,6,14,True,False,False,Şah İsmayıl Xətai,Bakı,3592.23
6489219,158000,AZN,2,64.0,6,17,False,False,False,Yasamal,Bakı,2468.75
6406005,255000,AZN,4,110.0,5,5,True,False,False,İnşaatçılar,Bakı,2318.18
6454245,365000,AZN,3,130.0,13,17,True,False,False,Elmlər Akademiyası,Bakı,2807.69
6405362,340000,AZN,3,130.0,11,12,True,False,False,20 Yanvar,Bakı,2615.38
5543655,335000,AZN,5,181.0,16,17,False,False,False,Qara Qarayev,Bakı,1850.83
6489218,137000,AZN,2,68.0,3,4,True,False,False,Yeni Günəşli,Bakı,2014.71
6477449,325000,AZN,3,104.4,11,17,False,False,False,Koroğlu,Bakı,3113.03
5987794,244000,AZN,3,84.0,14,15,True,False,False,Neftçilər,Bakı,2904.76
6367744,319000,AZN,3,132.0,6,17,True,False,False,Əhmədli,Bakı,2416.67
6489217,250000,AZN,2,72.0,16,16,True,False,False,Koroğlu,Bakı,3472.22
5696467,549000,AZN,3,150.0,7,12,True,False,False,Sahil,Bakı,3660.0
6489216,235000,AZN,3,74.0,7,11,True,False,False,Qara Qarayev,Bakı,3175.68
6425159,185000,AZN,2,68.0,7,9,True,False,False,Nəsimi,Bakı,2720.59
6388311,247000,AZN,2,66.0,17,18,True,False,False,Şah İsmayıl Xətai,Bakı,3742.42
6364419,148000,AZN,3,80.0,5,5,True,False,False,Həzi Aslanov,Bakı,1850.0
6464810,117999,AZN,1,30.0,5,5,True,False,False,Memar Əcəmi,Bakı,3933.3
6430832,270000,AZN,3,125.0,8,14,True,False,False,Xətai,Bakı,2160.0
5922410,485000,AZN,4,120.0,7,16,True,False,False,28 May,Bakı,4041.67
6383777,220000,AZN,5,110.0,1,5,True,False,False,Əhmədli,Bakı,2000.0
6447594,470000,AZN,4,170.0,15,17,True,False,False,Şah İsmayıl Xətai,Bakı,2764.71
6467798,750000,AZN,4,175.0,9,16,True,False,False,28 May,Bakı,4285.71
6472284,290000,AZN,3,97.4,10,17,False,False,False,Koroğlu,Bakı,2977.41
6152568,280000,AZN,3,95.0,8,16,True,False,False,Şah İsmayıl Xətai,Bakı,2947.37
6468808,500000,AZN,3,101.2,5,5,True,False,False,Sahil,Bakı,4940.71
6405567,275000,AZN,2,53.0,5,16,True,False,False,Nizami,Bakı,5188.68
6468415,340000,AZN,2,60.0,4,5,True,False,False,Sahil,Bakı,5666.67
6489209,305000,AZN,2,78.0,9,18,True,False,False,Nərimanov,Bakı,3910.26
6468629,285000,AZN,3,90.0,4,4,True,False,False,İçəri Şəhər,Bakı,3166.67
6364302,575000,AZN,3,137.0,6,7,False,False,False,Şah İsmayıl Xətai,Bakı,4197.08
5990934,359000,AZN,3,130.0,2,12,True,False,False,Şah İsmayıl Xətai,Bakı,2761.54
6353763,180000,AZN,2,55.0,4,5,True,False,False,Nizami,Bakı,3272.73
6311537,380000,AZN,3,130.0,6,18,True,False,False,Nəriman Nərimanov,Bakı,2923.08
6404433,380000,AZN,3,133.0,5,17,True,False,False,8 Noyabr,Bakı,2857.14
6010238,285000,AZN,3,90.0,9,10,True,False,False,Nəriman Nərimanov,Bakı,3166.67
6397287,695000,AZN,3,145.0,5,6,True,False,False,Şah İsmayıl Xətai,Bakı,4793.1
6489204,203000,AZN,3,65.0,5,5,True,False,False,Nizami,Bakı,3123.08
6489203,290000,AZN,3,71.0,13,17,True,False,False,Nərimanov,Bakı,4084.51
6452453,263500,AZN,1,66.7,5,8,False,False,False,Sea Breeze,Bakı,3950.52
6487461,390000,AZN,3,100.0,11,18,True,False,False,Nəsimi,Bakı,3900.0
6489145,215000,AZN,2,65.0,7,9,True,False,False,Azadlıq Prospekti,Bakı,3307.69
6474531,365000,AZN,4,100.0,5,5,True,False,False,Nizami,Bakı,3650.0
6387145,430000,AZN,3,155.0,4,18,True,False,False,Elmlər Akademiyası,Bakı,2774.19
6476677,295000,AZN,3,100.0,5,6,True,False,False,Sahil,Bakı,2950.0
6488454,435000,AZN,3,115.0,2,15,True,False,False,28 May,Bakı,3782.61
6476680,295000,AZN,3,100.0,6,6,True,False,False,Sahil,Bakı,2950.0
6488660,380000,AZN,3,117.0,15,16,True,False,False,Nəsimi,Bakı,3247.86
6474834,260000,AZN,3,75.0,5,6,True,False,False,Sahil,Bakı,3466.67
6474805,450000,AZN,4,126.0,4,4,True,False,False,Sahil,Bakı,3571.43
6488842,395000,AZN,3,107.0,20,27,True,False,False,8 Noyabr,Bakı,3691.59
6474564,315000,AZN,3,90.0,3,4,True,False,False,İçəri Şəhər,Bakı,3500.0
6489155,192000,AZN,2,65.0,4,9,True,False,False,Azadlıq Prospekti,Bakı,2953.85
6320810,142500,AZN,2,55.0,5,9,True,False,False,Həzi Aslanov,Bakı,2590.91
6489197,310000,AZN,3,62.0,6,18,True,False,False,28 May,Bakı,5000.0
6489195,126000,AZN,3,60.0,7,15,True,False,False,Abşeron,Xırdalan,2100.0
6486198,208000,AZN,2,83.0,6,16,False,False,False,Azadlıq Prospekti,Bakı,2506.02
6180505,625000,AZN,3,119.5,10,17,True,False,False,Elmlər Akademiyası,Bakı,5230.13
6021456,285000,AZN,3,120.0,9,17,True,False,False,Azadlıq Prospekti,Bakı,2375.0
6430969,218000,AZN,3,85.0,8,9,True,False,False,Nəsimi,Bakı,2564.71
6489188,386000,AZN,3,100.0,15,20,True,False,False,Nərimanov,Bakı,3860.0
6450370,260000,AZN,2,106.0,6,19,True,False,False,8 Noyabr,Bakı,2452.83
5120492,216000,AZN,3,106.0,10,17,True,False,False,Qaraçuxur,Bakı,2037.74
6489187,300000,AZN,3,100.0,10,16,True,False,False,İnşaatçılar,Bakı,3000.0
6390937,369000,AZN,3,108.0,2,3,True,False,False,Sahil,Bakı,3416.67
6489184,345000,AZN,3,115.0,3,16,True,False,False,İnşaatçılar,Bakı,3000.0
6405067,125000,AZN,2,35.0,1,2,True,False,False,İçəri Şəhər,Bakı,3571.43
6489179,485000,AZN,3,132.0,10,22,True,False,False,Nizami,Bakı,3674.24
6378124,128000,AZN,3,65.0,1,9,True,False,False,Yeni Günəşli,Bakı,1969.23
6450391,208000,AZN,3,80.0,11,13,True,False,False,Nizami,Bakı,2600.0
6489177,258000,AZN,2,58.0,13,17,True,False,False,Nəsimi,Bakı,4448.28
6489176,147000,AZN,3,60.0,6,9,True,False,False,Əhmədli,Bakı,2450.0
6458505,135000,AZN,2,60.0,6,9,True,False,False,Həzi Aslanov,Bakı,2250.0
6455423,143000,AZN,2,45.0,3,16,True,False,False,Qara Qarayev,Bakı,3177.78
6489173,190000,AZN,2,60.0,9,16,True,False,False,Yasamal,Bakı,3166.67
6475092,1019000,AZN,5,207.0,5,7,False,False,False,Ağ şəhər,Bakı,4922.71
6391216,222000,AZN,2,57.0,9,16,True,False,False,28 May,Bakı,3894.74
6440546,345000,AZN,2,99.0,9,18,True,False,False,Nəsimi,Bakı,3484.85
6489170,233000,AZN,2,60.0,5,14,True,False,False,Nərimanov,Bakı,3883.33
6462373,249000,AZN,3,82.0,7,17,True,False,False,Həzi Aslanov,Bakı,3036.59
6489167,65000,AZN,1,24.0,5,5,True,False,False,Səbail,Bakı,2708.33
6426408,195000,AZN,3,70.0,5,5,True,False,False,İnşaatçılar,Bakı,2785.71
6489171,195000,AZN,3,70.0,4,5,True,False,False,Neftçilər,Bakı,2785.71
6321334,429000,AZN,3,126.0,6,16,True,False,False,Elmlər Akademiyası,Bakı,3404.76
6364784,480000,AZN,4,185.0,12,17,True,False,False,Nərimanov,Bakı,2594.59
6383315,220000,AZN,3,90.0,10,16,True,False,False,Həzi Aslanov,Bakı,2444.44
6489168,285000,AZN,3,110.0,9,17,True,False,False,7-ci mikrorayon,Bakı,2590.91
6469266,208000,AZN,3,75.0,16,18,True,False,False,İnşaatçılar,Bakı,2773.33
6489165,175000,AZN,3,70.0,5,5,True,False,False,Qara Qarayev,Bakı,2500.0
6309624,560000,AZN,4,172.0,4,19,True,False,False,Nəsimi,Bakı,3255.81
6482465,175000,AZN,2,55.0,14,17,True,False,False,Həzi Aslanov,Bakı,3181.82
6489159,420000,AZN,3,165.0,7,10,True,False,False,8 Noyabr,Bakı,2545.45
5954454,265000,AZN,3,75.0,12,16,True,False,False,Nəsimi,Bakı,3533.33
6378252,357000,AZN,3,140.0,12,17,True,False,False,Xətai,Bakı,2550.0
6467034,249000,AZN,3,82.0,7,16,True,False,False,Həzi Aslanov,Bakı,3036.59
6489154,214366,AZN,2,64.0,7,16,True,False,False,Yasamal,Bakı,3349.47
6489153,175000,AZN,3,80.0,5,5,True,False,False,Xalqlar Dostluğu,Bakı,2187.5
6489151,289000,AZN,2,70.0,6,16,True,False,False,Nəriman Nərimanov,Bakı,4128.57
6470983,133000,AZN,2,50.0,4,9,True,False,False,Əhmədli,Bakı,2660.0
6459121,225000,AZN,3,90.0,7,9,True,False,False,Xalqlar Dostluğu,Bakı,2500.0
6461931,230000,AZN,3,90.0,10,18,True,False,False,Həzi Aslanov,Bakı,2555.56
6476478,227000,AZN,3,85.0,7,9,True,False,False,Xalqlar Dostluğu,Bakı,2670.59
6239422,195000,AZN,3,115.0,11,17,True,False,False,Xalqlar Dostluğu,Bakı,1695.65
6269042,176000,AZN,3,80.0,5,9,True,False,False,Qaraçuxur,Bakı,2200.0
6142083,172000,AZN,3,85.0,5,5,True,False,False,Həzi Aslanov,Bakı,2023.53
6366669,205000,AZN,3,80.0,9,9,True,False,False,Həzi Aslanov,Bakı,2562.5
6489147,219000,AZN,2,76.0,12,16,True,False,False,Bayıl,Bakı,2881.58
6489148,210000,AZN,3,80.0,5,15,True,False,False,Xalqlar Dostluğu,Bakı,2625.0
6171807,355000,AZN,3,145.0,6,16,True,False,False,Xətai,Bakı,2448.28
6489144,194500,AZN,3,80.0,7,9,True,False,False,Həzi Aslanov,Bakı,2431.25
6351110,451000,AZN,2,82.0,9,20,False,False,False,Ağ şəhər,Bakı,5500.0
6294002,450000,AZN,4,170.0,3,20,True,False,False,Gənclik,Bakı,2647.06
6332108,160000,AZN,4,90.0,4,5,True,False,False,Lökbatan,Bakı,1777.78
6489116,345000,AZN,3,125.0,5,18,True,False,False,Yeni Yasamal,Bakı,2760.0
6489140,183000,AZN,2,57.0,2,16,False,False,False,Gənclik,Bakı,3210.53
6489138,355000,AZN,3,130.0,15,18,True,False,False,Azadlıq Prospekti,Bakı,2730.77
6489135,238000,AZN,3,80.0,2,9,True,False,False,Nəsimi,Bakı,2975.0
6489130,355000,AZN,3,125.0,2,19,True,False,False,Nəriman Nərimanov,Bakı,2840.0
6489134,365000,AZN,3,131.0,13,16,True,False,False,Elmlər Akademiyası,Bakı,2786.26
6489133,320000,AZN,3,130.0,5,19,True,False,False,Nəriman Nərimanov,Bakı,2461.54
6401693,170000,AZN,2,75.0,15,18,True,False,False,Koroğlu,Bakı,2266.67
6489131,300000,AZN,3,118.0,4,16,True,False,False,Nəriman Nərimanov,Bakı,2542.37
6489128,350000,AZN,3,95.0,12,17,True,False,False,20 Yanvar,Bakı,3684.21
6489127,1500000,AZN,5,188.1,8,8,True,False,False,Ağ şəhər,Bakı,7974.48
6489123,210000,AZN,2,92.0,5,17,True,False,False,Xətai,Bakı,2282.61
6479062,548000,AZN,5,205.0,2,16,False,False,False,Bayıl,Bakı,2673.17
6489122,148000,AZN,3,65.0,1,9,True,False,False,Həzi Aslanov,Bakı,2276.92
6489124,290000,AZN,3,110.0,6,17,True,False,False,Memar Əcəmi,Bakı,2636.36
6489121,190000,AZN,2,60.0,4,15,True,False,False,Xalqlar Dostluğu,Bakı,3166.67
6408403,199000,AZN,2,85.0,9,9,True,False,False,Nəriman Nərimanov,Bakı,2341.18
6489113,440000,AZN,3,117.0,3,9,True,False,False,28 May,Bakı,3760.68
6489079,170000,AZN,2,42.0,4,5,True,False,False,Nəriman Nərimanov,Bakı,4047.62
6489112,299000,AZN,3,72.0,18,18,True,False,False,Bakmil,Bakı,4152.78
6416409,590000,AZN,4,220.0,5,19,True,False,False,28 May,Bakı,2681.82
6489108,237000,AZN,3,75.0,1,5,True,False,False,Nizami,Bakı,3160.0
6358845,1990000,AZN,7,420.0,3,16,True,False,False,Sahil,Bakı,4738.1
6465930,158000,AZN,2,65.0,13,16,True,False,False,Qara Qarayev,Bakı,2430.77
6489109,287000,AZN,3,96.0,16,20,True,False,False,Həzi Aslanov,Bakı,2989.58
6489107,255000,AZN,2,78.0,3,12,False,False,False,Nəsimi,Bakı,3269.23
6406120,177000,AZN,2,70.0,1,2,True,False,False,28 May,Bakı,2528.57
6018962,197000,AZN,5,110.0,5,9,True,False,False,Biləcəri,Bakı,1790.91
6489105,280000,AZN,2,73.0,13,17,True,False,False,28 May,Bakı,3835.62
6195374,212000,AZN,3,94.0,7,21,False,False,False,Həzi Aslanov,Bakı,2255.32
6489101,158000,AZN,2,60.0,4,15,True,False,False,Xalqlar Dostluğu,Bakı,2633.33
6489098,350000,AZN,3,121.0,17,19,True,False,False,Xalqlar Dostluğu,Bakı,2892.56
6489102,130000,AZN,2,55.0,5,5,True,False,False,Memar Əcəmi,Bakı,2363.64
6489097,160000,AZN,3,55.0,2,5,True,False,False,Azadlıq Prospekti,Bakı,2909.09
6489099,229000,AZN,3,100.0,9,9,True,False,False,Azadlıq Prospekti,Bakı,2290.0
6339153,275000,AZN,3,120.0,3,3,True,False,False,28 May,Bakı,2291.67
6489096,354900,AZN,4,135.0,5,20,True,False,False,Həzi Aslanov,Bakı,2628.89
6489091,425000,AZN,2,105.0,16,16,True,False,False,Gənclik,Bakı,4047.62
6489086,270000,AZN,3,74.0,12,17,True,False,False,Nəsimi,Bakı,3648.65
6444612,85000,AZN,2,51.0,4,8,True,False,False,Masazır,Bakı,1666.67
6451843,164000,AZN,2,65.0,7,9,True,False,False,Əhmədli,Bakı,2523.08
6489083,245000,AZN,3,75.0,7,9,True,False,False,20 Yanvar,Bakı,3266.67
6489085,360000,AZN,3,100.0,11,15,True,False,False,28 May,Bakı,3600.0
5781111,555000,AZN,4,130.0,10,15,True,False,False,Nəriman Nərimanov,Bakı,4269.23
6489084,365000,AZN,3,145.0,15,17,True,False,False,Nəsimi,Bakı,2517.24
6131040,117000,AZN,3,92.0,4,14,False,False,False,Masazır,Bakı,1271.74
6489078,220000,AZN,3,75.0,15,15,True,False,False,İnşaatçılar,Bakı,2933.33
6154370,360000,AZN,3,134.0,4,16,True,False,False,Qara Qarayev,Bakı,2686.57
5908788,429000,AZN,3,135.0,3,17,True,False,False,Qara Qarayev,Bakı,3177.78
6073385,680000,AZN,4,186.0,17,18,True,False,False,Qara Qarayev,Bakı,3655.91
6219305,669000,AZN,5,286.0,7,18,True,False,False,Nəsimi,Bakı,2339.16
6489080,260000,AZN,2,70.0,6,10,True,False,False,Nəsimi,Bakı,3714.29
6389075,355000,AZN,3,113.0,4,14,True,False,False,Azadlıq Prospekti,Bakı,3141.59
6489076,323000,AZN,3,99.0,9,16,True,False,False,Koroğlu,Bakı,3262.63
6479588,175000,AZN,3,65.0,4,9,True,False,False,Əhmədli,Bakı,2692.31
6489071,258000,AZN,2,93.0,4,20,False,False,False,Şah İsmayıl Xətai,Bakı,2774.19
6489067,147000,AZN,3,60.0,1,9,True,False,False,Əhmədli,Bakı,2450.0
6489064,195000,AZN,2,51.0,4,5,True,False,False,Elmlər Akademiyası,Bakı,3823.53
6489068,178000,AZN,2,65.0,3,9,True,False,False,Həzi Aslanov,Bakı,2738.46
6489065,305000,AZN,2,99.6,14,17,False,False,False,Gənclik,Bakı,3062.25
6489063,155000,AZN,2,40.0,2,9,True,False,False,Yasamal,Bakı,3875.0
6357215,197000,AZN,2,50.0,15,19,True,False,False,28 May,Bakı,3940.0
6441307,189000,AZN,2,82.1,2,13,False,False,False,Qara Qarayev,Bakı,2302.07
6480177,315000,AZN,3,100.0,15,21,True,False,False,Nərimanov,Bakı,3150.0
6489062,160000,AZN,2,50.0,8,9,True,False,False,Nəriman Nərimanov,Bakı,3200.0
6484676,236000,AZN,2,60.0,7,16,True,False,False,28 May,Bakı,3933.33
6368207,390000,AZN,3,120.0,4,4,True,False,False,Sahil,Bakı,3250.0
6489061,240000,AZN,3,110.0,9,16,True,False,False,Əhmədli,Bakı,2181.82
6489058,287500,AZN,3,95.0,16,20,True,False,False,Həzi Aslanov,Bakı,3026.32
6489057,770000,AZN,4,202.0,8,14,True,False,False,Nizami,Bakı,3811.88
6489050,155000,AZN,2,50.0,9,9,True,False,False,Nəsimi,Bakı,3100.0
6428564,465000,AZN,3,134.0,7,14,True,False,False,Nizami,Bakı,3470.15
6335918,131000,AZN,2,55.0,4,9,True,False,False,Yeni Günəşli,Bakı,2381.82
6485032,205000,AZN,4,110.0,4,5,True,False,False,Həzi Aslanov,Bakı,1863.64
6460512,175000,AZN,2,80.0,5,17,True,False,False,Əhmədli,Bakı,2187.5
6240972,120000,AZN,3,70.0,5,5,True,False,False,Lökbatan,Bakı,1714.29
6468027,290000,AZN,3,95.0,7,16,True,False,False,Xətai,Bakı,3052.63
6371457,105000,AZN,3,56.0,3,3,True,False,False,Lökbatan,Bakı,1875.0
6407763,195000,AZN,2,60.0,4,4,True,False,False,28 May,Bakı,3250.0
6218572,205000,AZN,4,110.0,4,5,True,False,False,Həzi Aslanov,Bakı,1863.64
6237078,265000,AZN,3,110.0,20,20,True,False,False,Şah İsmayıl Xətai,Bakı,2409.09
6388774,237000,AZN,2,63.0,5,16,True,False,False,Koroğlu,Bakı,3761.9
6392615,330000,AZN,2,64.0,8,17,True,False,False,Nəsimi,Bakı,5156.25
6489045,390000,AZN,3,135.0,8,17,True,False,False,Şah İsmayıl Xətai,Bakı,2888.89
6212481,335000,AZN,2,85.0,5,17,True,False,False,Nəsimi,Bakı,3941.18
6242959,150000,AZN,2,90.0,17,17,True,False,False,Xalqlar Dostluğu,Bakı,1666.67
6212425,365000,AZN,3,112.0,14,14,True,False,False,Nəsimi,Bakı,3258.93
6489042,246000,AZN,3,117.0,3,16,False,False,False,Memar Əcəmi,Bakı,2102.56
6139087,279000,AZN,2,60.0,15,21,True,False,False,Şah İsmayıl Xətai,Bakı,4650.0
6362483,72000,AZN,2,37.0,4,6,True,False,False,Masazır,Bakı,1945.95
6239789,245000,AZN,3,105.0,15,18,True,False,False,Həzi Aslanov,Bakı,2333.33
6404291,210000,AZN,2,94.0,9,14,True,False,False,Xalqlar Dostluğu,Bakı,2234.04
6489040,340000,AZN,3,125.0,14,17,True,False,False,Əhmədli,Bakı,2720.0
6403219,499000,AZN,4,198.0,3,24,True,False,False,Şah İsmayıl Xətai,Bakı,2520.2
6489041,310000,AZN,3,98.0,15,20,True,False,False,Nərimanov,Bakı,3163.27
5841466,450000,AZN,3,155.0,3,17,True,False,False,8-ci mikrorayon,Bakı,2903.23
6405836,245000,AZN,4,125.0,9,10,True,False,False,Neftçilər,Bakı,1960.0
6489039,305000,AZN,3,74.0,8,14,True,False,False,28 May,Bakı,4121.62
6216942,203000,AZN,3,70.0,15,15,True,False,False,Nəriman Nərimanov,Bakı,2900.0
6405867,143000,AZN,2,55.0,5,5,True,False,False,Neftçilər,Bakı,2600.0
6382867,235000,AZN,2,74.0,16,17,True,False,False,Azadlıq Prospekti,Bakı,3175.68
6336224,378000,AZN,4,150.0,5,18,True,False,False,Həzi Aslanov,Bakı,2520.0
6350033,220000,AZN,3,85.0,8,9,True,False,False,Gənclik,Bakı,2588.24
6259702,237000,AZN,3,85.0,8,9,True,False,False,Həzi Aslanov,Bakı,2788.24
6489035,103000,AZN,3,75.0,5,5,True,False,False,Qaradağ,Bakı,1373.33
6139242,175000,AZN,3,70.0,1,5,True,False,False,Binəqədi,Bakı,2500.0
5843738,450000,AZN,3,156.0,3,18,True,False,False,8-ci mikrorayon,Bakı,2884.62
6489033,155000,AZN,3,60.0,5,5,True,False,False,Nəriman Nərimanov,Bakı,2583.33
6489034,595000,AZN,4,220.0,11,13,True,False,False,Gənclik,Bakı,2704.55
6405513,330000,AZN,3,82.0,2,18,True,False,False,Nəsimi,Bakı,4024.39
6115551,175000,AZN,3,75.0,3,5,True,False,False,Həzi Aslanov,Bakı,2333.33
6355910,172000,AZN,2,50.0,3,4,True,False,False,Gənclik,Bakı,3440.0
6488941,205000,AZN,3,76.0,9,20,True,False,False,İnşaatçılar,Bakı,2697.37
6489030,229000,AZN,3,75.0,3,9,True,False,False,Həzi Aslanov,Bakı,3053.33
6489023,280000,AZN,3,115.0,2,17,True,False,False,İnşaatçılar,Bakı,2434.78
6489029,60000,AZN,2,60.1,4,14,True,False,False,Saray,Bakı,998.34
6489022,344000,AZN,3,144.0,2,18,False,False,False,Şah İsmayıl Xətai,Bakı,2388.89
6489019,198000,AZN,3,73.0,5,9,True,False,False,Bakıxanov,Bakı,2712.33
6483745,75000,AZN,2,49.0,2,4,True,False,False,Masazır,Bakı,1530.61
6489021,198000,AZN,2,50.0,4,5,True,False,False,Nərimanov,Bakı,3960.0
6275703,240000,AZN,2,52.0,10,17,True,False,False,Nəriman Nərimanov,Bakı,4615.38
6405100,420000,AZN,4,170.0,6,10,True,False,False,Nəriman Nərimanov,Bakı,2470.59
6489018,468000,AZN,4,156.0,18,19,True,False,False,8 Noyabr,Bakı,3000.0
6489016,230000,AZN,3,91.0,6,17,True,False,False,Həzi Aslanov,Bakı,2527.47
6489011,172000,AZN,1,75.0,2,18,False,False,False,Şah İsmayıl Xətai,Bakı,2293.33
6489010,289000,AZN,3,116.0,6,19,True,False,False,İnşaatçılar,Bakı,2491.38
6296911,410000,AZN,3,135.0,10,16,True,False,False,Nizami,Bakı,3037.04
6480372,149999,AZN,3,63.0,2,2,True,False,False,Nizami,Bakı,2380.94
6489007,162500,AZN,3,80.0,3,9,True,False,False,Köhnə Günəşli,Bakı,2031.25
6488933,255000,AZN,4,110.0,1,9,True,False,False,Azadlıq Prospekti,Bakı,2318.18
6295518,249000,AZN,4,110.0,8,9,True,False,False,Nizami,Bakı,2263.64
6489006,450000,AZN,3,165.0,13,16,True,False,False,28 May,Bakı,2727.27
6489001,270000,AZN,3,115.0,3,10,True,False,False,Nəsimi,Bakı,2347.83
6489002,220000,AZN,3,130.0,10,11,False,False,False,Bakıxanov,Bakı,1692.31
6048033,340000,AZN,4,177.0,14,19,False,False,False,İnşaatçılar,Bakı,1920.9
6212787,480000,AZN,3,95.0,4,20,True,False,False,Şah İsmayıl Xətai,Bakı,5052.63
6459632,345000,AZN,3,146.0,9,18,True,False,False,Memar Əcəmi,Bakı,2363.01
6488997,177000,AZN,2,68.0,7,16,False,False,False,Memar Əcəmi,Bakı,2602.94
6385652,845000,AZN,4,184.0,6,14,False,False,False,Elmlər Akademiyası,Bakı,4592.39
6488994,275000,AZN,2,70.0,15,20,True,False,False,Koroğlu,Bakı,3928.57
5824763,623000,AZN,4,175.0,15,18,False,False,False,Nəsimi,Bakı,3560.0
6477109,187000,AZN,2,80.0,2,14,True,False,False,Xalqlar Dostluğu,Bakı,2337.5
6488995,133000,AZN,1,54.0,8,17,True,False,False,Memar Əcəmi,Bakı,2462.96
6488992,380000,AZN,2,95.0,11,17,True,False,False,Nəsimi,Bakı,4000.0
6373924,90000,AZN,2,50.0,3,4,True,False,False,Masazır,Bakı,1800.0
6488993,230000,AZN,3,66.0,8,9,True,False,False,Bakıxanov,Bakı,3484.85
4920711,272000,AZN,3,135.0,7,17,False,False,False,Badamdar,Bakı,2014.81
6486864,169000,AZN,3,83.0,7,9,True,False,False,Həzi Aslanov,Bakı,2036.14
6488988,160000,AZN,2,36.0,15,17,True,False,False,Qara Qarayev,Bakı,4444.44
6488985,495000,AZN,3,92.0,5,18,True,False,False,28 May,Bakı,5380.43
6486940,190000,AZN,3,83.0,3,9,True,False,False,Əhmədli,Bakı,2289.16
6280466,235000,AZN,2,80.0,15,17,True,False,False,Səbail,Bakı,2937.5
6488986,228000,AZN,2,71.0,9,17,True,False,False,Qara Qarayev,Bakı,3211.27
6182005,891750,AZN,5,205.0,3,8,False,False,False,Ağ şəhər,Bakı,4350.0
6486926,156000,AZN,3,83.0,1,9,True,False,False,Həzi Aslanov,Bakı,1879.52
6488983,183000,AZN,2,65.0,4,9,True,False,False,Xalqlar Dostluğu,Bakı,2815.38
6385411,75000,AZN,2,54.0,5,5,True,False,False,Memar Əcəmi,Bakı,1388.89
6033542,130000,AZN,1,50.0,16,17,True,False,False,Qara Qarayev,Bakı,2600.0
6488415,222000,AZN,2,90.0,3,20,True,False,False,Həzi Aslanov,Bakı,2466.67
6488981,375000,AZN,2,68.0,10,21,True,False,False,Şah İsmayıl Xətai,Bakı,5514.71
6488947,185000,AZN,3,73.0,5,7,True,False,False,Həzi Aslanov,Bakı,2534.25
6397756,170000,AZN,3,88.0,7,9,True,False,False,Xətai,Bakı,1931.82
6488982,559000,AZN,3,120.0,8,14,True,False,False,İçəri Şəhər,Bakı,4658.33
6291911,170000,AZN,3,88.0,8,9,True,False,False,Xətai,Bakı,1931.82
6488114,148000,AZN,3,65.0,3,5,True,False,False,Həzi Aslanov,Bakı,2276.92
6050714,315000,AZN,2,80.0,5,17,True,False,False,Nəriman Nərimanov,Bakı,3937.5
6441777,156000,AZN,2,62.0,2,6,True,False,False,Həzi Aslanov,Bakı,2516.13
6464873,140000,AZN,2,116.0,4,5,True,False,False,Xətai,Bakı,1206.9
6450154,185000,AZN,4,154.0,11,16,False,False,False,Qaradağ,Bakı,1201.3
6085867,248000,AZN,2,77.0,2,20,True,False,False,Yasamal,Bakı,3220.78
6290307,225000,AZN,2,55.0,17,17,True,False,False,Nəsimi,Bakı,4090.91
6488977,286000,AZN,3,128.0,8,19,True,False,False,Memar Əcəmi,Bakı,2234.38
6488978,218118,AZN,3,65.0,2,16,True,False,False,Yasamal,Bakı,3355.66
6488974,218000,AZN,2,50.0,10,16,True,False,False,Qara Qarayev,Bakı,4360.0
6488973,155000,AZN,1,52.0,2,16,True,False,False,Dərnəgül,Bakı,2980.77
6402736,460000,AZN,4,145.4,10,17,False,False,False,28 May,Bakı,3163.69
6488969,229000,AZN,3,80.0,3,9,True,False,False,Həzi Aslanov,Bakı,2862.5
6488967,210000,AZN,3,75.0,3,10,True,False,False,Xətai,Bakı,2800.0
6488955,189000,AZN,2,54.0,12,16,True,False,False,Neftçilər,Bakı,3500.0
6168650,410000,AZN,1,51.0,1,7,True,False,False,Ağ şəhər,Bakı,8039.22
6488957,285000,AZN,3,110.0,9,17,True,False,False,Azadlıq Prospekti,Bakı,2590.91
6458060,269000,AZN,3,80.0,1,4,True,False,False,Yasamal,Bakı,3362.5
6432324,315000,AZN,3,120.0,9,14,True,False,False,İnşaatçılar,Bakı,2625.0
6488954,255000,AZN,3,110.0,10,20,True,False,False,8-ci kilometr,Bakı,2318.18
5540662,408000,AZN,3,156.0,5,17,True,False,False,Elmlər Akademiyası,Bakı,2615.38
6394169,306000,AZN,3,100.0,13,16,True,False,False,Yasamal,Bakı,3060.0
6404409,255000,AZN,2,70.0,3,5,True,False,False,Nəriman Nərimanov,Bakı,3642.86
6404636,147000,AZN,1,40.0,5,5,True,False,False,Gənclik,Bakı,3675.0
6332662,119000,AZN,3,85.0,9,11,True,False,False,Abşeron,Xırdalan,1400.0
6454152,395000,AZN,3,105.0,18,19,True,False,False,Nəriman Nərimanov,Bakı,3761.9
6488951,259000,AZN,3,99.0,7,13,True,False,False,Qara Qarayev,Bakı,2616.16
6488946,375000,AZN,3,110.0,12,15,True,False,False,Nizami,Bakı,3409.09
6013337,1400000,AZN,7,285.0,6,18,True,False,False,28 May,Bakı,4912.28
6467067,240000,AZN,2,87.0,11,17,True,False,False,8 Noyabr,Bakı,2758.62
6488944,535000,AZN,3,150.0,6,14,True,False,False,Nərimanov,Bakı,3566.67
6248401,425000,AZN,5,255.0,2,3,True,False,False,Yasamal,Bakı,1666.67
6479848,118500,AZN,1,38.0,5,5,True,False,False,İnşaatçılar,Bakı,3118.42
6404589,325000,AZN,3,135.0,16,19,True,False,False,Nəriman Nərimanov,Bakı,2407.41
6243089,117000,AZN,2,82.0,5,7,True,False,False,Masazır,Bakı,1426.83
6405243,72000,AZN,2,37.0,4,6,True,False,False,Masazır,Bakı,1945.95
6433584,195000,AZN,3,65.0,12,19,True,False,False,7-ci mikrorayon,Bakı,3000.0
6488940,300000,AZN,4,130.0,17,19,True,False,False,İnşaatçılar,Bakı,2307.69
6466417,557000,AZN,4,206.0,7,16,True,False,False,28 May,Bakı,2703.88
6260024,116000,AZN,2,35.0,4,5,True,False,False,Elmlər Akademiyası,Bakı,3314.29
6488936,285000,AZN,3,80.0,15,18,True,False,False,28 May,Bakı,3562.5
6488932,250000,AZN,2,95.0,3,17,True,False,False,Nəsimi,Bakı,2631.58
6488937,755000,AZN,4,185.0,5,17,True,False,False,Elmlər Akademiyası,Bakı,4081.08
6488934,220000,AZN,2,65.0,5,5,True,False,False,Nəriman Nərimanov,Bakı,3384.62
6488931,148000,AZN,3,52.0,3,5,True,False,False,Həzi Aslanov,Bakı,2846.15
6488930,290000,AZN,4,105.0,3,5,True,False,False,Binəqədi,Bakı,2761.9
6483323,339000,AZN,3,128.0,4,16,True,False,False,Qara Qarayev,Bakı,2648.44
6369419,195000,AZN,2,51.0,9,15,True,False,False,Qara Qarayev,Bakı,3823.53
6461510,330000,AZN,4,500.0,16,16,False,False,False,8 Noyabr,Bakı,660.0
6097218,197000,AZN,2,85.0,15,17,True,False,False,İnşaatçılar,Bakı,2317.65
6258185,325000,AZN,4,257.0,10,10,True,False,False,Nərimanov,Bakı,1264.59
6488927,249000,AZN,3,95.0,15,17,True,False,False,Səbail,Bakı,2621.05
6488923,237000,AZN,3,65.0,4,9,True,False,False,Nərimanov,Bakı,3646.15
6488918,138000,AZN,2,55.0,2,5,True,False,False,Memar Əcəmi,Bakı,2509.09
6488922,190000,AZN,3,65.0,3,9,True,False,False,Əhmədli,Bakı,2923.08
6488921,280000,AZN,3,103.5,15,18,True,False,False,Yasamal,Bakı,2705.31
6488920,139500,AZN,2,58.0,2,12,True,False,False,Həzi Aslanov,Bakı,2405.17
6010985,480000,AZN,3,91.0,15,20,True,False,False,Şah İsmayıl Xətai,Bakı,5274.73
6481007,168000,AZN,3,100.0,7,16,True,False,False,Abşeron,Xırdalan,1680.0
6165681,240000,AZN,2,90.0,3,11,True,False,False,Xalqlar Dostluğu,Bakı,2666.67
6458013,145000,AZN,2,73.0,9,16,False,False,False,Binəqədi,Bakı,1986.3
5958320,700000,AZN,4,185.5,10,18,True,False,False,28 May,Bakı,3773.58
6367870,650000,AZN,4,205.5,11,18,True,False,False,28 May,Bakı,3163.02
6404795,250000,AZN,3,90.0,5,5,True,False,False,Nərimanov,Bakı,2777.78
6061385,310000,AZN,1,75.0,4,4,True,False,False,Sea Breeze,Bakı,4133.33
5354898,306000,AZN,2,85.7,4,5,False,False,False,Sea Breeze,Bakı,3570.6
6216672,265000,AZN,2,91.9,5,7,False,False,False,Sea Breeze,Bakı,2883.57
6488910,460000,AZN,3,91.0,15,20,True,False,False,Şah İsmayıl Xətai,Bakı,5054.95
6165757,253000,AZN,2,70.0,10,17,True,False,False,8 Noyabr,Bakı,3614.29
6157866,439000,AZN,3,160.0,18,24,True,False,False,Şah İsmayıl Xətai,Bakı,2743.75
5326169,400000,AZN,2,75.0,5,5,True,False,False,Sea Breeze,Bakı,5333.33
6216958,215000,AZN,1,48.8,1,7,True,False,False,Sea Breeze,Bakı,4405.74
6216549,335937,AZN,1,94.1,1,8,False,False,False,Sea Breeze,Bakı,3570.0
5611207,115000,AZN,1,67.0,2,5,True,False,False,Binəqədi,Bakı,1716.42
6488906,85000,AZN,3,68.0,5,8,True,False,False,Masazır,Bakı,1250.0
6071894,415000,AZN,3,138.0,13,22,True,False,False,İnşaatçılar,Bakı,3007.25
6398343,258000,AZN,4,120.0,5,5,True,False,False,Yasamal,Bakı,2150.0
6488895,587000,AZN,3,170.0,2,20,False,False,False,Şah İsmayıl Xətai,Bakı,3452.94
6488899,95000,AZN,1,40.0,4,5,True,False,False,Mərdəkan,Bakı,2375.0
6326412,365000,AZN,3,100.0,12,14,True,False,False,İnşaatçılar,Bakı,3650.0
6408698,190000,AZN,2,74.5,8,16,True,False,False,Həzi Aslanov,Bakı,2550.34
6256434,220000,AZN,3,70.0,4,5,True,False,False,Nərimanov,Bakı,3142.86
6488898,268000,AZN,3,135.0,3,12,True,False,False,İnşaatçılar,Bakı,1985.19
6488897,375000,AZN,3,110.0,9,17,True,False,False,28 May,Bakı,3409.09
6404542,245000,AZN,4,90.0,2,5,True,False,False,İçəri Şəhər,Bakı,2722.22
6488890,193500,AZN,2,65.0,6,9,True,False,False,Əhmədli,Bakı,2976.92
6488885,50388,AZN,2,52.0,9,12,False,False,False,Sea Breeze,Bakı,969.0
6430847,168000,AZN,2,45.0,9,9,True,False,False,Binəqədi,Bakı,3733.33
6488886,165000,AZN,2,68.0,15,17,True,False,False,Xətai,Bakı,2426.47
6453762,289000,AZN,3,96.0,15,21,True,False,False,Həzi Aslanov,Bakı,3010.42
6473038,429000,AZN,3,145.0,14,19,True,False,False,28 May,Bakı,2958.62
6488884,210000,AZN,3,88.0,12,17,True,False,False,Həzi Aslanov,Bakı,2386.36
6478925,179000,AZN,2,55.0,3,20,True,False,False,Həzi Aslanov,Bakı,3254.55
6488226,120000,AZN,2,58.0,1,9,True,False,False,Hövsan,Bakı,2068.97
6395664,195000,AZN,2,64.0,4,16,True,False,False,Yasamal,Bakı,3046.88
6277872,355000,AZN,3,110.0,8,18,True,False,False,Badamdar,Bakı,3227.27
6488882,184000,AZN,3,65.0,4,9,True,False,False,Əhmədli,Bakı,2830.77
6488881,295000,AZN,4,120.0,9,9,True,False,False,Səbail,Bakı,2458.33
6488875,250000,AZN,3,85.0,2,9,True,False,False,Elmlər Akademiyası,Bakı,2941.18
6488878,205000,AZN,3,76.0,9,21,True,False,False,İnşaatçılar,Bakı,2697.37
6461207,165000,AZN,2,61.0,15,17,True,False,False,Yeni Günəşli,Bakı,2704.92
6488877,355000,AZN,3,120.0,2,16,True,False,False,İnşaatçılar,Bakı,2958.33
6488865,649500,AZN,4,210.0,11,17,True,False,False,Elmlər Akademiyası,Bakı,3092.86
6488869,155000,AZN,2,40.0,2,9,True,False,False,Yasamal,Bakı,3875.0
6488876,169400,AZN,3,83.0,2,14,True,False,False,Xətai,Bakı,2040.96
6488874,230000,AZN,2,70.5,3,6,True,False,False,Elmlər Akademiyası,Bakı,3262.41
6488872,330000,AZN,2,99.0,14,27,True,False,False,Nəsimi,Bakı,3333.33
6488871,44186,AZN,1,45.6,5,12,False,False,False,Sea Breeze,Bakı,968.99
6456675,187000,AZN,2,90.0,2,14,True,False,False,Xalqlar Dostluğu,Bakı,2077.78
6485615,136000,AZN,2,50.0,9,17,True,False,False,Yeni Günəşli,Bakı,2720.0
6488867,255000,AZN,2,93.0,6,17,True,False,False,Nəsimi,Bakı,2741.94
5742704,820000,AZN,5,323.0,16,17,False,False,False,Nəriman Nərimanov,Bakı,2538.7
6488864,259000,AZN,3,90.0,3,14,True,False,False,Neftçilər,Bakı,2877.78
6290668,295000,AZN,2,112.0,6,17,False,False,False,Qara Qarayev,Bakı,2633.93
6488863,325000,AZN,3,80.0,9,12,True,False,False,Gənclik,Bakı,4062.5
6473099,175000,AZN,3,75.0,8,9,True,False,False,Yeni Günəşli,Bakı,2333.33
6488858,199500,AZN,3,85.0,8,10,True,False,False,Xalqlar Dostluğu,Bakı,2347.06
6488856,229500,AZN,3,121.0,11,16,True,False,False,Həzi Aslanov,Bakı,1896.69
6488857,465000,AZN,3,133.0,14,14,False,False,False,Memar Əcəmi,Bakı,3496.24
6228156,240000,AZN,2,64.0,6,19,True,False,False,Şah İsmayıl Xətai,Bakı,3750.0
6488850,145000,AZN,3,68.0,2,5,True,False,False,7-ci mikrorayon,Bakı,2132.35
6488852,310000,AZN,3,105.0,8,16,True,False,False,Neftçilər,Bakı,2952.38
6488849,349000,AZN,3,135.0,14,17,True,False,False,20 Yanvar,Bakı,2585.19
6488840,258000,AZN,3,90.0,3,9,True,False,False,İnşaatçılar,Bakı,2866.67
6262367,587000,AZN,3,170.0,2,20,False,False,False,Şah İsmayıl Xətai,Bakı,3452.94
6375421,235000,AZN,2,70.0,4,5,False,False,False,İnşaatçılar,Bakı,3357.14
6318459,320000,AZN,2,108.0,14,27,False,False,False,8 Noyabr,Bakı,2962.96
6488846,335000,AZN,4,135.0,5,9,True,False,False,Yasamal,Bakı,2481.48
6488834,290000,AZN,3,125.0,15,16,True,False,False,Memar Əcəmi,Bakı,2320.0
6401636,425000,AZN,2,84.0,1,7,False,False,False,Ağ şəhər,Bakı,5059.52
6149820,342000,AZN,3,108.8,11,18,False,False,False,28 May,Bakı,3143.38
6488841,176000,AZN,2,48.0,4,16,True,False,False,Yasamal,Bakı,3666.67
6224967,435000,AZN,3,114.0,16,16,True,False,False,28 May,Bakı,3815.79
6488839,310000,AZN,3,120.0,2,14,True,False,False,Neftçilər,Bakı,2583.33
6488784,389000,AZN,3,135.0,6,20,True,False,False,Elmlər Akademiyası,Bakı,2881.48
6403487,229222,AZN,2,76.0,15,17,True,False,False,Azadlıq Prospekti,Bakı,3016.08
6307149,320000,AZN,3,134.0,10,16,False,False,False,Nərimanov,Bakı,2388.06
6395565,248888,AZN,3,94.0,16,19,True,False,False,Səbail,Bakı,2647.74
6159223,460000,AZN,3,116.0,15,16,True,False,False,Nəriman Nərimanov,Bakı,3965.52
6270168,990000,AZN,4,180.0,11,14,True,False,False,Elmlər Akademiyası,Bakı,5500.0
6351577,198000,AZN,2,75.0,12,17,True,False,False,Azadlıq Prospekti,Bakı,2640.0
6474112,219000,AZN,3,95.0,8,17,True,False,False,Həzi Aslanov,Bakı,2305.26
6488830,130000,AZN,1,45.0,8,9,True,False,False,Nəsimi,Bakı,2888.89
6488831,143000,AZN,2,50.0,4,5,True,False,False,Memar Əcəmi,Bakı,2860.0
6488829,185000,AZN,2,60.0,1,2,True,False,False,28 May,Bakı,3083.33
6474670,325000,AZN,3,120.0,14,18,True,False,False,Xalqlar Dostluğu,Bakı,2708.33
6446801,250000,AZN,2,82.0,4,19,True,False,False,Əhmədli,Bakı,3048.78
6455952,120000,AZN,3,86.0,4,6,True,False,False,Masazır,Bakı,1395.35
6396004,157000,AZN,2,65.0,4,17,True,False,False,Əhmədli,Bakı,2415.38
6488819,282000,AZN,2,97.2,12,16,True,False,False,Nərimanov,Bakı,2901.23
6399593,535000,AZN,4,174.0,5,17,True,False,False,28 May,Bakı,3074.71
6488822,158500,AZN,2,52.0,14,19,True,False,False,Xalqlar Dostluğu,Bakı,3048.08
6488817,179000,AZN,2,60.0,3,10,True,False,False,Xalqlar Dostluğu,Bakı,2983.33
6488818,222000,AZN,2,60.0,4,5,True,False,False,Nəriman Nərimanov,Bakı,3700.0
6488815,479000,AZN,3,165.0,12,24,True,False,False,Şah İsmayıl Xətai,Bakı,2903.03
6488811,205000,AZN,3,80.0,9,9,True,False,False,Həzi Aslanov,Bakı,2562.5
6288596,280000,AZN,3,98.0,4,17,False,False,False,Koroğlu,Bakı,2857.14
6404541,210000,AZN,3,96.0,7,17,True,False,False,Yeni Yasamal,Bakı,2187.5
6488809,233000,AZN,2,65.0,5,14,True,False,False,Nərimanov,Bakı,3584.62
6488807,201000,AZN,1,57.8,5,14,True,False,False,İnşaatçılar,Bakı,3477.51
6488802,340000,AZN,4,128.0,7,11,True,False,False,8 Noyabr,Bakı,2656.25
5936692,59500,AZN,2,83.0,6,6,False,False,False,Masazır,Bakı,716.87
6488803,395000,AZN,3,105.0,18,19,True,False,False,Bakmil,Bakı,3761.9
6482380,920000,AZN,8,412.0,16,17,True,False,False,Elmlər Akademiyası,Bakı,2233.01
6413888,430000,AZN,3,150.0,4,12,True,False,False,Azadlıq Prospekti,Bakı,2866.67
6488796,170000,AZN,3,72.5,5,14,False,False,False,Neftçilər,Bakı,2344.83
5899147,515000,AZN,4,159.0,10,17,False,False,False,28 May,Bakı,3238.99
6355587,587000,AZN,3,170.0,2,18,True,False,False,Şah İsmayıl Xətai,Bakı,3452.94
6488799,320000,AZN,4,110.0,3,9,True,False,False,Gənclik,Bakı,2909.09
6488794,360000,AZN,3,104.4,13,17,True,False,False,Koroğlu,Bakı,3448.28
6405332,276000,AZN,3,80.0,5,20,True,False,False,20 Yanvar,Bakı,3450.0
6488786,310000,AZN,4,105.0,8,16,True,False,False,Qara Qarayev,Bakı,2952.38
6488787,162000,AZN,2,50.0,2,5,True,False,False,Neftçilər,Bakı,3240.0
6458725,232000,AZN,3,74.0,9,13,True,False,False,Bakıxanov,Bakı,3135.14
6488783,650000,AZN,3,142.0,14,17,True,False,False,Gənclik,Bakı,4577.46
6488785,329000,AZN,4,168.0,9,14,True,False,False,Xalqlar Dostluğu,Bakı,1958.33
5972196,169500,AZN,1,46.7,2,6,False,False,False,Sea Breeze,Bakı,3629.55
6488774,229000,AZN,3,100.0,12,16,True,False,False,Həzi Aslanov,Bakı,2290.0
5995205,485000,AZN,4,145.0,12,14,True,False,False,20 Yanvar,Bakı,3344.83
6488781,258000,AZN,3,85.0,2,9,True,False,False,İnşaatçılar,Bakı,3035.29
6488782,199999,AZN,2,58.0,14,15,True,False,False,Azadlıq Prospekti,Bakı,3448.26
6231793,665000,AZN,3,128.0,8,14,False,False,False,İçəri Şəhər,Bakı,5195.31
6149926,310000,AZN,4,110.0,16,17,True,False,False,Binəqədi,Bakı,2818.18
6488776,180000,AZN,3,75.0,2,5,True,False,False,Azadlıq Prospekti,Bakı,2400.0
6321355,160000,AZN,2,75.0,6,9,True,False,False,Neftçilər,Bakı,2133.33
6488778,215000,AZN,3,74.0,5,5,True,False,False,İnşaatçılar,Bakı,2905.41
6458217,327000,AZN,3,119.0,12,18,True,False,False,Şah İsmayıl Xətai,Bakı,2747.9
6203771,223000,AZN,3,90.0,15,17,True,False,False,Həzi Aslanov,Bakı,2477.78
6488777,149999,AZN,3,65.0,2,2,True,False,False,Nizami,Bakı,2307.68
6488771,218000,AZN,2,66.0,4,20,True,False,False,20 Yanvar,Bakı,3303.03
6488766,208000,AZN,3,74.0,16,18,True,False,False,İnşaatçılar,Bakı,2810.81
6194985,365000,AZN,2,70.0,13,20,True,False,False,Şah İsmayıl Xətai,Bakı,5214.29
6488769,258000,AZN,3,100.0,3,9,True,False,False,İnşaatçılar,Bakı,2580.0
6334830,215000,AZN,3,120.0,11,17,True,False,False,Xalqlar Dostluğu,Bakı,1791.67
6488767,330000,AZN,2,62.0,10,18,True,False,False,Nəriman Nərimanov,Bakı,5322.58
6421856,275000,AZN,3,90.0,10,19,True,False,False,Xətai,Bakı,3055.56
6488768,251000,AZN,3,85.0,5,9,True,False,False,Nəriman Nərimanov,Bakı,2952.94
6488765,218000,AZN,2,65.0,4,18,True,False,False,Elmlər Akademiyası,Bakı,3353.85
6488761,339300,AZN,3,117.0,23,23,False,False,False,Nizami,Bakı,2900.0
6488760,315000,AZN,3,103.0,12,18,True,False,False,İnşaatçılar,Bakı,3058.25
6405096,270000,AZN,3,80.0,2,9,True,False,False,Nərimanov,Bakı,3375.0
6488753,145000,AZN,2,60.0,4,5,True,False,False,Elmlər Akademiyası,Bakı,2416.67
6488752,179000,AZN,2,55.0,3,10,True,False,False,Xalqlar Dostluğu,Bakı,3254.55
6488723,120000,AZN,2,35.0,1,5,True,False,False,Memar Əcəmi,Bakı,3428.57
6488748,300000,AZN,5,125.0,5,9,True,False,False,Xalqlar Dostluğu,Bakı,2400.0
6285430,285000,AZN,2,108.2,6,17,False,False,False,Nərimanov,Bakı,2634.01
6488741,152000,AZN,2,62.0,5,19,True,False,False,Əhmədli,Bakı,2451.61
6488746,175000,AZN,3,71.0,8,9,True,False,False,Qara Qarayev,Bakı,2464.79
6488737,249000,AZN,2,55.0,15,17,True,False,False,Nəsimi,Bakı,4527.27
6488739,158000,AZN,2,55.0,5,20,True,False,False,Əhmədli,Bakı,2872.73
6086580,329000,AZN,2,56.5,5,7,True,False,False,Sea Breeze,Bakı,5823.01
6289327,295000,AZN,3,120.0,10,13,,False,False,Əhmədli,Bakı,2458.33
6488734,560000,AZN,3,142.0,14,18,True,False,False,Nəriman Nərimanov,Bakı,3943.66
6488731,434000,AZN,4,150.0,9,13,True,False,False,Azadlıq Prospekti,Bakı,2893.33
6488730,258000,AZN,3,95.0,3,9,True,False,False,İnşaatçılar,Bakı,2715.79
6108435,229000,AZN,2,75.0,4,17,True,False,False,Nəriman Nərimanov,Bakı,3053.33
6405798,313000,AZN,2,109.2,2,7,False,False,False,Nardaran,Bakı,2866.3
6476992,165000,AZN,3,80.0,8,9,True,False,False,Xətai,Bakı,2062.5
6322480,277000,AZN,2,79.3,6,17,True,False,False,Nərimanov,Bakı,3493.06
6285993,300000,AZN,2,72.1,5,14,True,False,False,28 May,Bakı,4160.89
6405635,650000,AZN,4,170.0,9,16,True,False,False,Şah İsmayıl Xətai,Bakı,3823.53
6488726,179000,AZN,3,79.0,14,14,True,False,False,Həzi Aslanov,Bakı,2265.82
6488713,155000,AZN,3,55.0,2,5,True,False,False,İnşaatçılar,Bakı,2818.18
6488724,162000,AZN,2,56.0,16,18,True,False,False,Memar Əcəmi,Bakı,2892.86
6488716,155000,AZN,2,50.0,9,9,True,False,False,Nəsimi,Bakı,3100.0
6090475,257000,AZN,3,133.0,10,19,True,False,False,Xalqlar Dostluğu,Bakı,1932.33
6163891,178000,AZN,2,60.0,7,9,True,False,False,Neftçilər,Bakı,2966.67
6256076,190000,AZN,2,65.0,7,16,True,False,False,Qara Qarayev,Bakı,2923.08
6488720,160000,AZN,3,92.0,7,7,True,False,False,Masazır,Bakı,1739.13
6488717,625000,AZN,4,265.0,6,17,False,False,False,Gənclik,Bakı,2358.49
6488708,155000,AZN,2,55.0,3,5,True,False,False,Memar Əcəmi,Bakı,2818.18
6487960,179000,AZN,2,52.0,2,19,True,False,False,20 Yanvar,Bakı,3442.31
6405168,175000,AZN,2,55.0,4,5,True,False,False,Nərimanov,Bakı,3181.82
6306825,245000,AZN,3,107.0,15,17,True,False,False,Xətai,Bakı,2289.72
6488704,222000,AZN,3,96.0,7,16,True,False,False,Əhmədli,Bakı,2312.5
6488705,230000,AZN,3,75.0,5,5,True,False,False,Nəsimi,Bakı,3066.67
6488702,174000,AZN,2,65.0,3,9,True,False,False,Yeni Yasamal,Bakı,2676.92
6375292,159000,AZN,2,58.0,4,5,True,False,False,Memar Əcəmi,Bakı,2741.38
6488256,205000,AZN,4,75.0,4,5,True,False,False,Xalqlar Dostluğu,Bakı,2733.33
6488653,78000,AZN,3,70.0,2,2,True,False,False,Zabrat,Bakı,1114.29
6315996,495000,AZN,3,165.0,8,14,False,False,False,Nizami,Bakı,3000.0
6356575,349000,AZN,3,110.0,2,4,True,False,False,İçəri Şəhər,Bakı,3172.73
6315989,645000,AZN,4,216.0,11,14,False,False,False,Nizami,Bakı,2986.11
6368193,303000,AZN,3,90.0,9,16,True,False,False,Qara Qarayev,Bakı,3366.67
6488701,214366,AZN,2,64.0,7,16,True,False,False,Yasamal,Bakı,3349.47
6392657,215000,AZN,2,68.0,11,16,True,False,False,Həzi Aslanov,Bakı,3161.76
6488698,435000,AZN,2,84.0,4,7,True,False,False,Ağ şəhər,Bakı,5178.57
6459102,239000,AZN,3,72.0,5,18,True,False,False,İnşaatçılar,Bakı,3319.44
6488699,299000,AZN,3,72.0,18,18,True,False,False,Bakmil,Bakı,4152.78
6488693,238000,AZN,3,74.0,3,9,True,False,False,Yeni Günəşli,Bakı,3216.22
6488695,260000,AZN,4,110.0,8,9,True,False,False,İnşaatçılar,Bakı,2363.64
6488691,230000,AZN,2,87.0,8,15,True,False,False,Dərnəgül,Bakı,2643.68
6488686,101000,AZN,1,38.0,1,5,True,False,False,Həzi Aslanov,Bakı,2657.89
6488245,315000,AZN,4,185.0,14,18,False,False,False,Xətai,Bakı,1702.7
6488688,169000,AZN,3,85.0,3,5,True,False,False,Memar Əcəmi,Bakı,1988.24
6488687,230000,AZN,3,81.0,2,9,True,False,False,Şah İsmayıl Xətai,Bakı,2839.51
6488685,185000,AZN,3,85.0,6,9,True,False,False,Həzi Aslanov,Bakı,2176.47
6488684,165000,AZN,3,60.0,5,9,True,False,False,Həzi Aslanov,Bakı,2750.0
6358242,192000,AZN,2,30.0,1,3,True,False,False,Sahil,Bakı,6400.0
6488683,335000,AZN,3,118.0,8,11,True,False,False,Memar Əcəmi,Bakı,2838.98
6132139,167000,AZN,3,60.0,6,9,True,False,False,Neftçilər,Bakı,2783.33
6488679,207000,AZN,2,68.0,13,15,True,False,False,İnşaatçılar,Bakı,3044.12
6488675,215000,AZN,3,61.0,3,17,True,False,False,Neftçilər,Bakı,3524.59
6488451,234500,AZN,3,111.1,7,20,True,False,False,Əhmədli,Bakı,2110.71
6488676,410000,AZN,3,143.0,5,17,True,False,False,Nizami,Bakı,2867.13
6233879,258000,AZN,2,58.0,14,17,True,False,False,Nərimanov,Bakı,4448.28
6488672,183400,AZN,2,70.0,2,12,False,False,False,Qara Qarayev,Bakı,2620.0
6488674,220000,AZN,3,100.0,6,11,True,False,False,Yeni Günəşli,Bakı,2200.0
6435333,380000,AZN,3,120.0,4,12,True,False,False,Nərimanov,Bakı,3166.67
6392189,126500,AZN,1,45.0,1,9,True,False,False,Yeni Yasamal,Bakı,2811.11
6468042,259000,AZN,2,95.0,13,16,True,False,False,Qara Qarayev,Bakı,2726.32
6403889,95000,AZN,2,62.0,14,17,True,False,False,Abşeron,Xırdalan,1532.26
6340883,233000,AZN,4,110.0,3,9,True,False,False,İnşaatçılar,Bakı,2118.18
6239248,255000,AZN,3,78.0,15,16,True,False,False,20 Yanvar,Bakı,3269.23
6488665,255000,AZN,2,75.0,7,13,True,False,False,Koroğlu,Bakı,3400.0
6457227,479000,AZN,3,165.0,13,24,True,False,False,Şah İsmayıl Xətai,Bakı,2903.03
6488664,300000,AZN,2,92.0,5,17,False,False,False,Nəriman Nərimanov,Bakı,3260.87
6405699,758500,AZN,4,190.0,15,21,False,False,False,Ağ şəhər,Bakı,3992.11
6488658,650000,AZN,3,133.0,15,17,True,False,False,Nizami,Bakı,4887.22
6488661,595000,AZN,3,145.0,3,16,False,False,False,Elmlər Akademiyası,Bakı,4103.45
6488659,175000,AZN,3,90.0,8,9,True,False,False,Yeni Günəşli,Bakı,1944.44
6488657,93000,AZN,3,60.0,1,4,True,False,False,Abşeron,Xırdalan,1550.0
6488656,165000,AZN,3,72.0,7,9,True,False,False,Həzi Aslanov,Bakı,2291.67
6472254,127000,AZN,1,45.0,1,9,True,False,False,Nəsimi,Bakı,2822.22
6488652,267000,AZN,3,94.0,7,17,True,False,False,Neftçilər,Bakı,2840.43
6209925,199000,AZN,2,87.0,10,18,True,False,False,Həzi Aslanov,Bakı,2287.36
6285101,89500,AZN,2,57.0,3,6,True,False,False,Masazır,Bakı,1570.18
6488650,122000,AZN,2,60.0,5,9,True,False,False,Saray,Bakı,2033.33
6198060,380000,AZN,2,85.0,2,5,True,False,False,Nardaran,Bakı,4470.59
6488649,198000,AZN,2,60.0,4,5,True,False,False,Nəsimi,Bakı,3300.0
6348223,125000,AZN,3,90.0,9,11,False,False,False,Masazır,Bakı,1388.89
6488645,296000,AZN,3,100.0,12,17,True,False,False,20 Yanvar,Bakı,2960.0
6488646,145000,AZN,2,67.0,7,18,True,False,False,9-cu mikrorayon,Bakı,2164.18
6477202,172000,AZN,2,71.0,7,19,True,False,False,Memar Əcəmi,Bakı,2422.54
6452571,160000,AZN,2,36.0,15,17,True,False,False,Qara Qarayev,Bakı,4444.44
6488644,510000,AZN,4,173.0,13,17,True,False,False,Nəsimi,Bakı,2947.98
6272965,365000,AZN,4,150.0,2,7,False,False,False,İnşaatçılar,Bakı,2433.33
6240940,205000,AZN,3,76.0,9,20,True,False,False,İnşaatçılar,Bakı,2697.37
6488533,175000,AZN,2,45.0,3,5,True,False,False,Neftçilər,Bakı,3888.89
6488636,358000,AZN,3,90.0,4,4,True,False,False,Sahil,Bakı,3977.78
6481951,127000,AZN,2,60.0,3,9,True,False,False,Memar Əcəmi,Bakı,2116.67
6407659,750000,AZN,3,150.0,4,7,True,False,False,Ağ şəhər,Bakı,5000.0
6476947,225000,AZN,3,94.0,9,17,True,False,False,Həzi Aslanov,Bakı,2393.62
6488639,152000,AZN,2,52.0,4,15,True,False,False,Əhmədli,Bakı,2923.08
6488631,272000,AZN,3,108.0,7,13,True,False,False,Neftçilər,Bakı,2518.52
6427190,205000,AZN,3,76.0,9,19,True,False,False,İnşaatçılar,Bakı,2697.37
6488627,185000,AZN,2,44.0,4,16,True,False,False,Gənclik,Bakı,4204.55
6488622,220000,AZN,2,95.0,6,12,True,False,False,Həzi Aslanov,Bakı,2315.79
6279118,785000,AZN,4,185.0,3,16,True,False,False,Elmlər Akademiyası,Bakı,4243.24
6347041,205000,AZN,3,85.0,6,9,True,False,False,Xalqlar Dostluğu,Bakı,2411.76
6458861,295000,AZN,3,115.0,12,18,True,False,False,Yeni Yasamal,Bakı,2565.22
6488621,265000,AZN,3,90.0,4,9,True,False,False,Elmlər Akademiyası,Bakı,2944.44
6162656,225000,AZN,4,90.0,4,5,True,False,False,Xalqlar Dostluğu,Bakı,2500.0
6161249,184000,AZN,2,69.0,9,16,True,False,False,Həzi Aslanov,Bakı,2666.67
6488623,230000,AZN,3,120.0,11,16,True,False,False,Xətai,Bakı,1916.67
6488618,195000,AZN,2,55.0,14,17,True,False,False,Memar Əcəmi,Bakı,3545.45
6076532,172000,AZN,2,55.0,5,16,True,False,False,Əhmədli,Bakı,3127.27
6158290,215000,AZN,4,120.0,2,5,True,False,False,Həzi Aslanov,Bakı,1791.67
6488615,195000,AZN,2,68.0,14,14,True,False,False,Memar Əcəmi,Bakı,2867.65
5994071,157000,AZN,3,80.0,9,9,True,False,False,Həzi Aslanov,Bakı,1962.5
6488616,87000,AZN,2,42.0,8,10,True,False,False,Masazır,Bakı,2071.43
6447454,225000,AZN,3,80.0,3,5,True,False,False,Bakıxanov,Bakı,2812.5
6406104,157000,AZN,2,52.0,4,14,True,False,False,Xalqlar Dostluğu,Bakı,3019.23
6400093,235000,AZN,3,70.0,3,5,True,False,False,Nəriman Nərimanov,Bakı,3357.14
6240087,173000,AZN,3,65.0,1,5,True,False,False,Elmlər Akademiyası,Bakı,2661.54
6160028,185000,AZN,5,120.0,6,9,True,False,False,Köhnə Günəşli,Bakı,1541.67
6441984,210000,AZN,2,65.0,5,17,True,False,False,Qara Qarayev,Bakı,3230.77
6488604,87000,AZN,1,32.0,6,9,True,False,False,Hövsan,Bakı,2718.75
6320432,235000,AZN,4,105.0,6,10,True,False,False,Xalqlar Dostluğu,Bakı,2238.1
6320429,179000,AZN,3,85.0,3,9,True,False,False,Həzi Aslanov,Bakı,2105.88
6364753,825000,AZN,4,163.0,6,17,True,True,False,Səbail,Bakı,5061.35
6156025,230000,AZN,5,120.0,9,9,True,False,False,Əhmədli,Bakı,1916.67
6069726,225000,AZN,3,80.0,5,9,True,False,False,Xalqlar Dostluğu,Bakı,2812.5
6417080,340000,AZN,4,110.0,3,6,True,False,False,Elmlər Akademiyası,Bakı,3090.91
6419282,121000,AZN,1,45.0,7,9,True,False,False,Əhmədli,Bakı,2688.89
6412169,159000,AZN,2,51.0,4,6,True,False,False,Həzi Aslanov,Bakı,3117.65
6488593,197500,AZN,4,80.0,3,5,True,False,False,Neftçilər,Bakı,2468.75
6236033,170000,AZN,2,70.0,4,16,True,False,False,Xətai,Bakı,2428.57
6488594,645000,AZN,4,136.0,12,15,True,False,False,Nəriman Nərimanov,Bakı,4742.65
6488592,155000,AZN,2,50.0,7,17,True,False,False,Həzi Aslanov,Bakı,3100.0
6488591,198000,AZN,2,49.0,4,5,True,False,False,Nərimanov,Bakı,4040.82
6488589,70000,AZN,2,62.0,12,18,False,False,False,Abşeron,Xırdalan,1129.03
6306098,109000,AZN,2,35.0,5,5,True,False,False,Bakıxanov,Bakı,3114.29
6488587,275000,AZN,2,60.0,4,17,True,False,False,Nəriman Nərimanov,Bakı,4583.33
6488588,565000,AZN,3,145.0,3,12,True,False,False,28 May,Bakı,3896.55
6488584,340000,AZN,2,117.0,4,17,True,False,False,Nəsimi,Bakı,2905.98
6306718,152000,AZN,3,60.0,1,9,True,False,False,Bakıxanov,Bakı,2533.33
6061123,265000,AZN,2,86.0,14,14,True,False,False,Qara Qarayev,Bakı,3081.4
6239558,225000,AZN,5,120.0,3,9,True,False,False,Qaraçuxur,Bakı,1875.0
6312386,265000,AZN,3,110.0,8,16,True,False,False,Həzi Aslanov,Bakı,2409.09
6404106,288000,AZN,3,106.0,2,14,True,False,False,Qara Qarayev,Bakı,2716.98
6354784,270000,AZN,3,80.0,16,17,True,False,False,Elmlər Akademiyası,Bakı,3375.0
6488576,208000,AZN,3,74.0,16,18,True,False,False,İnşaatçılar,Bakı,2810.81
6393148,140000,AZN,2,50.0,5,5,True,False,False,Nəsimi,Bakı,2800.0
6299003,182000,AZN,3,85.0,1,9,True,False,False,Köhnə Günəşli,Bakı,2141.18
6488430,179000,AZN,2,60.0,3,10,True,False,False,Xalqlar Dostluğu,Bakı,2983.33
6389640,229000,AZN,3,61.0,4,9,True,False,False,Nərimanov,Bakı,3754.1
6405311,336000,AZN,3,110.0,11,13,False,False,False,Azadlıq Prospekti,Bakı,3054.55
6301994,275000,AZN,5,125.0,6,9,True,False,False,Azadlıq Prospekti,Bakı,2200.0
6488577,187000,AZN,3,60.0,3,5,True,False,False,Neftçilər,Bakı,3116.67
5817160,235000,AZN,4,105.0,8,9,True,False,False,Əhmədli,Bakı,2238.1
6488568,255000,AZN,3,80.0,1,20,True,False,False,20 Yanvar,Bakı,3187.5
6488574,230000,AZN,2,47.0,3,6,True,False,False,Elmlər Akademiyası,Bakı,4893.62
6488572,188000,AZN,2,55.0,12,19,True,False,False,İnşaatçılar,Bakı,3418.18
6488573,149000,AZN,3,60.0,1,5,True,False,False,Xətai,Bakı,2483.33
6488570,265000,AZN,2,51.0,7,16,True,False,False,Nəsimi,Bakı,5196.08
6458968,285000,AZN,2,65.0,19,27,True,False,False,8 Noyabr,Bakı,4384.62
6488566,313000,AZN,3,118.0,12,12,False,False,False,Dərnəgül,Bakı,2652.54
6463167,218000,AZN,2,79.0,2,17,True,False,False,Qara Qarayev,Bakı,2759.49
6488559,220000,AZN,3,67.7,3,3,True,False,False,Nəsimi,Bakı,3249.63
6402804,175000,AZN,3,85.0,9,9,True,False,False,Neftçilər,Bakı,2058.82
6488564,175000,AZN,2,65.0,8,9,True,False,False,Xalqlar Dostluğu,Bakı,2692.31
6386328,187000,AZN,3,70.0,3,5,True,False,False,Neftçilər,Bakı,2671.43
5890399,325000,AZN,3,137.0,4,18,False,False,False,Badamdar,Bakı,2372.26
6488555,450000,AZN,4,202.0,7,12,True,False,False,Gənclik,Bakı,2227.72
6488554,395000,AZN,2,73.0,2,6,True,False,False,Ağ şəhər,Bakı,5410.96
6392441,370000,AZN,4,131.0,5,17,,False,False,Nərimanov,Bakı,2824.43
6488549,240000,AZN,3,88.0,4,19,True,False,False,Həzi Aslanov,Bakı,2727.27
6488551,259000,AZN,3,90.0,10,14,True,False,False,Neftçilər,Bakı,2877.78
6488548,650000,AZN,4,195.0,4,14,False,False,False,Nəsimi,Bakı,3333.33
6488547,205000,AZN,2,79.0,2,13,True,False,False,İnşaatçılar,Bakı,2594.94
6488543,625000,AZN,3,134.0,3,8,False,False,False,Ağ şəhər,Bakı,4664.18
6488545,260000,AZN,3,75.0,3,5,True,False,False,28 May,Bakı,3466.67
6304499,190000,AZN,3,90.0,5,9,True,False,False,Memar Əcəmi,Bakı,2111.11
6401651,370000,AZN,4,131.0,5,15,False,False,False,28 May,Bakı,2824.43
6445151,137000,AZN,3,76.0,3,7,True,False,False,Hövsan,Bakı,1802.63
6163299,175000,AZN,3,70.0,2,5,True,False,False,Xalqlar Dostluğu,Bakı,2500.0
6488539,165000,AZN,1,53.0,6,15,True,False,False,Xalqlar Dostluğu,Bakı,3113.21
6323166,140000,AZN,2,60.0,2,5,True,False,False,Əhmədli,Bakı,2333.33
6380318,249000,AZN,3,110.0,12,17,True,False,False,Həzi Aslanov,Bakı,2263.64
6488532,186000,AZN,2,85.0,3,17,True,False,False,Əhmədli,Bakı,2188.24
6199825,230000,AZN,3,122.0,11,16,True,False,False,Köhnə Günəşli,Bakı,1885.25
6454282,395000,AZN,3,105.0,18,19,True,False,False,Nəriman Nərimanov,Bakı,3761.9
6488526,646000,AZN,3,145.0,14,18,True,False,False,Gənclik,Bakı,4455.17
6488522,255000,AZN,3,75.0,1,17,True,False,False,20 Yanvar,Bakı,3400.0
6368849,265000,AZN,3,115.0,2,19,True,False,False,İnşaatçılar,Bakı,2304.35
6488515,205000,AZN,3,75.0,9,9,True,False,False,Həzi Aslanov,Bakı,2733.33
6488520,258000,AZN,2,60.0,4,5,True,False,False,Nəriman Nərimanov,Bakı,4300.0
6344717,208000,AZN,3,73.0,16,18,True,False,False,İnşaatçılar,Bakı,2849.32
6488518,212000,AZN,3,87.0,1,12,True,False,False,Yeni Günəşli,Bakı,2436.78
6488517,105000,AZN,2,42.0,2,5,True,False,False,Binəqədi,Bakı,2500.0
6488513,230000,AZN,3,85.0,5,5,True,False,False,Həzi Aslanov,Bakı,2705.88
6488514,268000,AZN,3,115.0,16,17,True,False,False,İnşaatçılar,Bakı,2330.43
6405963,169000,AZN,3,70.0,1,9,True,False,False,Xalqlar Dostluğu,Bakı,2414.29
6488509,240000,AZN,5,120.0,5,9,True,False,False,Əhmədli,Bakı,2000.0
6465284,159000,AZN,2,56.0,4,5,True,False,False,Memar Əcəmi,Bakı,2839.29
6488507,115000,AZN,2,55.0,3,8,True,False,False,Masazır,Bakı,2090.91
6488505,260000,AZN,3,85.0,6,9,True,False,False,28 May,Bakı,3058.82
6488508,112000,AZN,2,40.0,4,5,True,False,False,Suraxanı,Bakı,2800.0
6484022,150000,AZN,2,60.0,2,5,True,False,False,İnşaatçılar,Bakı,2500.0
6488506,305000,AZN,3,70.0,8,12,True,False,False,28 May,Bakı,4357.14
6310225,198000,AZN,3,98.0,1,16,True,False,False,Massiv D,Bakı,2020.41
6488504,165000,AZN,1,79.0,4,17,True,False,False,Əhmədli,Bakı,2088.61
6385634,340000,AZN,2,102.0,10,17,True,False,False,Nəsimi,Bakı,3333.33
6051907,358680,AZN,3,146.4,9,17,False,False,False,Koroğlu,Bakı,2450.0
5682908,940000,AZN,4,205.0,14,20,False,False,False,Nizami,Bakı,4585.37
6488502,146000,AZN,3,80.0,9,9,True,False,False,Həzi Aslanov,Bakı,1825.0
5659712,555000,AZN,4,130.0,10,15,True,False,False,Nəriman Nərimanov,Bakı,4269.23
4946004,813000,AZN,3,210.0,4,18,False,False,False,Nəsimi,Bakı,3871.43
6163327,1128000,AZN,4,248.0,16,17,False,False,False,Nəsimi,Bakı,4548.39
6389725,155000,AZN,2,54.0,17,17,True,False,False,Nəriman Nərimanov,Bakı,2870.37
6163345,1210000,AZN,5,295.0,4,18,False,False,False,Nəsimi,Bakı,4101.69
6436607,172000,AZN,2,65.0,6,9,True,False,False,Həzi Aslanov,Bakı,2646.15
6163336,1913000,AZN,6,430.0,10,18,False,False,False,Nəsimi,Bakı,4448.84
6320944,300000,AZN,3,100.0,4,16,True,False,False,Xalqlar Dostluğu,Bakı,3000.0
5902267,250000,AZN,4,107.0,14,18,True,False,False,İnşaatçılar,Bakı,2336.45
6488499,265000,AZN,3,85.0,4,9,True,False,False,Elmlər Akademiyası,Bakı,3117.65
6220358,179500,AZN,3,75.0,5,5,True,False,False,Neftçilər,Bakı,2393.33
6488495,450000,AZN,3,162.0,15,18,True,False,False,28 May,Bakı,2777.78
6369064,240000,AZN,3,115.0,12,19,True,False,False,Yeni Yasamal,Bakı,2086.96
6404844,179000,AZN,2,80.0,12,13,True,False,False,Xətai,Bakı,2237.5
6488494,430000,AZN,3,108.0,4,15,True,False,False,Nəsimi,Bakı,3981.48
6400870,235000,AZN,2,60.0,3,7,True,False,False,Sea Breeze,Bakı,3916.67
6461960,387000,AZN,4,129.0,5,15,False,False,False,İnşaatçılar,Bakı,3000.0
6345617,289000,AZN,3,100.0,15,20,True,False,False,Həzi Aslanov,Bakı,2890.0
6488487,318000,AZN,3,130.0,11,19,True,False,False,Nəriman Nərimanov,Bakı,2446.15
6441548,280000,AZN,3,105.0,16,17,True,False,False,Azadlıq Prospekti,Bakı,2666.67
6460732,133000,AZN,2,66.0,7,9,True,False,False,Qaraçuxur,Bakı,2015.15
6293610,280000,AZN,3,70.0,9,10,True,False,False,28 May,Bakı,4000.0
5876616,355000,AZN,3,100.0,4,5,True,False,False,Nəsimi,Bakı,3550.0
6488481,165000,AZN,2,55.0,14,20,True,False,False,Həzi Aslanov,Bakı,3000.0
6488479,155000,AZN,2,40.0,2,9,True,False,False,Elmlər Akademiyası,Bakı,3875.0
6488474,198000,AZN,4,75.0,3,5,True,False,False,Nizami,Bakı,2640.0
6488475,390000,AZN,4,155.0,18,20,True,False,False,İnşaatçılar,Bakı,2516.13
6488469,205000,AZN,3,85.0,9,9,True,False,False,Həzi Aslanov,Bakı,2411.76
6488472,195000,AZN,2,60.0,14,17,True,False,False,Memar Əcəmi,Bakı,3250.0
6488468,550000,AZN,3,176.0,14,22,True,False,False,Nizami,Bakı,3125.0
6488460,649500,AZN,4,210.0,11,17,True,False,False,Elmlər Akademiyası,Bakı,3092.86
6488462,198000,AZN,2,65.0,14,17,True,False,False,Həzi Aslanov,Bakı,3046.15
6408951,94000,AZN,3,60.0,3,14,True,False,False,Masazır,Bakı,1566.67
6488467,209000,AZN,2,78.0,2,13,True,False,False,İnşaatçılar,Bakı,2679.49
6488466,145000,AZN,1,50.0,3,9,True,False,False,Azadlıq Prospekti,Bakı,2900.0
6135323,305000,AZN,2,68.0,4,17,True,False,False,Elmlər Akademiyası,Bakı,4485.29
6488465,280000,AZN,3,100.0,11,17,True,False,False,Yasamal,Bakı,2800.0
6212072,570000,AZN,3,163.0,8,16,True,False,False,Elmlər Akademiyası,Bakı,3496.93
6095481,155000,AZN,3,82.0,2,2,True,False,False,Sahil,Bakı,1890.24
6488456,240000,AZN,3,100.0,6,9,True,False,False,Elmlər Akademiyası,Bakı,2400.0
6488461,198000,AZN,2,50.0,4,5,True,False,False,Nərimanov,Bakı,3960.0
6488457,185000,AZN,3,75.0,3,9,True,False,False,Biləcəri,Bakı,2466.67
6488453,149000,AZN,2,55.0,3,20,True,False,False,Həzi Aslanov,Bakı,2709.09
6488450,296000,AZN,3,100.0,12,17,True,False,False,20 Yanvar,Bakı,2960.0
6447150,80000,AZN,1,41.0,2,7,True,False,False,Masazır,Bakı,1951.22
6488449,399000,AZN,3,150.0,9,16,True,False,False,Nəsimi,Bakı,2660.0
5989818,483000,AZN,3,210.0,13,20,False,False,False,28 May,Bakı,2300.0
6488443,142000,AZN,1,37.0,4,5,True,False,False,Nəriman Nərimanov,Bakı,3837.84
6488426,470000,AZN,4,170.0,14,16,True,False,False,Nəriman Nərimanov,Bakı,2764.71
6460020,138000,AZN,2,44.0,4,9,True,False,False,Həzi Aslanov,Bakı,3136.36
6488407,126000,AZN,2,70.0,12,15,False,False,False,Binəqədi,Bakı,1800.0
6488431,210000,AZN,3,73.0,17,20,True,False,False,Nəsimi,Bakı,2876.71
6488428,290000,AZN,3,102.0,8,16,True,False,False,Həzi Aslanov,Bakı,2843.14
6488427,220000,AZN,1,51.0,6,16,True,False,False,28 May,Bakı,4313.73
6244319,289000,AZN,3,90.0,11,15,True,False,False,Həzi Aslanov,Bakı,3211.11
6488423,165000,AZN,2,65.0,9,9,True,False,False,Neftçilər,Bakı,2538.46
6478304,238000,AZN,3,90.0,5,5,True,False,False,Nəriman Nərimanov,Bakı,2644.44
6317564,280000,AZN,3,85.0,2,3,True,False,False,8 Noyabr,Bakı,3294.12
6488422,186000,AZN,2,80.0,3,17,True,False,False,Əhmədli,Bakı,2325.0
6488408,205000,AZN,3,76.0,9,20,True,False,False,İnşaatçılar,Bakı,2697.37
6488416,184000,AZN,3,90.0,3,5,True,False,False,Xalqlar Dostluğu,Bakı,2044.44
6029242,315000,AZN,3,106.0,6,25,False,False,False,Şah İsmayıl Xətai,Bakı,2971.7
6488410,220000,AZN,4,110.0,4,5,True,False,False,Həzi Aslanov,Bakı,2000.0
6367244,590000,AZN,4,202.0,8,25,False,False,False,Şah İsmayıl Xətai,Bakı,2920.79
6488406,359000,AZN,3,140.0,8,18,True,False,False,İnşaatçılar,Bakı,2564.29
6335983,293000,AZN,3,105.0,14,15,False,False,False,Azadlıq Prospekti,Bakı,2790.48
5342111,385000,AZN,4,250.0,8,11,True,False,False,Bakıxanov,Bakı,1540.0
6120114,199000,AZN,2,74.0,11,17,False,False,False,Nərimanov,Bakı,2689.19
6326269,555000,AZN,3,108.0,3,7,True,False,False,Ağ şəhər,Bakı,5138.89
5663814,290000,AZN,2,91.0,5,18,True,False,False,Elmlər Akademiyası,Bakı,3186.81
6488291,200000,AZN,1,58.0,7,7,True,False,False,Sea Breeze,Bakı,3448.28
5838106,550000,AZN,3,119.0,6,6,True,False,False,Ağ şəhər,Bakı,4621.85
6456045,155000,AZN,2,60.0,5,9,True,False,False,Həzi Aslanov,Bakı,2583.33
6444405,290000,AZN,3,94.0,8,17,True,False,False,Xalqlar Dostluğu,Bakı,3085.11
5963549,360000,AZN,2,50.0,4,7,True,False,False,Ağ şəhər,Bakı,7200.0
6488403,210000,AZN,3,75.4,3,10,True,False,False,Əhmədli,Bakı,2785.15
6488401,550000,AZN,3,178.0,8,17,True,False,False,28 May,Bakı,3089.89
6241459,156000,AZN,2,63.0,5,6,True,False,False,Həzi Aslanov,Bakı,2476.19
6488394,150000,AZN,1,45.0,4,9,True,False,False,Nəriman Nərimanov,Bakı,3333.33
6028539,710000,AZN,4,148.0,2,7,False,False,False,Ağ şəhər,Bakı,4797.3
6488400,670000,AZN,5,272.0,5,16,False,False,False,Nəsimi,Bakı,2463.24
6488396,290000,AZN,3,100.0,11,16,True,False,False,Nizami,Bakı,2900.0
6488399,236300,AZN,2,51.0,8,9,True,False,False,İnşaatçılar,Bakı,4633.33
6488398,142000,AZN,1,40.0,3,9,True,False,False,8-ci mikrorayon,Bakı,3550.0
6488395,118000,AZN,2,50.0,3,3,True,False,False,28 May,Bakı,2360.0
6488392,832000,AZN,4,208.0,3,10,False,False,False,Nizami,Bakı,4000.0
6307726,169000,AZN,3,70.0,9,16,True,False,False,Yeni Günəşli,Bakı,2414.29
6488381,265000,AZN,3,85.0,4,9,True,False,False,Elmlər Akademiyası,Bakı,3117.65
6402651,399000,AZN,3,100.0,3,4,True,False,False,Sahil,Bakı,3990.0
6488376,450000,AZN,3,160.0,17,18,True,False,False,Nərimanov,Bakı,2812.5
6488377,215000,AZN,3,85.0,2,9,True,False,False,Həzi Aslanov,Bakı,2529.41
6429935,240000,AZN,3,75.0,5,5,True,False,False,Elmlər Akademiyası,Bakı,3200.0
6488373,23000,AZN,1,70.0,6,14,True,False,False,Saray,Sumqayıt,328.57
6488374,125000,AZN,2,40.0,2,2,True,False,False,28 May,Bakı,3125.0
6401479,158000,AZN,2,55.0,5,5,True,False,False,Nəriman Nərimanov,Bakı,2872.73
6488370,350000,AZN,2,78.0,5,16,True,False,False,Şah İsmayıl Xətai,Bakı,4487.18
6488369,200000,AZN,3,80.0,5,15,False,False,False,Azadlıq Prospekti,Bakı,2500.0
6488368,155000,AZN,3,57.0,1,2,True,False,False,Azadlıq Prospekti,Bakı,2719.3
6315070,667000,AZN,5,208.5,5,5,False,False,False,Nardaran,Bakı,3199.04
6126517,850000,AZN,2,116.0,3,5,True,False,False,Nardaran,Bakı,7327.59
6315626,850000,AZN,3,190.0,7,20,True,False,False,Şah İsmayıl Xətai,Bakı,4473.68
6488362,265000,AZN,3,60.0,3,5,True,False,False,Nəriman Nərimanov,Bakı,4416.67
6396776,205000,AZN,3,80.0,9,9,True,False,False,Həzi Aslanov,Bakı,2562.5
6045082,618000,AZN,3,112.4,3,8,False,False,False,Şah İsmayıl Xətai,Bakı,5498.22
6027742,998000,AZN,4,247.0,10,17,True,False,False,Elmlər Akademiyası,Bakı,4040.49
4661001,465000,AZN,2,93.2,14,17,False,False,False,Gənclik,Bakı,4989.27
4661040,690000,AZN,3,143.9,15,17,False,False,False,Gənclik,Bakı,4795.0
6285470,554000,AZN,4,127.0,10,15,True,False,False,Nəriman Nərimanov,Bakı,4362.2
5997563,420000,AZN,3,176.0,14,16,True,False,False,Əhmədli,Bakı,2386.36
6488359,395000,AZN,3,90.0,7,16,True,False,False,Nəsimi,Bakı,4388.89
6488360,299000,AZN,2,80.0,9,17,True,False,False,Nərimanov,Bakı,3737.5
6290071,578000,AZN,3,126.0,6,6,True,False,False,Şah İsmayıl Xətai,Bakı,4587.3
5978268,689000,AZN,5,272.0,5,16,False,False,False,Gənclik,Bakı,2533.09
6488358,245000,AZN,3,114.0,5,5,True,False,False,Nəriman Nərimanov,Bakı,2149.12
4661138,1362500,AZN,5,272.5,14,17,False,False,False,Gənclik,Bakı,5000.0
5984673,289000,AZN,2,71.5,16,16,True,False,False,Koroğlu,Bakı,4041.96
6349861,415000,AZN,2,60.0,3,6,True,False,False,Ağ şəhər,Bakı,6916.67
6485675,203000,AZN,1,57.0,7,7,True,False,False,Sea Breeze,Bakı,3561.4
6488348,265000,AZN,2,51.0,7,16,True,False,False,Nəsimi,Bakı,5196.08
6488353,50000,AZN,2,63.0,6,6,False,False,False,Masazır,Bakı,793.65
6488350,217000,AZN,2,82.0,14,16,True,False,False,Əhmədli,Bakı,2646.34
6272857,490000,AZN,4,196.0,5,16,False,False,False,Nəriman Nərimanov,Bakı,2500.0
6488349,225000,AZN,2,88.0,2,17,True,False,False,Həzi Aslanov,Bakı,2556.82
6488347,193800,AZN,2,60.0,6,9,True,False,False,Əhmədli,Bakı,3230.0
6488346,241468,AZN,3,72.8,1,14,False,False,False,Yasamal,Bakı,3316.87
6334989,275000,AZN,3,90.0,4,5,True,False,False,Nəriman Nərimanov,Bakı,3055.56
6488345,205000,AZN,2,76.0,9,21,True,False,False,İnşaatçılar,Bakı,2697.37
6488333,162000,AZN,2,54.0,3,5,True,False,False,Həzi Aslanov,Bakı,3000.0
6464993,160000,AZN,1,60.0,7,10,True,False,False,Nəriman Nərimanov,Bakı,2666.67
6488342,303000,AZN,3,86.3,9,16,True,False,False,Qara Qarayev,Bakı,3511.01
6390900,243000,AZN,4,100.0,4,9,True,False,False,Bakıxanov,Bakı,2430.0
6310113,255000,AZN,3,112.0,16,17,True,False,False,Xalqlar Dostluğu,Bakı,2276.79
6285359,185000,AZN,2,55.0,4,5,True,False,False,Nəriman Nərimanov,Bakı,3363.64
6488337,500000,AZN,3,200.0,6,7,True,False,False,Nizami,Bakı,2500.0
6488341,235000,AZN,3,101.0,14,16,True,False,False,Həzi Aslanov,Bakı,2326.73
6488339,220000,AZN,4,110.0,4,5,True,False,False,Həzi Aslanov,Bakı,2000.0
6334514,148000,AZN,2,45.0,6,9,True,False,False,Nərimanov,Bakı,3288.89
5836561,138000,AZN,2,36.0,2,5,True,False,False,Nəriman Nərimanov,Bakı,3833.33
6461527,145000,AZN,2,60.0,4,5,True,False,False,Elmlər Akademiyası,Bakı,2416.67
6488336,180000,AZN,3,84.0,6,9,True,False,False,Həzi Aslanov,Bakı,2142.86
6281615,195000,AZN,3,75.0,3,5,True,False,False,Nəriman Nərimanov,Bakı,2600.0
6244299,162000,AZN,2,50.0,1,5,True,False,False,Nəriman Nərimanov,Bakı,3240.0
6367485,235000,AZN,3,85.0,2,5,True,False,False,Nəriman Nərimanov,Bakı,2764.71
6420511,144000,AZN,2,65.0,8,9,True,False,False,Qaraçuxur,Bakı,2215.38
6488326,346500,AZN,3,126.0,21,21,True,False,False,Nəriman Nərimanov,Bakı,2750.0
6480139,220000,AZN,3,80.0,3,5,True,False,False,Qara Qarayev,Bakı,2750.0
6488328,450000,AZN,3,136.0,7,16,True,False,False,Elmlər Akademiyası,Bakı,3308.82
6254150,295000,AZN,3,92.0,10,14,True,False,False,Qara Qarayev,Bakı,3206.52
6218281,1000000,AZN,6,352.0,14,16,True,False,False,Nəriman Nərimanov,Bakı,2840.91
6488322,248000,AZN,2,55.0,11,16,True,False,False,Şah İsmayıl Xətai,Bakı,4509.09
6300884,260000,AZN,3,97.0,7,9,True,False,False,Bakıxanov,Bakı,2680.41
6483342,260000,AZN,3,118.0,8,17,True,False,False,Həzi Aslanov,Bakı,2203.39
6479776,650000,AZN,3,121.0,14,17,True,False,False,Elmlər Akademiyası,Bakı,5371.9
5701765,320000,AZN,3,145.0,10,19,False,False,False,Qara Qarayev,Bakı,2206.9
6451269,197000,AZN,2,50.0,5,5,True,False,False,Elmlər Akademiyası,Bakı,3940.0
6098134,615000,AZN,3,119.0,10,17,True,False,False,Elmlər Akademiyası,Bakı,5168.07
6420848,485000,AZN,3,130.0,16,21,True,False,False,Elmlər Akademiyası,Bakı,3730.77
6180735,258000,AZN,2,68.0,4,17,True,False,False,20 Yanvar,Bakı,3794.12
6488321,340000,AZN,2,85.0,3,17,True,False,False,Gənclik,Bakı,4000.0
6488319,185000,AZN,2,65.0,6,9,True,False,False,Həzi Aslanov,Bakı,2846.15
6423166,135000,AZN,1,42.0,5,5,True,False,False,Elmlər Akademiyası,Bakı,3214.29
6488318,120000,AZN,2,42.0,3,3,True,False,False,28 May,Bakı,2857.14
6359343,585000,AZN,3,115.0,13,16,True,False,False,28 May,Bakı,5086.96
6017300,305000,AZN,2,68.0,4,17,True,False,False,Elmlər Akademiyası,Bakı,4485.29
6089298,750000,AZN,6,747.0,17,17,False,False,False,Elmlər Akademiyası,Bakı,1004.02
6488315,299000,AZN,2,60.0,4,18,True,False,False,Şah İsmayıl Xətai,Bakı,4983.33
6488313,200000,AZN,2,51.0,5,15,True,False,False,Qara Qarayev,Bakı,3921.57
6458466,225000,AZN,2,60.0,4,5,True,False,False,Elmlər Akademiyası,Bakı,3750.0
6488311,245000,AZN,3,75.0,3,5,True,False,False,Badamdar,Bakı,3266.67
5748280,52000,AZN,3,75.0,3,3,False,False,False,Masazır,Bakı,693.33
6163464,335000,AZN,2,68.0,7,17,True,False,False,Elmlər Akademiyası,Bakı,4926.47
6146767,140000,AZN,3,85.0,3,5,True,False,False,Hövsan,Bakı,1647.06
6079477,258000,AZN,3,77.0,5,18,True,False,False,20 Yanvar,Bakı,3350.65
6349413,160000,AZN,2,57.0,11,15,True,False,False,İnşaatçılar,Bakı,2807.02
6349315,155000,AZN,2,58.0,8,16,True,False,False,İnşaatçılar,Bakı,2672.41
6135390,445000,AZN,3,120.0,15,19,True,False,False,İnşaatçılar,Bakı,3708.33
6488304,610000,AZN,3,172.0,5,17,True,False,False,Elmlər Akademiyası,Bakı,3546.51
6488303,420000,AZN,3,168.0,7,10,True,False,False,8 Noyabr,Bakı,2500.0
6132883,230000,AZN,3,84.0,6,14,True,False,False,Bakıxanov,Bakı,2738.1
6488301,110000,AZN,2,56.2,10,12,True,False,False,Məmmədli,Bakı,1957.3
6402273,280000,AZN,3,131.0,16,17,True,False,False,20 Yanvar,Bakı,2137.4
6488295,495000,AZN,3,175.0,9,10,True,False,False,Nizami,Bakı,2828.57
6488294,160000,AZN,2,62.0,5,5,True,False,False,Nəriman Nərimanov,Bakı,2580.65
6488292,210000,AZN,5,105.0,8,9,True,False,False,Həzi Aslanov,Bakı,2000.0
6488288,205000,AZN,3,76.0,9,20,True,False,False,İnşaatçılar,Bakı,2697.37
6488287,100000,AZN,3,65.0,3,5,True,False,False,Lökbatan,Bakı,1538.46
6421199,103000,AZN,2,63.0,4,14,True,False,False,Saray,Bakı,1634.92
5971897,195000,AZN,3,110.0,11,19,True,False,False,Bakıxanov,Bakı,1772.73
6478741,225000,AZN,4,100.0,4,5,True,False,False,Xalqlar Dostluğu,Bakı,2250.0
6488284,195000,AZN,2,52.0,14,17,True,False,False,Memar Əcəmi,Bakı,3750.0
6384769,799000,AZN,3,214.7,9,9,True,False,False,Sahil,Bakı,3721.47
6488278,129000,AZN,1,40.0,10,12,True,False,False,İnşaatçılar,Bakı,3225.0
6422826,485000,AZN,5,200.0,3,3,True,False,False,Nizami,Bakı,2425.0
6309086,177000,AZN,2,50.0,7,16,True,False,False,8-ci mikrorayon,Bakı,3540.0
5448137,115000,AZN,2,52.0,1,4,True,False,False,Badamdar,Bakı,2211.54
5840261,680000,AZN,4,202.0,3,14,True,False,False,Nizami,Bakı,3366.34
6005219,170000,AZN,2,60.0,3,20,True,False,False,Yasamal,Bakı,2833.33
6488274,136000,AZN,2,50.0,2,5,True,False,False,20 Yanvar,Bakı,2720.0
5780850,255000,AZN,4,120.0,19,21,True,False,False,İnşaatçılar,Bakı,2125.0
6366808,275000,AZN,4,136.0,12,17,True,False,False,İnşaatçılar,Bakı,2022.06
6126642,127000,AZN,2,40.0,1,9,True,False,False,Nəsimi,Bakı,3175.0
6405259,215000,AZN,3,90.0,8,20,True,False,False,Yeni Yasamal,Bakı,2388.89
6488271,237000,AZN,3,66.0,6,9,True,False,False,Gənclik,Bakı,3590.91
6488268,380000,AZN,3,135.0,15,17,True,False,False,Azadlıq Prospekti,Bakı,2814.81
5865972,250000,AZN,4,107.0,14,18,True,False,False,İnşaatçılar,Bakı,2336.45
5426319,619400,AZN,4,163.0,4,14,False,False,False,Səbail,Bakı,3800.0
6488264,185000,AZN,2,54.0,4,16,True,False,False,Neftçilər,Bakı,3425.93
6377115,225000,AZN,2,65.0,4,5,True,False,False,Elmlər Akademiyası,Bakı,3461.54
6430225,199000,AZN,3,110.0,11,14,True,False,False,Abşeron,Xırdalan,1809.09
6488263,365000,AZN,2,98.0,7,7,True,False,False,Sea Breeze,Bakı,3724.49
6480288,240000,AZN,2,65.0,8,9,True,False,False,8 Noyabr,Bakı,3692.31
6447046,405000,AZN,3,131.0,7,15,True,False,False,İnşaatçılar,Bakı,3091.6
6452607,200000,AZN,2,70.0,12,16,True,False,False,Elmlər Akademiyası,Bakı,2857.14
6488259,105000,AZN,2,44.0,2,2,True,False,False,Bakıxanov,Bakı,2386.36
6488257,215000,AZN,3,65.0,3,17,True,False,False,Neftçilər,Bakı,3307.69
6488254,300000,AZN,2,44.0,6,7,True,False,False,Ağ şəhər,Bakı,6818.18
5943816,510000,AZN,1,79.0,2,5,True,False,False,Sea Breeze,Bakı,6455.7
5823564,2400000,AZN,3,140.0,21,33,False,False,False,28 May,Bakı,17142.86
6319976,333000,AZN,3,111.0,6,15,False,False,False,28 May,Bakı,3000.0
6488251,250000,AZN,3,85.0,11,18,True,False,False,Neftçilər,Bakı,2941.18
6488246,120000,AZN,3,55.0,5,5,True,False,False,Abşeron,Xırdalan,2181.82
6340270,150000,AZN,3,100.0,9,9,True,False,False,Yeni Günəşli,Bakı,1500.0
6488237,420000,AZN,3,140.0,10,14,True,False,False,Yasamal,Bakı,3000.0
6458486,310000,AZN,2,74.0,2,5,True,False,False,Sea Breeze,Bakı,4189.19
4586401,680165,AZN,3,103.7,7,7,True,False,False,Ağ şəhər,Bakı,6558.97
4586269,850425,AZN,3,130.6,3,8,True,False,False,Ağ şəhər,Bakı,6511.68
6488243,950000,AZN,4,216.0,8,19,True,False,False,Elmlər Akademiyası,Bakı,4398.15
4861072,842396,AZN,3,123.7,5,7,True,False,False,Ağ şəhər,Bakı,6809.99
4585715,652474,AZN,3,98.6,8,8,True,False,False,Ağ şəhər,Bakı,6617.38
6446731,348000,AZN,3,86.0,2,4,True,False,False,Sea Breeze,Bakı,4046.51
4586358,720495,AZN,3,101.3,5,7,True,False,False,Ağ şəhər,Bakı,7112.49
4585729,747982,AZN,3,113.5,8,8,True,False,False,Ağ şəhər,Bakı,6590.15
6488242,210000,AZN,2,65.0,14,16,True,False,False,Xətai,Bakı,3230.77
6412193,127000,AZN,2,50.0,2,5,True,False,False,Badamdar,Bakı,2540.0
6488235,179000,AZN,2,52.0,3,10,True,False,False,Xalqlar Dostluğu,Bakı,3442.31
6440599,310000,AZN,2,72.0,1,7,True,False,False,Sea Breeze,Bakı,4305.56
6476707,102000,AZN,2,45.0,12,16,True,False,False,Abşeron,Xırdalan,2266.67
6488232,210000,AZN,2,68.0,14,16,True,False,False,Həzi Aslanov,Bakı,3088.24
6283120,202000,AZN,2,60.0,9,14,True,False,False,Qara Qarayev,Bakı,3366.67
5630592,230000,AZN,3,85.0,5,16,True,False,False,Badamdar,Bakı,2705.88
4249085,204575,AZN,3,83.5,6,14,True,False,False,Zığ,Bakı,2450.0
6488227,429000,AZN,3,135.0,3,16,True,False,False,Qara Qarayev,Bakı,3177.78
6419115,164000,AZN,3,72.0,4,9,True,False,False,Badamdar,Bakı,2277.78
6488214,144000,AZN,2,42.0,1,5,True,False,False,Həzi Aslanov,Bakı,3428.57
6488224,528000,AZN,5,278.0,7,16,False,False,False,8 Noyabr,Bakı,1899.28
6488222,325000,AZN,3,119.0,7,17,True,False,False,İnşaatçılar,Bakı,2731.09
5009524,196560,AZN,3,75.6,14,14,True,False,False,Zığ,Bakı,2600.0
6388747,150000,AZN,3,82.0,1,5,True,False,False,Badamdar,Bakı,1829.27
4591955,218540,AZN,3,89.2,2,14,True,False,False,Zığ,Bakı,2450.0
6488219,460000,AZN,3,131.0,8,16,True,False,False,Gənclik,Bakı,3511.45
6401491,210000,AZN,2,55.0,2,5,True,False,False,Elmlər Akademiyası,Bakı,3818.18
6488218,180000,AZN,2,50.0,4,5,True,False,False,Gənclik,Bakı,3600.0
6322039,220000,AZN,5,157.0,4,9,True,False,False,Hövsan,Bakı,1401.27
6488216,430000,AZN,4,160.0,8,11,True,False,False,Neftçilər,Bakı,2687.5
6162221,175000,AZN,2,48.0,3,9,False,False,False,Gənclik,Bakı,3645.83
4239142,238140,AZN,4,113.4,14,14,False,False,False,Zığ,Bakı,2100.0
4243985,244755,AZN,3,99.9,2,14,True,False,False,Zığ,Bakı,2450.0
4592034,225060,AZN,4,102.3,2,14,False,False,False,Zığ,Bakı,2200.0
4308972,192990,AZN,4,91.9,14,14,False,False,False,Zığ,Bakı,2100.0
5009536,285220,AZN,4,109.7,12,14,True,False,False,Zığ,Bakı,2600.0
5009590,213620,AZN,4,97.1,6,14,False,False,False,Zığ,Bakı,2200.0
6488191,175000,AZN,3,65.0,8,9,False,False,False,Qara Qarayev,Bakı,2692.31
5009607,158620,AZN,3,72.1,2,14,False,False,False,Zığ,Bakı,2200.0
6488199,148000,AZN,3,48.0,3,5,True,False,False,Həzi Aslanov,Bakı,3083.33
4234814,213150,AZN,2,87.0,2,14,True,False,False,Zığ,Bakı,2450.0
6488204,139000,AZN,1,50.0,7,9,True,False,False,Nəsimi,Bakı,2780.0
5009504,134420,AZN,2,51.7,13,14,True,False,False,Zığ,Bakı,2600.0
5943763,198380,AZN,3,76.3,13,14,True,False,False,Zığ,Bakı,2600.0
6396500,128000,AZN,3,102.0,13,17,False,False,False,Abşeron,Xırdalan,1254.9
6488195,175000,AZN,3,90.0,4,10,True,False,False,Abşeron,Bakı,1944.44
6462221,179000,AZN,3,65.0,2,9,True,False,False,Həzi Aslanov,Bakı,2753.85
5944538,159000,AZN,3,79.5,11,14,False,False,False,Zığ,Bakı,2000.0
4586317,695557,AZN,3,106.1,8,8,True,False,False,Ağ şəhər,Bakı,6555.67
5944831,119535,AZN,2,61.3,7,14,False,False,False,Zığ,Bakı,1950.0
4586286,684521,AZN,3,103.6,7,7,True,False,False,Ağ şəhər,Bakı,6607.35
4586375,666583,AZN,2,99.5,8,8,True,False,False,Ağ şəhər,Bakı,6699.33
4586328,783814,AZN,3,116.1,7,7,True,False,False,Ağ şəhər,Bakı,6751.2
4587147,115060,AZN,2,52.3,13,14,False,False,False,Zığ,Bakı,2200.0
4585620,775112,AZN,3,110.9,7,8,True,False,False,Ağ şəhər,Bakı,6989.29
4586301,678888,AZN,3,104.0,8,8,True,False,False,Ağ şəhər,Bakı,6527.77
4585602,744615,AZN,3,110.9,7,7,True,False,False,Ağ şəhər,Bakı,6714.29
5009668,274000,AZN,4,109.6,9,14,True,False,False,Zığ,Bakı,2500.0
6488194,150000,AZN,1,55.0,9,19,True,False,False,Əhmədli,Bakı,2727.27
4362102,655294,AZN,2,100.3,8,8,True,False,False,Ağ şəhər,Bakı,6533.34
6403197,156000,AZN,2,88.0,7,16,False,False,False,Suraxanı,Bakı,1772.73
4586343,636318,AZN,2,100.8,7,7,True,False,False,Ağ şəhər,Bakı,6312.68
6402534,770000,AZN,4,256.0,14,16,False,False,False,28 May,Bakı,3007.81
6320871,265000,AZN,3,100.0,9,9,True,False,False,Elmlər Akademiyası,Bakı,2650.0
6488190,450000,AZN,4,202.0,7,12,True,False,False,Nərimanov,Bakı,2227.72
4585768,635130,AZN,3,91.2,8,8,True,False,False,Ağ şəhər,Bakı,6964.14
4586389,704396,AZN,3,106.7,8,8,True,False,False,Ağ şəhər,Bakı,6601.65
6318296,440000,AZN,3,135.0,2,10,True,False,False,Elmlər Akademiyası,Bakı,3259.26
6236779,597000,AZN,4,200.0,8,17,False,False,False,Elmlər Akademiyası,Bakı,2985.0
6488187,140000,AZN,3,85.0,3,5,True,False,False,Hövsan,Bakı,1647.06
6488186,495000,AZN,3,175.0,9,10,True,False,False,Nizami,Bakı,2828.57
6488180,330000,AZN,3,120.0,6,16,True,False,False,Elmlər Akademiyası,Bakı,2750.0
5838057,220000,AZN,2,54.0,7,14,True,False,False,Nərimanov,Bakı,4074.07
6488181,299000,AZN,3,73.0,18,18,True,False,False,Bakmil,Bakı,4095.89
4362120,673755,AZN,2,102.4,7,7,True,False,False,Ağ şəhər,Bakı,6579.64
4585788,847396,AZN,3,123.7,6,8,True,False,False,Ağ şəhər,Bakı,6850.41
6488177,193800,AZN,2,65.0,6,9,True,False,False,Əhmədli,Bakı,2981.54
6487766,155000,AZN,2,55.0,1,9,True,False,False,Sabunçu,Bakı,2818.18
6488164,295000,AZN,3,100.0,12,17,True,False,False,Nəsimi,Bakı,2950.0
6382073,100200,AZN,1,30.0,1,3,True,False,False,İçəri Şəhər,Bakı,3340.0
6481606,205000,AZN,2,85.0,7,17,True,False,False,Həzi Aslanov,Bakı,2411.76
6482535,240000,AZN,2,88.0,4,19,True,False,False,Xətai,Bakı,2727.27
6476597,210000,AZN,2,65.0,14,15,True,False,False,Həzi Aslanov,Bakı,3230.77
6488169,265000,AZN,3,85.0,4,9,True,False,False,Elmlər Akademiyası,Bakı,3117.65
6488163,395000,AZN,3,140.0,5,18,True,False,False,Nəriman Nərimanov,Bakı,2821.43
6458425,215000,AZN,3,80.0,8,9,True,False,False,Bakıxanov,Bakı,2687.5
6488158,280000,AZN,4,120.0,5,9,True,False,False,Səbail,Bakı,2333.33
5716551,183000,AZN,2,55.0,9,15,True,False,False,Həzi Aslanov,Bakı,3327.27
6488159,225000,AZN,4,90.0,6,9,True,False,False,Həzi Aslanov,Bakı,2500.0
6404381,187000,AZN,2,68.0,4,9,True,False,False,Əhmədli,Bakı,2750.0
6448074,155000,AZN,2,53.0,2,17,True,False,False,Nərimanov,Bakı,2924.53
6488153,189000,AZN,3,72.0,4,16,True,False,False,Əhmədli,Bakı,2625.0
6488152,415000,AZN,4,168.0,13,17,True,False,False,Neftçilər,Bakı,2470.24
6084173,240000,AZN,2,89.0,3,12,True,False,False,Əhmədli,Bakı,2696.63
6488148,1030000,AZN,5,206.0,6,7,False,False,False,Ağ şəhər,Bakı,5000.0
6488146,115000,AZN,2,45.0,1,4,True,False,False,Həzi Aslanov,Bakı,2555.56
6323691,228000,AZN,2,75.0,16,17,True,False,False,Azadlıq Prospekti,Bakı,3040.0
6405147,199000,AZN,3,70.0,6,6,True,False,False,Bayıl,Bakı,2842.86
6378551,112000,AZN,2,45.0,1,4,True,False,False,Badamdar,Bakı,2488.89
6256540,600000,AZN,4,260.0,12,19,True,False,False,28 May,Bakı,2307.69
6405146,165000,AZN,3,65.0,1,4,True,False,False,İçəri Şəhər,Bakı,2538.46
6488140,162000,AZN,2,60.0,2,14,True,False,False,Həzi Aslanov,Bakı,2700.0
6263038,278000,AZN,2,82.0,15,18,True,False,False,8-ci mikrorayon,Bakı,3390.24
6488139,220000,AZN,4,100.0,4,5,True,False,False,Həzi Aslanov,Bakı,2200.0
6476648,158000,AZN,2,54.0,5,19,True,False,False,Əhmədli,Bakı,2925.93
6488138,162000,AZN,2,59.0,2,5,True,False,False,Memar Əcəmi,Bakı,2745.76
6488135,450000,AZN,3,135.0,12,17,True,False,False,Nəsimi,Bakı,3333.33
6488133,350000,AZN,3,132.0,2,12,True,False,False,Memar Əcəmi,Bakı,2651.52
6488130,380000,AZN,3,135.0,2,18,True,False,False,Elmlər Akademiyası,Bakı,2814.81
6488118,195000,AZN,2,57.0,3,19,True,False,False,İnşaatçılar,Bakı,3421.05
6459839,365000,AZN,3,110.0,10,16,True,False,False,28 May,Bakı,3318.18
6488126,349000,AZN,3,100.0,14,18,True,False,False,Nəsimi,Bakı,3490.0
6358945,360000,AZN,3,95.0,2,3,True,False,False,Sahil,Bakı,3789.47
6488123,172000,AZN,2,50.0,8,20,True,False,False,20 Yanvar,Bakı,3440.0
6488097,215000,AZN,3,73.0,5,5,True,False,False,İnşaatçılar,Bakı,2945.21
6488124,90000,AZN,2,55.2,3,4,True,False,False,Masazır,Bakı,1630.43
6488122,350000,AZN,4,120.0,2,3,True,False,False,Sahil,Bakı,2916.67
6488104,206000,AZN,3,80.0,8,9,True,False,False,Bakıxanov,Bakı,2575.0
6405020,420000,AZN,4,176.0,14,24,True,False,False,Yasamal,Bakı,2386.36
6488110,340000,AZN,3,130.0,13,17,True,False,False,Şah İsmayıl Xətai,Bakı,2615.38
6488101,145000,AZN,2,43.0,3,5,True,False,False,Memar Əcəmi,Bakı,3372.09
6488088,420000,AZN,3,106.0,6,27,True,False,False,20 Yanvar,Bakı,3962.26
6488091,214366,AZN,2,64.0,7,16,True,False,False,Yasamal,Bakı,3349.47
6488092,270000,AZN,1,60.0,12,20,False,False,False,Ağ şəhər,Bakı,4500.0
6488095,125000,AZN,2,80.0,17,17,True,False,False,Əhmədli,Bakı,1562.5
6488094,160000,AZN,2,56.0,19,20,True,False,False,Əhmədli,Bakı,2857.14
6180914,520000,AZN,3,130.0,9,16,True,False,False,Nəriman Nərimanov,Bakı,4000.0
6405186,135000,AZN,3,82.0,10,11,True,False,False,Masazır,Bakı,1646.34
6488087,120000,AZN,2,42.0,3,3,True,False,False,28 May,Bakı,2857.14
6488085,320000,AZN,3,110.0,12,17,True,False,False,Qara Qarayev,Bakı,2909.09
6459018,112000,AZN,2,70.0,6,10,True,False,False,Abşeron,Xırdalan,1600.0
6488078,106000,AZN,1,23.0,4,6,True,False,False,Elmlər Akademiyası,Bakı,4608.7
6488072,220000,AZN,3,77.0,15,15,True,False,False,İnşaatçılar,Bakı,2857.14
6163861,180000,AZN,2,55.0,1,5,True,False,False,Şah İsmayıl Xətai,Bakı,3272.73
6488077,700000,AZN,8,800.0,17,18,False,False,False,Elmlər Akademiyası,Bakı,875.0
6488076,169000,AZN,3,85.0,3,5,True,False,False,Memar Əcəmi,Bakı,1988.24
6488073,166000,AZN,2,45.0,9,9,True,False,False,Həzi Aslanov,Bakı,3688.89
6308854,208000,AZN,3,75.0,16,18,True,False,False,İnşaatçılar,Bakı,2773.33
6488066,125000,AZN,2,43.0,17,17,True,False,False,Əhmədli,Bakı,2906.98
6488068,150000,AZN,1,35.0,1,5,True,False,False,Memar Əcəmi,Bakı,4285.71
6488064,136000,AZN,2,46.0,5,5,True,False,False,Xalqlar Dostluğu,Bakı,2956.52
6488067,293000,AZN,3,50.0,3,3,True,False,False,Sahil,Bakı,5860.0
6488063,248000,AZN,2,60.0,11,16,True,False,False,Şah İsmayıl Xətai,Bakı,4133.33
6488062,127000,AZN,1,36.0,4,9,True,False,False,Həzi Aslanov,Bakı,3527.78
6488061,332000,AZN,2,114.0,14,18,True,False,False,Nərimanov,Bakı,2912.28
